!Copyright (C) 1991-2013 Altera Corporation
!Your use of Altera Corporation's design tools, logic functions 
!and other software and tools, and its AMPP partner logic 
!functions, and any output files from any of the foregoing 
!(including device programming or simulation files), and any 
!associated documentation or information are expressly subject 
!to the terms and conditions of the Altera Program License 
!Subscription Agreement, Altera MegaCore Function License 
!Agreement, or other applicable license agreement, including, 
!without limitation, that your use is for the sole purpose of 
!programming logic devices manufactured by Altera and sold by 
!Altera or its authorized distributors.  Please refer to the 
!applicable agreement for further details.
!
!Quartus II SVF converter 13.0
!
!Device #1: EPM7128S - /Repos/TimeDisk/cpld/output_files/TimeDisk.pof Tue May 14 02:45:17 2024
!
!NOTE "USERCODE" "0000FFFF";
!
!NOTE "CHECKSUM" "001A0EB3";
!
!
!
!
!
!
TRST ABSENT;
ENDDR IDLE;
ENDIR IRPAUSE;
STATE IDLE;
SIR 10 TDI (071);
RUNTEST IDLE 1003 TCK ENDSTATE IDLE;
!
!
!
!CHECKING SILICON ID
!
!
!
SIR 10 TDI (01E);
RUNTEST 8 TCK;
SDR 273 TDI (100000000000000000000000000000000000000000800000000000000000000000000);
SIR 10 TDI (012);
RUNTEST 8 TCK;
SIR 10 TDI (016);
RUNTEST 8 TCK;
SDR 320 TDI (84210842108421084210842108421084210842108421084210842108421084210842108421084210);
SIR 10 TDI (01A);
RUNTEST 8 TCK;
SDR 320 TDI (84210842108421084210842108421084210842108421084210842108421084210842108421084210);
SIR 10 TDI (03A);
RUNTEST 18 TCK;
SIR 10 TDI (022);
RUNTEST 8 TCK;
SDR 64 TDI (FFFFFFFFFFFFFFFF) TDO (000052415445414C) MASK (0000FFFFFFFFFFFF);
SIR 10 TDI (016);
RUNTEST 8 TCK;
SDR 320 TDI (42108421084210842108421084210842108421084210842108421084210842108421084210842108);
SIR 10 TDI (03A);
RUNTEST 18 TCK;
SIR 10 TDI (022);
RUNTEST 8 TCK;
SDR 64 TDI (FFFFFFFFFFFFFFFF) TDO (0000000000000000) MASK (0000000000000000);
SIR 10 TDI (016);
RUNTEST 8 TCK;
SDR 320 TDI (21084210842108421084210842108421084210842108421084210842108421084210842108421084);
SIR 10 TDI (03A);
RUNTEST 18 TCK;
SIR 10 TDI (022);
RUNTEST 8 TCK;
SDR 64 TDI (FFFFFFFFFFFFFFFF) TDO (0000000000000000) MASK (0000000000000000);
SIR 10 TDI (016);
RUNTEST 8 TCK;
SDR 320 TDI (10842108421084210842108421084210842108421084210842108421084210842108421084210842);
SIR 10 TDI (03A);
RUNTEST 18 TCK;
SIR 10 TDI (022);
RUNTEST 8 TCK;
SDR 64 TDI (FFFFFFFFFFFFFFFF) TDO (0000000000000000) MASK (0000000000000000);
SIR 10 TDI (016);
RUNTEST 8 TCK;
SDR 320 TDI (08421084210842108421084210842108421084210842108421084210842108421084210842108421);
SIR 10 TDI (03A);
RUNTEST 18 TCK;
SIR 10 TDI (022);
RUNTEST 8 TCK;
SDR 64 TDI (FFFFFFFFFFFFFFFF) TDO (0000000000000000) MASK (0000000000000000);
SIR 10 TDI (03A);
RUNTEST 18 TCK;
SIR 10 TDI (026);
RUNTEST 8 TCK;
SDR 64 TDI (FFFFFFFFFFFFFFFF) TDO (0010000000000000) MASK (0008000000000000);
SIR 10 TDI (01A);
RUNTEST 8 TCK;
SDR 320 TDI (42108421084210842108421084210842108421084210842108421084210842108421084210842108);
SIR 10 TDI (03A);
RUNTEST 18 TCK;
SIR 10 TDI (026);
RUNTEST 8 TCK;
SDR 64 TDI (FFFFFFFFFFFFFFFF) TDO (0000000000000000) MASK (0000000000000000);
SIR 10 TDI (01A);
RUNTEST 8 TCK;
SDR 320 TDI (21084210842108421084210842108421084210842108421084210842108421084210842108421084);
SIR 10 TDI (03A);
RUNTEST 18 TCK;
SIR 10 TDI (026);
RUNTEST 8 TCK;
SDR 64 TDI (FFFFFFFFFFFFFFFF) TDO (0000000000000000) MASK (0000000000000000);
SIR 10 TDI (01A);
RUNTEST 8 TCK;
SDR 320 TDI (10842108421084210842108421084210842108421084210842108421084210842108421084210842);
SIR 10 TDI (03A);
RUNTEST 18 TCK;
SIR 10 TDI (026);
RUNTEST 8 TCK;
SDR 64 TDI (FFFFFFFFFFFFFFFF) TDO (0000000000000000) MASK (0000000000000000);
SIR 10 TDI (01A);
RUNTEST 8 TCK;
SDR 320 TDI (08421084210842108421084210842108421084210842108421084210842108421084210842108421);
SIR 10 TDI (03A);
RUNTEST 18 TCK;
SIR 10 TDI (026);
RUNTEST 8 TCK;
SDR 64 TDI (FFFFFFFFFFFFFFFF) TDO (0000000000000000) MASK (0000000000000000);
!
!
!
!BULK ERASE
!
!
!
SIR 10 TDI (012);
RUNTEST 8 TCK;
SIR 10 TDI (01E);
RUNTEST 8 TCK;
SDR 273 TDI (1FFFFFFFFFFFFFFFFFFFFFFFFFFFFFFFFFFFFFFFFFFFFFFFFFFFFFFFFFFFFFFFFFFFF);
SIR 10 TDI (006);
RUNTEST 8 TCK;
SIR 10 TDI (00E);
RUNTEST 8 TCK;
SIR 10 TDI (00A);
RUNTEST 100003 TCK;
ENDDR DRPAUSE;
SDR 1 TDI (1);
RUNTEST DRPAUSE 50 TCK ENDSTATE DRPAUSE;
ENDDR IDLE;
SIR 10 TDI (012);
RUNTEST IRPAUSE 50 TCK ENDSTATE IDLE;
RUNTEST IDLE 8 TCK;
SIR 10 TDI (01E);
RUNTEST 8 TCK;
SDR 273 TDI (000000000000000000000000000000000000000000000000000000000000000000000);
!
!
!
!PROGRAM
!
!
!
SIR 10 TDI (01E);
RUNTEST 8 TCK;
SDR 273 TDI (080000000000000000000000000000000000000000400000000000000000000000000);
SIR 10 TDI (012);
RUNTEST 8 TCK;
SIR 10 TDI (016);
RUNTEST 8 TCK;
SDR 320 TDI (D6B56D6B5AD7F5FD5BF7FFF5FFFFFFFFFFEFFFFAFF35CF739AFFF9FE7B9FD7BDFFEBFFFFFFFFFF5F);
SIR 10 TDI (01A);
RUNTEST 8 TCK;
SDR 320 TDI (D7F5FB7FFFFFFFFF7BF2FFFFFFF7FFFFFFFFFBFFFFEFFFFFFEF7FDFFFFFFD6B5FD7FDFD6BBEFEBFF);
SIR 10 TDI (006);
RUNTEST 8 TCK;
SIR 10 TDI (00A);
RUNTEST 30003 TCK;
ENDDR DRPAUSE;
SDR 1 TDI (1);
RUNTEST DRPAUSE 50 TCK ENDSTATE DRPAUSE;
ENDDR IDLE;
SIR 10 TDI (012);
RUNTEST IDLE 8 TCK ENDSTATE IDLE;
SIR 10 TDI (01E);
RUNTEST 8 TCK;
SDR 273 TDI (040000000000000000000000000000000000000000200000000000000000000000000);
SIR 10 TDI (012);
RUNTEST 8 TCK;
SIR 10 TDI (016);
RUNTEST 8 TCK;
SDR 320 TDI (D4B5ED6B5AD7F5FD7BFFFFF5FFFFFFFFFFEFFFFAFFB5EB7BDAFFFDFF7BDFD7BDFFEBFFFFFFFFFF5F);
SIR 10 TDI (01A);
RUNTEST 8 TCK;
SDR 320 TDI (D7F5FF7FFFFFFFFF7BF2FFFFFFDFFFFFFFFFFBFFFFFDFFFFFEF7FDFFFFFFD6B5FD7FDFD6BFEFEBFF);
SIR 10 TDI (006);
RUNTEST 8 TCK;
SIR 10 TDI (00A);
RUNTEST 30003 TCK;
ENDDR DRPAUSE;
SDR 1 TDI (1);
RUNTEST DRPAUSE 50 TCK ENDSTATE DRPAUSE;
ENDDR IDLE;
SIR 10 TDI (012);
RUNTEST IDLE 8 TCK ENDSTATE IDLE;
SIR 10 TDI (01E);
RUNTEST 8 TCK;
SDR 273 TDI (020000000000000000000000000000000000000000100000000000000000000000000);
SIR 10 TDI (012);
RUNTEST 8 TCK;
SIR 10 TDI (016);
RUNTEST 8 TCK;
SDR 320 TDI (D6B56D6B5AD7F5FD5BF7FFF5FFFFFFBFFFEFFFFAFDB5EF7BDAFFFDFF7BDFD7ADFFEBFFFFFFFFFF5F);
SIR 10 TDI (01A);
RUNTEST 8 TCK;
SDR 320 TDI (D7F5FF7FFFFFFDFF7BF2FFFFFFFBFDFFFFFFFBFFEFFBFFFFFEF7FDFFFFFFD6B5FD7FDFD6BFEEEBFF);
SIR 10 TDI (006);
RUNTEST 8 TCK;
SIR 10 TDI (00A);
RUNTEST 30003 TCK;
ENDDR DRPAUSE;
SDR 1 TDI (1);
RUNTEST DRPAUSE 50 TCK ENDSTATE DRPAUSE;
ENDDR IDLE;
SIR 10 TDI (012);
RUNTEST IDLE 8 TCK ENDSTATE IDLE;
SIR 10 TDI (01E);
RUNTEST 8 TCK;
SDR 273 TDI (010000000000000000000000000000000000000000080000000000000000000000000);
SIR 10 TDI (012);
RUNTEST 8 TCK;
SIR 10 TDI (016);
RUNTEST 8 TCK;
SDR 320 TDI (D6B5ED6B5AD7F5FD7BFFFFF5FFFFFFEFFFEFFFFAFFB5EF7BDAFFFDFF7BDFD7BDFFEBFFFFFFFFFF5F);
SIR 10 TDI (01A);
RUNTEST 8 TCK;
SDR 320 TDI (D7F5FF7FFFFFFFFF7BF2FFFFFFFFF7FFFFFFFBFFFFFFFFFFFEF7FDFFFFFFD6B5FD7FDFD6BFEFEBFF);
SIR 10 TDI (006);
RUNTEST 8 TCK;
SIR 10 TDI (00A);
RUNTEST 30003 TCK;
ENDDR DRPAUSE;
SDR 1 TDI (1);
RUNTEST DRPAUSE 50 TCK ENDSTATE DRPAUSE;
ENDDR IDLE;
SIR 10 TDI (012);
RUNTEST IDLE 8 TCK ENDSTATE IDLE;
SIR 10 TDI (01E);
RUNTEST 8 TCK;
SDR 273 TDI (008000000000000000000000000000000000000000040000000000000000000000000);
SIR 10 TDI (012);
RUNTEST 8 TCK;
SIR 10 TDI (016);
RUNTEST 8 TCK;
SDR 320 TDI (D6B5ED6B5AD7F5FD7BFFFFF57FFFFFFFFFEFFFFAFFB5EF7BDAFFFDFF7BDFD7BDFFEBFFFFFFFFFF5F);
SIR 10 TDI (01A);
RUNTEST 8 TCK;
SDR 320 TDI (D7F5FF7FFDEFFFFF7BB2FFFFFFFFFFFFFBFFFBFFFFFDFFFFFEF7FDFFFFFFD6B5FD7FDFD6BFEFEBFE);
SIR 10 TDI (006);
RUNTEST 8 TCK;
SIR 10 TDI (00A);
RUNTEST 30003 TCK;
ENDDR DRPAUSE;
SDR 1 TDI (1);
RUNTEST DRPAUSE 50 TCK ENDSTATE DRPAUSE;
ENDDR IDLE;
SIR 10 TDI (012);
RUNTEST IDLE 8 TCK ENDSTATE IDLE;
SIR 10 TDI (01E);
RUNTEST 8 TCK;
SDR 273 TDI (004000000000000000000000000000000000000000020000000000000000000000000);
SIR 10 TDI (012);
RUNTEST 8 TCK;
SIR 10 TDI (016);
RUNTEST 8 TCK;
SDR 320 TDI (D6B5ED6B5AD7F5FD7BFFFFF5DFFFFFFFFFEFFFFAFFB5EF7BDAFFFDFF7BDFD7BDFFEBFFFFFFFFFF5F);
SIR 10 TDI (01A);
RUNTEST 8 TCK;
SDR 320 TDI (D7F5FF7FFFFFFFFF7BF2FFFFFFFFFFFFFFFFFBFFFFEFFFFFFEF7FDFFFFFFD6B5FD7FDFD6BFEFEBFF);
SIR 10 TDI (006);
RUNTEST 8 TCK;
SIR 10 TDI (00A);
RUNTEST 30003 TCK;
ENDDR DRPAUSE;
SDR 1 TDI (1);
RUNTEST DRPAUSE 50 TCK ENDSTATE DRPAUSE;
ENDDR IDLE;
SIR 10 TDI (012);
RUNTEST IDLE 8 TCK ENDSTATE IDLE;
SIR 10 TDI (01E);
RUNTEST 8 TCK;
SDR 273 TDI (002000000000000000000000000000000000000000010000000000000000000000000);
SIR 10 TDI (012);
RUNTEST 8 TCK;
SIR 10 TDI (016);
RUNTEST 8 TCK;
SDR 320 TDI (D6B5ED6B5AD7F5FD7BFFFFF5FFFF0EFFFFEFFFFAFF35CF739AFFF9FE7B9FD5BDFFEBFFFFFFFFFF5F);
SIR 10 TDI (01A);
RUNTEST 8 TCK;
SDR 320 TDI (D7F5FF7FFFFFFFFF7BF2FFFFFFFFFFFFFBFFFBFFF7FBFFFFFEF7FDFFFFFFD6B5FD7FDFD6BFE7EBFF);
SIR 10 TDI (006);
RUNTEST 8 TCK;
SIR 10 TDI (00A);
RUNTEST 30003 TCK;
ENDDR DRPAUSE;
SDR 1 TDI (1);
RUNTEST DRPAUSE 50 TCK ENDSTATE DRPAUSE;
ENDDR IDLE;
SIR 10 TDI (012);
RUNTEST IDLE 8 TCK ENDSTATE IDLE;
SIR 10 TDI (01E);
RUNTEST 8 TCK;
SDR 273 TDI (001000000000000000000000000000000000000000008000000000000000000000000);
SIR 10 TDI (012);
RUNTEST 8 TCK;
SIR 10 TDI (016);
RUNTEST 8 TCK;
SDR 320 TDI (D6B5ED6B5AD7F5FD7BFFFFF5FFFFFFFFFFEFFFFAFFB5EB7BDAFFFDFF7BDFD7BDFFC91FFFFFFFA340);
SIR 10 TDI (01A);
RUNTEST 8 TCK;
SDR 320 TDI (D7E5FF7FFFFFFFFF7BF2FFFFFFFFFFFFFFFFFBFFBFFFFFFFFEF7FDFFFFFFD6B5FD7FDFD6BFEFEBFF);
SIR 10 TDI (006);
RUNTEST 8 TCK;
SIR 10 TDI (00A);
RUNTEST 30003 TCK;
ENDDR DRPAUSE;
SDR 1 TDI (1);
RUNTEST DRPAUSE 50 TCK ENDSTATE DRPAUSE;
ENDDR IDLE;
SIR 10 TDI (012);
RUNTEST IDLE 8 TCK ENDSTATE IDLE;
SIR 10 TDI (01E);
RUNTEST 8 TCK;
SDR 273 TDI (000800000000000000000000000000000000000000004000000000000000000000000);
SIR 10 TDI (012);
RUNTEST 8 TCK;
SIR 10 TDI (016);
RUNTEST 8 TCK;
SDR 320 TDI (D6B5ED6B5AD7F5FD7BFFFDF5FFFFFFFFFFEFFFFAFFB5EF7ADAFFFDFF7BDFD7BDFFEBFFFFFFFFFE5E);
SIR 10 TDI (01A);
RUNTEST 8 TCK;
SDR 320 TDI (D5B5FF7FF6B7FFFF7AF2FFFFFFFFFFFFFFFFFBFFBFFFFBFFFEF7FDFFFFFFD6B5FD7FDFD6BFEFCBFF);
SIR 10 TDI (006);
RUNTEST 8 TCK;
SIR 10 TDI (00A);
RUNTEST 30003 TCK;
ENDDR DRPAUSE;
SDR 1 TDI (1);
RUNTEST DRPAUSE 50 TCK ENDSTATE DRPAUSE;
ENDDR IDLE;
SIR 10 TDI (012);
RUNTEST IDLE 8 TCK ENDSTATE IDLE;
SIR 10 TDI (01E);
RUNTEST 8 TCK;
SDR 273 TDI (000400000000000000000000000000000000000000002000000000000000000000000);
SIR 10 TDI (012);
RUNTEST 8 TCK;
SIR 10 TDI (016);
RUNTEST 8 TCK;
SDR 320 TDI (D6B5ED6B5AD7F5FD7BFFFF75FFFFF7FFFFEFFFFAFFB5EF7BDAFFFDFF7BDFD7BDFFEBFFFFFFFFFF5F);
SIR 10 TDI (01A);
RUNTEST 8 TCK;
SDR 320 TDI (D7F5FF7FFFFFFFFF7BF2FFFFFFFFFFFFFFFFFBFFF7FFFF7FFEF7FDFFFFFFD6B5FD7FDFD6BFEFEBFF);
SIR 10 TDI (006);
RUNTEST 8 TCK;
SIR 10 TDI (00A);
RUNTEST 30003 TCK;
ENDDR DRPAUSE;
SDR 1 TDI (1);
RUNTEST DRPAUSE 50 TCK ENDSTATE DRPAUSE;
ENDDR IDLE;
SIR 10 TDI (012);
RUNTEST IDLE 8 TCK ENDSTATE IDLE;
SIR 10 TDI (01E);
RUNTEST 8 TCK;
SDR 273 TDI (000200000000000000000000000000000000000000001000000000000000000000000);
SIR 10 TDI (012);
RUNTEST 8 TCK;
SIR 10 TDI (016);
RUNTEST 8 TCK;
SDR 320 TDI (D6B5AD635AD775DD7BBAF7B1EFFEBFF7BFEFFFFAFFB5EF7BDAFFBDFF7BDFD5BDFFEBFFFFFFFFFF5F);
SIR 10 TDI (01A);
RUNTEST 8 TCK;
SDR 320 TDI (D7F5FF7FFFFFFFFB7BF2FFFFF77FFFFFFFFFFBFFFFFFFEFFFEF7FDFFFFFFD6B5FD7FDFD6BFEFEBFF);
SIR 10 TDI (006);
RUNTEST 8 TCK;
SIR 10 TDI (00A);
RUNTEST 30003 TCK;
ENDDR DRPAUSE;
SDR 1 TDI (1);
RUNTEST DRPAUSE 50 TCK ENDSTATE DRPAUSE;
ENDDR IDLE;
SIR 10 TDI (012);
RUNTEST IDLE 8 TCK ENDSTATE IDLE;
SIR 10 TDI (01E);
RUNTEST 8 TCK;
SDR 273 TDI (000100000000000000000000000000000000000000000800000000000000000000000);
SIR 10 TDI (012);
RUNTEST 8 TCK;
SIR 10 TDI (016);
RUNTEST 8 TCK;
SDR 320 TDI (D6B5CD6B5AD5B56D72DF2D755FFFE6AD7FCFFFFAFF35CF7398FDF9FE739FD7BDFFEBFFFFFFFFFF5F);
SIR 10 TDI (01A);
RUNTEST 8 TCK;
SDR 320 TDI (D7F5FF7FFFFFFFFF7BF2FFFFFFFFFFFFFFFFFBFFFFFFFFFFFEF7FDFFFFFFD6B5FD7FDFD6BFEFEBFF);
SIR 10 TDI (006);
RUNTEST 8 TCK;
SIR 10 TDI (00A);
RUNTEST 30003 TCK;
ENDDR DRPAUSE;
SDR 1 TDI (1);
RUNTEST DRPAUSE 50 TCK ENDSTATE DRPAUSE;
ENDDR IDLE;
SIR 10 TDI (012);
RUNTEST IDLE 8 TCK ENDSTATE IDLE;
SIR 10 TDI (01E);
RUNTEST 8 TCK;
SDR 273 TDI (000080000000000000000000000000000000000000000400000000000000000000000);
SIR 10 TDI (012);
RUNTEST 8 TCK;
SIR 10 TDI (016);
RUNTEST 8 TCK;
SDR 320 TDI (D6B5ED6B5AD7F5FD7BFFFFF1FFFFFFFFFFEFFFFAFFB5EF7BDAFFFDFF7BDFD7BDFFEBFFFFFFFFFF5F);
SIR 10 TDI (01A);
RUNTEST 8 TCK;
SDR 320 TDI (D7F5FD7FFFFFFFFF7BF2FFFFFFFFFFFFEFFFFBFFFFFFFFFFF6F7FDFFFFFFD6B5FD77D6D6AFCFEBFF);
SIR 10 TDI (006);
RUNTEST 8 TCK;
SIR 10 TDI (00A);
RUNTEST 30003 TCK;
ENDDR DRPAUSE;
SDR 1 TDI (1);
RUNTEST DRPAUSE 50 TCK ENDSTATE DRPAUSE;
ENDDR IDLE;
SIR 10 TDI (012);
RUNTEST IDLE 8 TCK ENDSTATE IDLE;
SIR 10 TDI (01E);
RUNTEST 8 TCK;
SDR 273 TDI (000040000000000000000000000000000000000000000200000000000000000000000);
SIR 10 TDI (012);
RUNTEST 8 TCK;
SIR 10 TDI (016);
RUNTEST 8 TCK;
SDR 320 TDI (D6B5ED6B5AD6F5BD7B7FDEF5BFFFFBDEFFAFFFFAFEB5AF6B5AFEF5FD7B5FD6BDFFEBFFFFFFFFFF5F);
SIR 10 TDI (01A);
RUNTEST 8 TCK;
SDR 320 TDI (D7F5FF7FFFFFFFFF7BF2FFFFFFFFFFFFFDFFFBFFFFFFFFFFFEF7FDFFFFFF94A5FD1B5F969DE46BE8);
SIR 10 TDI (006);
RUNTEST 8 TCK;
SIR 10 TDI (00A);
RUNTEST 30003 TCK;
ENDDR DRPAUSE;
SDR 1 TDI (1);
RUNTEST DRPAUSE 50 TCK ENDSTATE DRPAUSE;
ENDDR IDLE;
SIR 10 TDI (012);
RUNTEST IDLE 8 TCK ENDSTATE IDLE;
SIR 10 TDI (01E);
RUNTEST 8 TCK;
SDR 273 TDI (000020000000000000000000000000000000000000000100000000000000000000000);
SIR 10 TDI (012);
RUNTEST 8 TCK;
SIR 10 TDI (016);
RUNTEST 8 TCK;
SDR 320 TDI (D6B5ED6B5AD7E5FD7BFFFFF5FFFFFFFFFFEFFFFAFFB5EF7BDAFFFDFF7BDFD7ADFFEBFFFFFFFFFF5F);
SIR 10 TDI (01A);
RUNTEST 8 TCK;
SDR 320 TDI (D7F5FD7FFFFFFFFB7BF2FFFFFFFFFFFFFFFBEBFFFFFFFFFFFAD7F5FFFFFFD6B5FD7FDFD6BFEFEBFF);
SIR 10 TDI (006);
RUNTEST 8 TCK;
SIR 10 TDI (00A);
RUNTEST 30003 TCK;
ENDDR DRPAUSE;
SDR 1 TDI (1);
RUNTEST DRPAUSE 50 TCK ENDSTATE DRPAUSE;
ENDDR IDLE;
SIR 10 TDI (012);
RUNTEST IDLE 8 TCK ENDSTATE IDLE;
SIR 10 TDI (01E);
RUNTEST 8 TCK;
SDR 273 TDI (000010000000000000000000000000000000000000000080000000000000000000000);
SIR 10 TDI (012);
RUNTEST 8 TCK;
SIR 10 TDI (016);
RUNTEST 8 TCK;
SDR 320 TDI (D6B5ED6B5AD7F5FD7BFFFFF5FFFFFFFFFFEFFFFAFFB5EF7BDAFFFDFF7BDFD7BDFFEBFFFFFFFFFF5F);
SIR 10 TDI (01A);
RUNTEST 8 TCK;
SDR 320 TDI (D7F5FB7FFFFFFFFC7BF2FFFFFFFFFFFFFFFD5BFFFFFFFFFFF6B7EDFFFFFFD6B5FD7FDFD6BFEFEBFF);
SIR 10 TDI (006);
RUNTEST 8 TCK;
SIR 10 TDI (00A);
RUNTEST 30003 TCK;
ENDDR DRPAUSE;
SDR 1 TDI (1);
RUNTEST DRPAUSE 50 TCK ENDSTATE DRPAUSE;
ENDDR IDLE;
SIR 10 TDI (012);
RUNTEST IDLE 8 TCK ENDSTATE IDLE;
SIR 10 TDI (01E);
RUNTEST 8 TCK;
SDR 273 TDI (000008000000000000000000000000000000000000000040000000000000000000000);
SIR 10 TDI (012);
RUNTEST 8 TCK;
SIR 10 TDI (016);
RUNTEST 8 TCK;
SDR 320 TDI (D6B5ED4B5AD7F5FD7BFFFFB5DFFEFFF7BFEFFFFAFFB5EF7BDAFFFDFF7BDFD7BDFFEBFFFFFFFFFF5F);
SIR 10 TDI (01A);
RUNTEST 8 TCK;
SDR 320 TDI (D7E5FF7FFFFFFFFF7BF2FFF3FCFBFEFFFFFFFBFFFFFFFFFFFEF7FDFFFFFF94B5FD5B5DD69DCD6BEB);
SIR 10 TDI (006);
RUNTEST 8 TCK;
SIR 10 TDI (00A);
RUNTEST 30003 TCK;
ENDDR DRPAUSE;
SDR 1 TDI (1);
RUNTEST DRPAUSE 50 TCK ENDSTATE DRPAUSE;
ENDDR IDLE;
SIR 10 TDI (012);
RUNTEST IDLE 8 TCK ENDSTATE IDLE;
SIR 10 TDI (01E);
RUNTEST 8 TCK;
SDR 273 TDI (000004000000000000000000000000000000000000000020000000000000000000000);
SIR 10 TDI (012);
RUNTEST 8 TCK;
SIR 10 TDI (016);
RUNTEST 8 TCK;
SDR 320 TDI (D6B5ED6B5AD7F5FD7BFFFFF57FFFFFFFFFEFFFFAFFB5EF7BDAFFFDFF7BDFD7BDFFEBFFFFFFFFFF5F);
SIR 10 TDI (01A);
RUNTEST 8 TCK;
SDR 320 TDI (D7F5FF7FFFFFFFFF7BF2FFFFF3D7F5FD294FFBFFFFFFFFFFFEF7FDFFFFFFD6A5FD27CA96A3E6EBFD);
SIR 10 TDI (006);
RUNTEST 8 TCK;
SIR 10 TDI (00A);
RUNTEST 30003 TCK;
ENDDR DRPAUSE;
SDR 1 TDI (1);
RUNTEST DRPAUSE 50 TCK ENDSTATE DRPAUSE;
ENDDR IDLE;
SIR 10 TDI (012);
RUNTEST IDLE 8 TCK ENDSTATE IDLE;
SIR 10 TDI (01E);
RUNTEST 8 TCK;
SDR 273 TDI (000002000000000000000000000000000000000000000010000000000000000000000);
SIR 10 TDI (012);
RUNTEST 8 TCK;
SIR 10 TDI (016);
RUNTEST 8 TCK;
SDR 320 TDI (D6B5E96B5AD7F57D7BFFF7B5EFFEFFF7BFEFFFFAFFB5EF7BDAFFEDFF7BDF97BDFFEBFFFFFFFFFF5F);
SIR 10 TDI (01A);
RUNTEST 8 TCK;
SDR 320 TDI (D7F5FF7FFFFFFFFF7BF2FFFBFFFFFFFFFBDFFBFFFFFFFFFFFEF7FDFFFFFFD6B5FD3FDFD6BFEFEBFF);
SIR 10 TDI (006);
RUNTEST 8 TCK;
SIR 10 TDI (00A);
RUNTEST 30003 TCK;
ENDDR DRPAUSE;
SDR 1 TDI (1);
RUNTEST DRPAUSE 50 TCK ENDSTATE DRPAUSE;
ENDDR IDLE;
SIR 10 TDI (012);
RUNTEST IDLE 8 TCK ENDSTATE IDLE;
SIR 10 TDI (01E);
RUNTEST 8 TCK;
SDR 273 TDI (000001000000000000000000000000000000000000000008000000000000000000000);
SIR 10 TDI (012);
RUNTEST 8 TCK;
SIR 10 TDI (016);
RUNTEST 8 TCK;
SDR 320 TDI (D6B5ED6B5AD7F5ED7BFFFFF5FFFFFFFFFFEFFFFAFFB5EF7BDAFFFDFF7BDFD7BDFFEBFFFFFFFFFF5F);
SIR 10 TDI (01A);
RUNTEST 8 TCK;
SDR 320 TDI (D7E5FF7FFFFFFFFF7BF2FFFFFFFFFFFFFFFFFBFFFFFFFFFFFEF7FDFFFFFFD6B5FD7FDFD6BFEFEBFF);
SIR 10 TDI (006);
RUNTEST 8 TCK;
SIR 10 TDI (00A);
RUNTEST 30003 TCK;
ENDDR DRPAUSE;
SDR 1 TDI (1);
RUNTEST DRPAUSE 50 TCK ENDSTATE DRPAUSE;
ENDDR IDLE;
SIR 10 TDI (012);
RUNTEST IDLE 8 TCK ENDSTATE IDLE;
SIR 10 TDI (01E);
RUNTEST 8 TCK;
SDR 273 TDI (000000800000000000000000000000000000000000000004000000000000000000000);
SIR 10 TDI (012);
RUNTEST 8 TCK;
SIR 10 TDI (016);
RUNTEST 8 TCK;
SDR 320 TDI (D6B5ED6B5A97F5FD7BFFF7B5EFFEFFF7BFEFFFFAFFB5EF5BDAFFFDFF7BDFD7BDFFEBFFFFFFFFFF5F);
SIR 10 TDI (01A);
RUNTEST 8 TCK;
SDR 320 TDI (D7F5FF7FFEEFFFFF7BB2FFFFFFFFFFFFFBFFFBFFFFFFFF7FFEF7FDFFFFFFD6B5FD7FDFD6BFEF6BFF);
SIR 10 TDI (006);
RUNTEST 8 TCK;
SIR 10 TDI (00A);
RUNTEST 30003 TCK;
ENDDR DRPAUSE;
SDR 1 TDI (1);
RUNTEST DRPAUSE 50 TCK ENDSTATE DRPAUSE;
ENDDR IDLE;
SIR 10 TDI (012);
RUNTEST IDLE 8 TCK ENDSTATE IDLE;
SIR 10 TDI (01E);
RUNTEST 8 TCK;
SDR 273 TDI (000000400000000000000000000000000000000000000002000000000000000000000);
SIR 10 TDI (012);
RUNTEST 8 TCK;
SIR 10 TDI (016);
RUNTEST 8 TCK;
SDR 320 TDI (D6B5ED6B5AD7F5FD7BFFFFF5FFFFFFFFFFEFFFFAFFB5EF7BDAFFFDFF7BDFD7BDFFEBFFFFFFFFFF5F);
SIR 10 TDI (01A);
RUNTEST 8 TCK;
SDR 320 TDI (D7F5FF7FF7FFFFFF7BF2FFFFFFFFFFFFFFFFFBFFFFFFFBFFFEF7FDFFFFFFD6B5FD7FDFD6BFEFEBFF);
SIR 10 TDI (006);
RUNTEST 8 TCK;
SIR 10 TDI (00A);
RUNTEST 30003 TCK;
ENDDR DRPAUSE;
SDR 1 TDI (1);
RUNTEST DRPAUSE 50 TCK ENDSTATE DRPAUSE;
ENDDR IDLE;
SIR 10 TDI (012);
RUNTEST IDLE 8 TCK ENDSTATE IDLE;
SIR 10 TDI (01E);
RUNTEST 8 TCK;
SDR 273 TDI (000000200000000000000000000000000000000000000001000000000000000000000);
SIR 10 TDI (012);
RUNTEST 8 TCK;
SIR 10 TDI (016);
RUNTEST 8 TCK;
SDR 320 TDI (D6B5ED6A5AD7F5FD7BFFFF75FFFEF7FFFFEFFFFAFFB5EF7BDAFFFDFF6BDFD7BDFFEBFFFFFFFFF75F);
SIR 10 TDI (01A);
RUNTEST 8 TCK;
SDR 320 TDI (D7F5FF7FF7FFFFFF7BF2FFFFFFDFFFFFFF7FFBFFFFFFFFFFFEF7FDFFFFFFD6B5FD7FDFD6BF6FEBFF);
SIR 10 TDI (006);
RUNTEST 8 TCK;
SIR 10 TDI (00A);
RUNTEST 30003 TCK;
ENDDR DRPAUSE;
SDR 1 TDI (1);
RUNTEST DRPAUSE 50 TCK ENDSTATE DRPAUSE;
ENDDR IDLE;
SIR 10 TDI (012);
RUNTEST IDLE 8 TCK ENDSTATE IDLE;
SIR 10 TDI (01E);
RUNTEST 8 TCK;
SDR 273 TDI (000000100000000000000000000000000000000000000000800000000000000000000);
SIR 10 TDI (012);
RUNTEST 8 TCK;
SIR 10 TDI (016);
RUNTEST 8 TCK;
SDR 320 TDI (D6B56D6B5AD7F5FD5BF7FDF5FFFFFFFFFFEFFFFAFFB5EF7BDAFFFDFF7BDFD7BDFFEBFFFFFFFFFF5F);
SIR 10 TDI (01A);
RUNTEST 8 TCK;
SDR 320 TDI (D7F5FF7FFEFFFFFF7BF2FFFFFFF7FFFFFFEFFBFFFFFFFFFFFEF7FDFFFFFFD6B5FD7FDFD6BFEFEBFF);
SIR 10 TDI (006);
RUNTEST 8 TCK;
SIR 10 TDI (00A);
RUNTEST 30003 TCK;
ENDDR DRPAUSE;
SDR 1 TDI (1);
RUNTEST DRPAUSE 50 TCK ENDSTATE DRPAUSE;
ENDDR IDLE;
SIR 10 TDI (012);
RUNTEST IDLE 8 TCK ENDSTATE IDLE;
SIR 10 TDI (01E);
RUNTEST 8 TCK;
SDR 273 TDI (000000080000000000000000000000000000000000000000400000000000000000000);
SIR 10 TDI (012);
RUNTEST 8 TCK;
SIR 10 TDI (016);
RUNTEST 8 TCK;
SDR 320 TDI (D6B5ED6B5AD7F5FD7BFFFFF5FFFFFFFFFFEFFFFAFFB5EF7BDAFFFDFF7BD5D7BDFFE9FFFFFFFFFF5F);
SIR 10 TDI (01A);
RUNTEST 8 TCK;
SDR 320 TDI (97F5FF7FFFBFFFFF7BF2FFFFFFFFFFFFFFFFFBFFB7EDFFFFFEF7FDFFFFFFD6B5FD7FDFD6BFEFEBF3);
SIR 10 TDI (006);
RUNTEST 8 TCK;
SIR 10 TDI (00A);
RUNTEST 30003 TCK;
ENDDR DRPAUSE;
SDR 1 TDI (1);
RUNTEST DRPAUSE 50 TCK ENDSTATE DRPAUSE;
ENDDR IDLE;
SIR 10 TDI (012);
RUNTEST IDLE 8 TCK ENDSTATE IDLE;
SIR 10 TDI (01E);
RUNTEST 8 TCK;
SDR 273 TDI (000000040000000000000000000000000000000000000000200000000000000000000);
SIR 10 TDI (012);
RUNTEST 8 TCK;
SIR 10 TDI (016);
RUNTEST 8 TCK;
SDR 320 TDI (D6B5ED635AD7F5FD7BFFFFF5FFFFFFFFFFEFFFFAFFB5EF7BDAE7FDFF7BDFD7BDFFEBFFFFFFFFFF5F);
SIR 10 TDI (01A);
RUNTEST 8 TCK;
SDR 320 TDI (D7F5FF7FFFF7FFFF7AF2FFFFFFFFFFFFFFFFFBFFFFFFFFFFFEF7FDFFFFFFD6B5FD7FDFD6BFEFEBFF);
SIR 10 TDI (006);
RUNTEST 8 TCK;
SIR 10 TDI (00A);
RUNTEST 30003 TCK;
ENDDR DRPAUSE;
SDR 1 TDI (1);
RUNTEST DRPAUSE 50 TCK ENDSTATE DRPAUSE;
ENDDR IDLE;
SIR 10 TDI (012);
RUNTEST IDLE 8 TCK ENDSTATE IDLE;
SIR 10 TDI (01E);
RUNTEST 8 TCK;
SDR 273 TDI (000000020000000000000000000000000000000000000000100000000000000000000);
SIR 10 TDI (012);
RUNTEST 8 TCK;
SIR 10 TDI (016);
RUNTEST 8 TCK;
SDR 320 TDI (D6B5ED6B5AD775DD7BBFEFB5EFFEFFF7BFEFFFFAFFB5EF7BDAFDFDFF7BDFD7BDFFEABFFFFFFFFF5F);
SIR 10 TDI (01A);
RUNTEST 8 TCK;
SDR 320 TDI (D7F5FF7FFDEFFFFF7BB2FFFFFFFFFFFD6D6FFBFFFFFFFFFFFEB7FDFFFFFFD6B5FD7FDFD6BFCFEBFF);
SIR 10 TDI (006);
RUNTEST 8 TCK;
SIR 10 TDI (00A);
RUNTEST 30003 TCK;
ENDDR DRPAUSE;
SDR 1 TDI (1);
RUNTEST DRPAUSE 50 TCK ENDSTATE DRPAUSE;
ENDDR IDLE;
SIR 10 TDI (012);
RUNTEST IDLE 8 TCK ENDSTATE IDLE;
SIR 10 TDI (01E);
RUNTEST 8 TCK;
SDR 273 TDI (000000010000000000000000000000000000000000000000080000000000000000000);
SIR 10 TDI (012);
RUNTEST 8 TCK;
SIR 10 TDI (016);
RUNTEST 8 TCK;
SDR 320 TDI (D6B5ED6B5AD7F5FD7BFFBFF5FFFFFFFFFFEFFFFAFFB5EF7BDAFFFDFF7BDBD7BDFFEBFFFFFFFFFF5F);
SIR 10 TDI (01A);
RUNTEST 8 TCK;
SDR 320 TDI (D7F5FF7FFFFFFFFF7BF2FFFFFFFFFFFFFFFFFBFFFFFFFFFFFEF7FDFFFFFF94A5FD03409681E46BE8);
SIR 10 TDI (006);
RUNTEST 8 TCK;
SIR 10 TDI (00A);
RUNTEST 30003 TCK;
ENDDR DRPAUSE;
SDR 1 TDI (1);
RUNTEST DRPAUSE 50 TCK ENDSTATE DRPAUSE;
ENDDR IDLE;
SIR 10 TDI (012);
RUNTEST IDLE 8 TCK ENDSTATE IDLE;
SIR 10 TDI (01E);
RUNTEST 8 TCK;
SDR 273 TDI (000000008000000000000000000000000000000000000000040000000000000000000);
SIR 10 TDI (012);
RUNTEST 8 TCK;
SIR 10 TDI (016);
RUNTEST 8 TCK;
SDR 320 TDI (D6B5ED6B52D7F5FD7BFFBFF5FFFFFFFFFFEFFFFAFFB56F7BDAFFFDFF7BDFD7BDFFEB7FFFFFFFFF5F);
SIR 10 TDI (01A);
RUNTEST 8 TCK;
SDR 320 TDI (D7F5FF7FFFFFFFFF7BF2FFFFFFFFFFFFFFFFFBFFFFFFFFFFFEF7FDFFFFFFD6B5FD7FDFD6BFEFEBFF);
SIR 10 TDI (006);
RUNTEST 8 TCK;
SIR 10 TDI (00A);
RUNTEST 30003 TCK;
ENDDR DRPAUSE;
SDR 1 TDI (1);
RUNTEST DRPAUSE 50 TCK ENDSTATE DRPAUSE;
ENDDR IDLE;
SIR 10 TDI (012);
RUNTEST IDLE 8 TCK ENDSTATE IDLE;
SIR 10 TDI (01E);
RUNTEST 8 TCK;
SDR 273 TDI (000000004000000000000000000000000000000000000000020000000000000000000);
SIR 10 TDI (012);
RUNTEST 8 TCK;
SIR 10 TDI (016);
RUNTEST 8 TCK;
SDR 320 TDI (D6B5ED6B5AD7F5FD7BFFEFF5FFFFFFFFFFEFFFFAFFB5EF7BDAFFFDFF7BDFD7BDFFEBFFFFFFFFFF5F);
SIR 10 TDI (01A);
RUNTEST 8 TCK;
SDR 320 TDI (D6F5FF7FFBDFF7FF7B72FFFFFFEFFBFEF7BFFBFFDFF7FDFFFEF7FDFFFFFFD6B5FD7FDFD6BFAFEBFF);
SIR 10 TDI (006);
RUNTEST 8 TCK;
SIR 10 TDI (00A);
RUNTEST 30003 TCK;
ENDDR DRPAUSE;
SDR 1 TDI (1);
RUNTEST DRPAUSE 50 TCK ENDSTATE DRPAUSE;
ENDDR IDLE;
SIR 10 TDI (012);
RUNTEST IDLE 8 TCK ENDSTATE IDLE;
SIR 10 TDI (01E);
RUNTEST 8 TCK;
SDR 273 TDI (000000002000000000000000000000000000000000000000010000000000000000000);
SIR 10 TDI (012);
RUNTEST 8 TCK;
SIR 10 TDI (016);
RUNTEST 8 TCK;
SDR 320 TDI (D6B5ED6B5AD5B56D7ADFFFF5FFFFFFFFFFEFFFFAFFB5EF7BDAD7FDFF7BDFD7B5FFEBFFFFFFFFFF5F);
SIR 10 TDI (01A);
RUNTEST 8 TCK;
SDR 320 TDI (D7F5FF7FFFFFFDFF7BD2FFEDFFFFFFFFFFFFFBFFFFFFFEFFFEF7FDFFFFFFD6B5FD7FDFD6BFEFEBFF);
SIR 10 TDI (006);
RUNTEST 8 TCK;
SIR 10 TDI (00A);
RUNTEST 30003 TCK;
ENDDR DRPAUSE;
SDR 1 TDI (1);
RUNTEST DRPAUSE 50 TCK ENDSTATE DRPAUSE;
ENDDR IDLE;
SIR 10 TDI (012);
RUNTEST IDLE 8 TCK ENDSTATE IDLE;
SIR 10 TDI (01E);
RUNTEST 8 TCK;
SDR 273 TDI (000000001000000000000000000000000000000000000000008000000000000000000);
SIR 10 TDI (012);
RUNTEST 8 TCK;
SIR 10 TDI (016);
RUNTEST 8 TCK;
SDR 320 TDI (D6B5ED6B5AD7F5FD7BFFFFF5FFFFFFFFFFEFFFFAFFB5EF7BDAFFFDFF7BDED5ADFFEBFFFFFFFFFF5F);
SIR 10 TDI (01A);
RUNTEST 8 TCK;
SDR 320 TDI (D535FF7FF4A7EBFF68B2FFFFFFFFFFFFFFFFFBFFA7E9FB7FFEF7FDFFFFFFD6B5FD7FDFD6BFCFEBFF);
SIR 10 TDI (006);
RUNTEST 8 TCK;
SIR 10 TDI (00A);
RUNTEST 30003 TCK;
ENDDR DRPAUSE;
SDR 1 TDI (1);
RUNTEST DRPAUSE 50 TCK ENDSTATE DRPAUSE;
ENDDR IDLE;
SIR 10 TDI (012);
RUNTEST IDLE 8 TCK ENDSTATE IDLE;
SIR 10 TDI (01E);
RUNTEST 8 TCK;
SDR 273 TDI (000000000800000000000000000000000000000000000000004000000000000000000);
SIR 10 TDI (012);
RUNTEST 8 TCK;
SIR 10 TDI (016);
RUNTEST 8 TCK;
SDR 320 TDI (D6B5ED6B5AD7F5F97BFFFFF5FFFFFFFDFFEFFFFAFFB5EF7BD2FFFDFF7BDFD5BDFFEBDFFFFFFFFF5D);
SIR 10 TDI (01A);
RUNTEST 8 TCK;
SDR 320 TDI (D7B5FF7FFDEFFFFF7BB2FFFFFFFFFFFFFFFBFBFFFFFFFB7FFEF7FDFFFFFFD6B5FD7FDBD6BFEFEBFF);
SIR 10 TDI (006);
RUNTEST 8 TCK;
SIR 10 TDI (00A);
RUNTEST 30003 TCK;
ENDDR DRPAUSE;
SDR 1 TDI (1);
RUNTEST DRPAUSE 50 TCK ENDSTATE DRPAUSE;
ENDDR IDLE;
SIR 10 TDI (012);
RUNTEST IDLE 8 TCK ENDSTATE IDLE;
SIR 10 TDI (01E);
RUNTEST 8 TCK;
SDR 273 TDI (000000000400000000000000000000000000000000000000002000000000000000000);
SIR 10 TDI (012);
RUNTEST 8 TCK;
SIR 10 TDI (016);
RUNTEST 8 TCK;
SDR 320 TDI (D6B5ED6B5AD7F5FD7BFFFFF5FFFFFFFF7FEFFFFAFFB5EF7BDAFFFDFF7BDFD7BDFFC93FFFFFFFA34E);
SIR 10 TDI (01A);
RUNTEST 8 TCK;
SDR 320 TDI (D5F5FF7FFFFFFFFF7BF2FFFFFFFFFFFFFFFFFBFFFFFFFFFFFEF7FDFFFFFFD6B5FD7FDFD6BFEFEBFF);
SIR 10 TDI (006);
RUNTEST 8 TCK;
SIR 10 TDI (00A);
RUNTEST 30003 TCK;
ENDDR DRPAUSE;
SDR 1 TDI (1);
RUNTEST DRPAUSE 50 TCK ENDSTATE DRPAUSE;
ENDDR IDLE;
SIR 10 TDI (012);
RUNTEST IDLE 8 TCK ENDSTATE IDLE;
SIR 10 TDI (01E);
RUNTEST 8 TCK;
SDR 273 TDI (000000000200000000000000000000000000000000000000001000000000000000000);
SIR 10 TDI (012);
RUNTEST 8 TCK;
SIR 10 TDI (016);
RUNTEST 8 TCK;
SDR 320 TDI (D6B5ED6B5AD7F5FD7BFFFFF5FFFFFFFFFFEFFFFAFF35CB739AFFF9FE7B9FD5BDFFCB9FFFFFFFAF5A);
SIR 10 TDI (01A);
RUNTEST 8 TCK;
SDR 320 TDI (D7F5FB7FFFFFFFFF7BF2FFFFFFFFFFFFFFFE5BFFFFFFFFFFF6B7EDFFFFFFD6B5FD7FDFD6BFEFEBFF);
SIR 10 TDI (006);
RUNTEST 8 TCK;
SIR 10 TDI (00A);
RUNTEST 30003 TCK;
ENDDR DRPAUSE;
SDR 1 TDI (1);
RUNTEST DRPAUSE 50 TCK ENDSTATE DRPAUSE;
ENDDR IDLE;
SIR 10 TDI (012);
RUNTEST IDLE 8 TCK ENDSTATE IDLE;
SIR 10 TDI (01E);
RUNTEST 8 TCK;
SDR 273 TDI (000000000100000000000000000000000000000000000000000800000000000000000);
SIR 10 TDI (012);
RUNTEST 8 TCK;
SIR 10 TDI (016);
RUNTEST 8 TCK;
SDR 320 TDI (D6B5ED6B5AD7F5FD7BFFFFF5FFFFFFFFFFEFFFFAFFB5EF7BDAFFFDFF7BDFD7BDFFEB7FFFFFFFF74F);
SIR 10 TDI (01A);
RUNTEST 8 TCK;
SDR 320 TDI (D7F5FF7FFFFFFFFE7BF2FFFFFFFFFFFFFFFDFBFFFFFFFFFFFEF7FDFFFFFFD6B5FD7FDFD6BFEFEBFF);
SIR 10 TDI (006);
RUNTEST 8 TCK;
SIR 10 TDI (00A);
RUNTEST 30003 TCK;
ENDDR DRPAUSE;
SDR 1 TDI (1);
RUNTEST DRPAUSE 50 TCK ENDSTATE DRPAUSE;
ENDDR IDLE;
SIR 10 TDI (012);
RUNTEST IDLE 8 TCK ENDSTATE IDLE;
SIR 10 TDI (01E);
RUNTEST 8 TCK;
SDR 273 TDI (000000000080000000000000000000000000000000000000000400000000000000000);
SIR 10 TDI (012);
RUNTEST 8 TCK;
SIR 10 TDI (016);
RUNTEST 8 TCK;
SDR 320 TDI (D6B5ED6B5AD775DD7BDFFFF5FFFFFFFFFFEFFFFAFFB5EF7BDAFFFDFF7BD0D5BDFFEBFFFFFFFFFF5F);
SIR 10 TDI (01A);
RUNTEST 8 TCK;
SDR 320 TDI (D775FF7FFDEFFFFF7BB2FFFFF9FFFFFF7BDFFBFFEFFBFFFFFEF7FDFFFFFFD6B5FD7FDFD6BFE9EBFF);
SIR 10 TDI (006);
RUNTEST 8 TCK;
SIR 10 TDI (00A);
RUNTEST 30003 TCK;
ENDDR DRPAUSE;
SDR 1 TDI (1);
RUNTEST DRPAUSE 50 TCK ENDSTATE DRPAUSE;
ENDDR IDLE;
SIR 10 TDI (012);
RUNTEST IDLE 8 TCK ENDSTATE IDLE;
SIR 10 TDI (01E);
RUNTEST 8 TCK;
SDR 273 TDI (000000000040000000000000000000000000000000000000000200000000000000000);
SIR 10 TDI (012);
RUNTEST 8 TCK;
SIR 10 TDI (016);
RUNTEST 8 TCK;
SDR 320 TDI (D6B5ED6B5AD7F5FD7AFFFFF5FFFFFFFFFFEFFFFAFF25CF739AFFF9FE7B9FD7BDFFEBFFFFFFFFFF5F);
SIR 10 TDI (01A);
RUNTEST 8 TCK;
SDR 320 TDI (D7F5FF7FFFFFFFFF7BF2FFFFFFFFFFFDFFFFFBFFFFFFFFFFFEF7FDFFFFFFD6B5FD7FDFD6BFEFEBFF);
SIR 10 TDI (006);
RUNTEST 8 TCK;
SIR 10 TDI (00A);
RUNTEST 30003 TCK;
ENDDR DRPAUSE;
SDR 1 TDI (1);
RUNTEST DRPAUSE 50 TCK ENDSTATE DRPAUSE;
ENDDR IDLE;
SIR 10 TDI (012);
RUNTEST IDLE 8 TCK ENDSTATE IDLE;
SIR 10 TDI (01E);
RUNTEST 8 TCK;
SDR 273 TDI (000000000020000000000000000000000000000000000000000100000000000000000);
SIR 10 TDI (012);
RUNTEST 8 TCK;
SIR 10 TDI (016);
RUNTEST 8 TCK;
SDR 320 TDI (D6B5ED6B5AD7F5FD7BFFFFF5FFFFFFFFFFEFFFFAFFB5EF7BDAFFFDFF7BDFD7BDFFEBFFFFFFFFFF5F);
SIR 10 TDI (01A);
RUNTEST 8 TCK;
SDR 320 TDI (D7F5FF7FFFFFFBFF7BF2FFFFFFFBFFFFFFFFFBFFFFFFFFFFFEF7FDFFFFFFD6B5FD7E5FD6BFEFEBFF);
SIR 10 TDI (006);
RUNTEST 8 TCK;
SIR 10 TDI (00A);
RUNTEST 30003 TCK;
ENDDR DRPAUSE;
SDR 1 TDI (1);
RUNTEST DRPAUSE 50 TCK ENDSTATE DRPAUSE;
ENDDR IDLE;
SIR 10 TDI (012);
RUNTEST IDLE 8 TCK ENDSTATE IDLE;
SIR 10 TDI (01E);
RUNTEST 8 TCK;
SDR 273 TDI (000000000010000000000000000000000000000000000000000080000000000000000);
SIR 10 TDI (012);
RUNTEST 8 TCK;
SIR 10 TDI (016);
RUNTEST 8 TCK;
SDR 320 TDI (D6B5ED6B5AD7F5FD7BFFFFF5FFFFFFFFFFEFFFFAFFB5EF7BDAFFFDFF7BDFD7BDFFEBFFFFFFFFFF5F);
SIR 10 TDI (01A);
RUNTEST 8 TCK;
SDR 320 TDI (D7F5FF7FFFFFEFFF7BF2FFFFFFFFFFFFFFFFFBFFFFFFFFFFFEF7FDFFFFFFD6B5FD7FDFD6BFEFEBFF);
SIR 10 TDI (006);
RUNTEST 8 TCK;
SIR 10 TDI (00A);
RUNTEST 30003 TCK;
ENDDR DRPAUSE;
SDR 1 TDI (1);
RUNTEST DRPAUSE 50 TCK ENDSTATE DRPAUSE;
ENDDR IDLE;
SIR 10 TDI (012);
RUNTEST IDLE 8 TCK ENDSTATE IDLE;
SIR 10 TDI (01E);
RUNTEST 8 TCK;
SDR 273 TDI (000000000008000000000000000000000000000000000000000040000000000000000);
SIR 10 TDI (012);
RUNTEST 8 TCK;
SIR 10 TDI (016);
RUNTEST 8 TCK;
SDR 320 TDI (D6B5ED6B5AD7B5DD7BFFF7B5EFFEFFF7BFEFFFFAFFB5EF7BDAFF3DFF7BDFD5BDFFEBFFFFFFFFFF5F);
SIR 10 TDI (01A);
RUNTEST 8 TCK;
SDR 320 TDI (D7E5FF7FFFFFFFFF7BF2FFFFFFFFFFFFFFFFFBFFFFFFFFFFFAF7FDFFFFFFD6B5F97BDFD6BFEFEBFF);
SIR 10 TDI (006);
RUNTEST 8 TCK;
SIR 10 TDI (00A);
RUNTEST 30003 TCK;
ENDDR DRPAUSE;
SDR 1 TDI (1);
RUNTEST DRPAUSE 50 TCK ENDSTATE DRPAUSE;
ENDDR IDLE;
SIR 10 TDI (012);
RUNTEST IDLE 8 TCK ENDSTATE IDLE;
SIR 10 TDI (01E);
RUNTEST 8 TCK;
SDR 273 TDI (000000000004000000000000000000000000000000000000000020000000000000000);
SIR 10 TDI (012);
RUNTEST 8 TCK;
SIR 10 TDI (016);
RUNTEST 8 TCK;
SDR 320 TDI (D6B5ED6B5AD5F5FD7BFFFFF5FFFFDFFFFFEFFFFAFFB5EF7BDAFFFDFF7BDFD7BDFFEBFFFFFFFFFF5F);
SIR 10 TDI (01A);
RUNTEST 8 TCK;
SDR 320 TDI (D7F5FF7FFFFFFFFF7BF2FFFFFFFFFFFFFFFFFBFFFFFFFFFFFEF7FDFFFFFFD6B5FD7FDFD6BFEFEBFF);
SIR 10 TDI (006);
RUNTEST 8 TCK;
SIR 10 TDI (00A);
RUNTEST 30003 TCK;
ENDDR DRPAUSE;
SDR 1 TDI (1);
RUNTEST DRPAUSE 50 TCK ENDSTATE DRPAUSE;
ENDDR IDLE;
SIR 10 TDI (012);
RUNTEST IDLE 8 TCK ENDSTATE IDLE;
SIR 10 TDI (01E);
RUNTEST 8 TCK;
SDR 273 TDI (000000000002000000000000000000000000000000000000000010000000000000000);
SIR 10 TDI (012);
RUNTEST 8 TCK;
SIR 10 TDI (016);
RUNTEST 8 TCK;
SDR 320 TDI (D6B5ED6B5AD7F5FD7BFFFFF5FFFFFFFFFFEFFFFAFF35CF739AFDF9FE739FD5BDFFEB5FFFFFFFF74F);
SIR 10 TDI (01A);
RUNTEST 8 TCK;
SDR 320 TDI (D5F5FF7FFFFFEFFF7BF2FFFDFF57F5FD6D6FFBFFFFFFFFFFFEF7FDFFFFFFD6B5FD7FDFD6BFEFEBFF);
SIR 10 TDI (006);
RUNTEST 8 TCK;
SIR 10 TDI (00A);
RUNTEST 30003 TCK;
ENDDR DRPAUSE;
SDR 1 TDI (1);
RUNTEST DRPAUSE 50 TCK ENDSTATE DRPAUSE;
ENDDR IDLE;
SIR 10 TDI (012);
RUNTEST IDLE 8 TCK ENDSTATE IDLE;
SIR 10 TDI (01E);
RUNTEST 8 TCK;
SDR 273 TDI (000000000001000000000000000000000000000000000000000008000000000000000);
SIR 10 TDI (012);
RUNTEST 8 TCK;
SIR 10 TDI (016);
RUNTEST 8 TCK;
SDR 320 TDI (D6B5ED6B5AD7F5FD7BFFFFF5FFFFFFFFFFEFFFFAFFB5EF7BD8FFFDFF7BDFD7BDFFC9FFFFFFFFBB51);
SIR 10 TDI (01A);
RUNTEST 8 TCK;
SDR 320 TDI (D7B5FF7FFFFFFBFF7BF2FFF3F8FBFEFFBBDFFBFFFFFFFFFFFEF7FDFFFFFF96A5FD7FDF96BFCFEBFF);
SIR 10 TDI (006);
RUNTEST 8 TCK;
SIR 10 TDI (00A);
RUNTEST 30003 TCK;
ENDDR DRPAUSE;
SDR 1 TDI (1);
RUNTEST DRPAUSE 50 TCK ENDSTATE DRPAUSE;
ENDDR IDLE;
SIR 10 TDI (012);
RUNTEST IDLE 8 TCK ENDSTATE IDLE;
SIR 10 TDI (01E);
RUNTEST 8 TCK;
SDR 273 TDI (000000000000800000000000000000000000000000000000000004000000000000000);
SIR 10 TDI (012);
RUNTEST 8 TCK;
SIR 10 TDI (016);
RUNTEST 8 TCK;
SDR 320 TDI (D6B5AD6B5AD5354D7A9F2D755FFFF7AD7FCFFFFAFF35CF7398FDF9FE739FD7B5FFEBFFFFFFFFFF5F);
SIR 10 TDI (01A);
RUNTEST 8 TCK;
SDR 320 TDI (D7E5FF7FFFFFFFFF7BF2FFFFFFFFF7FDFFFFFBFFFFFFFFFFFEF7FDFFFFFF94A5FD7FDF96BFCFEBFF);
SIR 10 TDI (006);
RUNTEST 8 TCK;
SIR 10 TDI (00A);
RUNTEST 30003 TCK;
ENDDR DRPAUSE;
SDR 1 TDI (1);
RUNTEST DRPAUSE 50 TCK ENDSTATE DRPAUSE;
ENDDR IDLE;
SIR 10 TDI (012);
RUNTEST IDLE 8 TCK ENDSTATE IDLE;
SIR 10 TDI (01E);
RUNTEST 8 TCK;
SDR 273 TDI (000000000000400000000000000000000000000000000000000002000000000000000);
SIR 10 TDI (012);
RUNTEST 8 TCK;
SIR 10 TDI (016);
RUNTEST 8 TCK;
SDR 320 TDI (D6B5CD635AD7F5FD6BF9F7B1EFFE4FF7BFEFFFFAFFB5EF7BDAFF7DFF7BDFD7BDFFEBFFFFFFFFFF5F);
SIR 10 TDI (01A);
RUNTEST 8 TCK;
SDR 320 TDI (D7F5FF7FFFFFFFFF7BF2FFFFFFFFFDFF7FFFFBFFFFFFFFFFFEF7FDFFFFFFD6B5FD7FDFD6BFEFEBFF);
SIR 10 TDI (006);
RUNTEST 8 TCK;
SIR 10 TDI (00A);
RUNTEST 30003 TCK;
ENDDR DRPAUSE;
SDR 1 TDI (1);
RUNTEST DRPAUSE 50 TCK ENDSTATE DRPAUSE;
ENDDR IDLE;
SIR 10 TDI (012);
RUNTEST IDLE 8 TCK ENDSTATE IDLE;
SIR 10 TDI (01E);
RUNTEST 8 TCK;
SDR 273 TDI (000000000000200000000000000000000000000000000000000001000000000000000);
SIR 10 TDI (012);
RUNTEST 8 TCK;
SIR 10 TDI (016);
RUNTEST 8 TCK;
SDR 320 TDI (D6B5ED6B5AD7F5ED7BFFFFF5FFFFFFFFFFEFFFFAFFB5EF7BDA9FFDFF7BDFD7A5FFEBFFFFFFFFFF5F);
SIR 10 TDI (01A);
RUNTEST 8 TCK;
SDR 320 TDI (D7F5FF7FFFF7FFFF7AB2FFFFFFFFFFFFFFFF7BFFFFFFFFFFFEF7EDFFFFFFD6B5FD7FDFD6B7EFEBFF);
SIR 10 TDI (006);
RUNTEST 8 TCK;
SIR 10 TDI (00A);
RUNTEST 30003 TCK;
ENDDR DRPAUSE;
SDR 1 TDI (1);
RUNTEST DRPAUSE 50 TCK ENDSTATE DRPAUSE;
ENDDR IDLE;
SIR 10 TDI (012);
RUNTEST IDLE 8 TCK ENDSTATE IDLE;
SIR 10 TDI (01E);
RUNTEST 8 TCK;
SDR 273 TDI (000000000000100000000000000000000000000000000000000000800000000000000);
SIR 10 TDI (012);
RUNTEST 8 TCK;
SIR 10 TDI (016);
RUNTEST 8 TCK;
SDR 320 TDI (D6B5ED6B5AD7F57D7BFFFFF5FFFFFFFFFFCFFFFAFFB5ED7BDAFFFDFF73DDD7BDFFEBFFFFFFFFFF5F);
SIR 10 TDI (01A);
RUNTEST 8 TCK;
SDR 320 TDI (D7F5FF7FFFBFFFFF7BF2FFFFFFFFFFFFFFFFFBFFFFFFFFFFFEF7FDFFFFFFD6B5FD7FDFD6BFEFEBFF);
SIR 10 TDI (006);
RUNTEST 8 TCK;
SIR 10 TDI (00A);
RUNTEST 30003 TCK;
ENDDR DRPAUSE;
SDR 1 TDI (1);
RUNTEST DRPAUSE 50 TCK ENDSTATE DRPAUSE;
ENDDR IDLE;
SIR 10 TDI (012);
RUNTEST IDLE 8 TCK ENDSTATE IDLE;
SIR 10 TDI (01E);
RUNTEST 8 TCK;
SDR 273 TDI (000000000000080000000000000000000000000000000000000000400000000000000);
SIR 10 TDI (012);
RUNTEST 8 TCK;
SIR 10 TDI (016);
RUNTEST 8 TCK;
SDR 320 TDI (D6B5ED6B5AD7F5FD7BFFFFF5FFFFFFFFFFEFFFFAFFB5EF7BDAFFFDFF7BDFD7BDFFEBFFFFFFFFFF57);
SIR 10 TDI (01A);
RUNTEST 8 TCK;
SDR 320 TDI (D7F5FF7FFFFFFFFD7BF2FFFFFFFFFFFFFFFFDBFFFFFFFEFFFEF7FDFFFFFFD6B5FD7FDFD6BFEFEBFF);
SIR 10 TDI (006);
RUNTEST 8 TCK;
SIR 10 TDI (00A);
RUNTEST 30003 TCK;
ENDDR DRPAUSE;
SDR 1 TDI (1);
RUNTEST DRPAUSE 50 TCK ENDSTATE DRPAUSE;
ENDDR IDLE;
SIR 10 TDI (012);
RUNTEST IDLE 8 TCK ENDSTATE IDLE;
SIR 10 TDI (01E);
RUNTEST 8 TCK;
SDR 273 TDI (000000000000040000000000000000000000000000000000000000200000000000000);
SIR 10 TDI (012);
RUNTEST 8 TCK;
SIR 10 TDI (016);
RUNTEST 8 TCK;
SDR 320 TDI (D6B5ED6B5AD7F5FD7BFFFFF5FFFFFFFFFFEFFFFAFFB5EF7BDAFFFDFF7BDFD7BDFFEBFFFFFFFFFF5F);
SIR 10 TDI (01A);
RUNTEST 8 TCK;
SDR 320 TDI (D7F5FF7FFFFFFFFF7BF2FFFFFFFFFFFFFFFFFBFFFFFFFFFFFEF7FDFFFFFFD6B5FD7FDFD6BFEFEBFF);
SIR 10 TDI (006);
RUNTEST 8 TCK;
SIR 10 TDI (00A);
RUNTEST 30003 TCK;
ENDDR DRPAUSE;
SDR 1 TDI (1);
RUNTEST DRPAUSE 50 TCK ENDSTATE DRPAUSE;
ENDDR IDLE;
SIR 10 TDI (012);
RUNTEST IDLE 8 TCK ENDSTATE IDLE;
SIR 10 TDI (01E);
RUNTEST 8 TCK;
SDR 273 TDI (000000000000020000000000000000000000000000000000000000100000000000000);
SIR 10 TDI (012);
RUNTEST 8 TCK;
SIR 10 TDI (016);
RUNTEST 8 TCK;
SDR 320 TDI (D6B5ED6B5AD7F5FD7BFFAD755FFFF7AD7FEFFFFAFF35CB739AFFF9FE7B9FD7BDFFEBFFFFFFFFFF5F);
SIR 10 TDI (01A);
RUNTEST 8 TCK;
SDR 320 TDI (D7F5FF7FFFFFFFFF7BF2FFFFFFFFFFFFFFFFFBFFFFFFFEFFFED7FDFFFFFFD6B5F97EDFD4BFEBEBF7);
SIR 10 TDI (006);
RUNTEST 8 TCK;
SIR 10 TDI (00A);
RUNTEST 30003 TCK;
ENDDR DRPAUSE;
SDR 1 TDI (1);
RUNTEST DRPAUSE 50 TCK ENDSTATE DRPAUSE;
ENDDR IDLE;
SIR 10 TDI (012);
RUNTEST IDLE 8 TCK ENDSTATE IDLE;
SIR 10 TDI (01E);
RUNTEST 8 TCK;
SDR 273 TDI (000000000000010000000000000000000000000000000000000000080000000000000);
SIR 10 TDI (012);
RUNTEST 8 TCK;
SIR 10 TDI (016);
RUNTEST 8 TCK;
SDR 320 TDI (D6B5ED6B5AD7F5FD7BFFFFF5FFFFFFFFFFEFFFFAFFB5EF7BDAFFFDFF7BDFD7BDFFEBFFFFFFFFFF5F);
SIR 10 TDI (01A);
RUNTEST 8 TCK;
SDR 320 TDI (D7E5FF7FFFFFFFFF7BF2FFFFFFFFFFFFFFFFFBFFFFFFFFFFFEF7FDFFFFFF94A5FD07C096A1C66BEC);
SIR 10 TDI (006);
RUNTEST 8 TCK;
SIR 10 TDI (00A);
RUNTEST 30003 TCK;
ENDDR DRPAUSE;
SDR 1 TDI (1);
RUNTEST DRPAUSE 50 TCK ENDSTATE DRPAUSE;
ENDDR IDLE;
SIR 10 TDI (012);
RUNTEST IDLE 8 TCK ENDSTATE IDLE;
SIR 10 TDI (01E);
RUNTEST 8 TCK;
SDR 273 TDI (000000000000008000000000000000000000000000000000000000040000000000000);
SIR 10 TDI (012);
RUNTEST 8 TCK;
SIR 10 TDI (016);
RUNTEST 8 TCK;
SDR 320 TDI (D6B5ED6B5AD5B56D7ADCFFB5FFFEFFEFBFEFFFFAFFB5EF7BDAFFFDFF7BDFD7BDFFEBFFFFFFFFFF5F);
SIR 10 TDI (01A);
RUNTEST 8 TCK;
SDR 320 TDI (D775FF7FFDEFFFFF7BB2FFFFFFFFFFFFBBDFFBFFFFFFFFFFFEF7FDFFFFFFD6B5FD7FDFD6BFEFEBFD);
SIR 10 TDI (006);
RUNTEST 8 TCK;
SIR 10 TDI (00A);
RUNTEST 30003 TCK;
ENDDR DRPAUSE;
SDR 1 TDI (1);
RUNTEST DRPAUSE 50 TCK ENDSTATE DRPAUSE;
ENDDR IDLE;
SIR 10 TDI (012);
RUNTEST IDLE 8 TCK ENDSTATE IDLE;
SIR 10 TDI (01E);
RUNTEST 8 TCK;
SDR 273 TDI (000000000000004000000000000000000000000000000000000000020000000000000);
SIR 10 TDI (012);
RUNTEST 8 TCK;
SIR 10 TDI (016);
RUNTEST 8 TCK;
SDR 320 TDI (D6B5AD635AD775DD63BFFFF5FFFFFFBFFFEFFFFAFFB5EF7BDAFFFDFF7BDFD7BDFFEBFFFFFFFFFF5F);
SIR 10 TDI (01A);
RUNTEST 8 TCK;
SDR 320 TDI (D7F5FF7FFFFFFFFF6BF2FFFFFFFFFFFFFFFFFBFFFFFFFFFFFEF7FDFFFFFFD6B5FD7FDFD6BFEFEBFF);
SIR 10 TDI (006);
RUNTEST 8 TCK;
SIR 10 TDI (00A);
RUNTEST 30003 TCK;
ENDDR DRPAUSE;
SDR 1 TDI (1);
RUNTEST DRPAUSE 50 TCK ENDSTATE DRPAUSE;
ENDDR IDLE;
SIR 10 TDI (012);
RUNTEST IDLE 8 TCK ENDSTATE IDLE;
SIR 10 TDI (01E);
RUNTEST 8 TCK;
SDR 273 TDI (000000000000002000000000000000000000000000000000000000010000000000000);
SIR 10 TDI (012);
RUNTEST 8 TCK;
SIR 10 TDI (016);
RUNTEST 8 TCK;
SDR 320 TDI (D6B5ED6B5AD7F5FD7BFFFFF5FFFFFFFFFFEFFFFAFFB5EF7BDAFFFDFF7BDFD5BDFFEBFFFFFFFFFF5F);
SIR 10 TDI (01A);
RUNTEST 8 TCK;
SDR 320 TDI (D7F5FF7FFDEFFFFF7BB2FFFFFEFFFFFFFBEFFBFFEFFBFFFFFEF7FDFFFFFFD6B5FD7FDFD49FEFEBFF);
SIR 10 TDI (006);
RUNTEST 8 TCK;
SIR 10 TDI (00A);
RUNTEST 30003 TCK;
ENDDR DRPAUSE;
SDR 1 TDI (1);
RUNTEST DRPAUSE 50 TCK ENDSTATE DRPAUSE;
ENDDR IDLE;
SIR 10 TDI (012);
RUNTEST IDLE 8 TCK ENDSTATE IDLE;
SIR 10 TDI (01E);
RUNTEST 8 TCK;
SDR 273 TDI (000000000000001000000000000000000000000000000000000000008000000000000);
SIR 10 TDI (012);
RUNTEST 8 TCK;
SIR 10 TDI (016);
RUNTEST 8 TCK;
SDR 320 TDI (D6B5ED6B5AD7F5FD7BFFFFF5FFFFFFFFFFEFFFFAFFB5EF7BDAFFFDFF7BDFD7BDFFEBFFFFFFFFFF5F);
SIR 10 TDI (01A);
RUNTEST 8 TCK;
SDR 320 TDI (D7F5FF7FFFFFFFFF7BF2FFFFFFFFFFFFFF7FFBFFFFFFFFFFFEF7FDFFFFFFD6B5FD7FDFD6BFEFEBFF);
SIR 10 TDI (006);
RUNTEST 8 TCK;
SIR 10 TDI (00A);
RUNTEST 30003 TCK;
ENDDR DRPAUSE;
SDR 1 TDI (1);
RUNTEST DRPAUSE 50 TCK ENDSTATE DRPAUSE;
ENDDR IDLE;
SIR 10 TDI (012);
RUNTEST IDLE 8 TCK ENDSTATE IDLE;
SIR 10 TDI (01E);
RUNTEST 8 TCK;
SDR 273 TDI (000000000000000800000000000000000000000000000000000000004000000000000);
SIR 10 TDI (012);
RUNTEST 8 TCK;
SIR 10 TDI (016);
RUNTEST 8 TCK;
SDR 320 TDI (D6B5ED6B5AD7F5FD7BFFFFB5FFFEFFFF7FEFFFFAFF35CB739AFFF9FE7B9FD7BDFFEBFFFFFFFFFF4F);
SIR 10 TDI (01A);
RUNTEST 8 TCK;
SDR 320 TDI (D7F5FF7FFFFFFFFF7BF2FFFFFFFFFFFFFFFFEBFFFFFFFEFFFEF7FDFFFFFFD4B5FD3B4F969BCCEBFD);
SIR 10 TDI (006);
RUNTEST 8 TCK;
SIR 10 TDI (00A);
RUNTEST 30003 TCK;
ENDDR DRPAUSE;
SDR 1 TDI (1);
RUNTEST DRPAUSE 50 TCK ENDSTATE DRPAUSE;
ENDDR IDLE;
SIR 10 TDI (012);
RUNTEST IDLE 8 TCK ENDSTATE IDLE;
SIR 10 TDI (01E);
RUNTEST 8 TCK;
SDR 273 TDI (000000000000000400000000000000000000000000000000000000002000000000000);
SIR 10 TDI (012);
RUNTEST 8 TCK;
SIR 10 TDI (016);
RUNTEST 8 TCK;
SDR 320 TDI (D6B5ED6B5AD7F5FD7BFFFFF5FFFFFFFDFFEFFFFAFFB5EF7BDAFFFDFF7BDFD7BDFFEBFFFFFFFFFF5F);
SIR 10 TDI (01A);
RUNTEST 8 TCK;
SDR 320 TDI (D7F5FF7FFFFFFFFF7BF2FFFFFFFFFFFFFFFFFBFFFFFFFFFFFEF7FDFFFFFF96A5FD47D1D6B5E76BEE);
SIR 10 TDI (006);
RUNTEST 8 TCK;
SIR 10 TDI (00A);
RUNTEST 30003 TCK;
ENDDR DRPAUSE;
SDR 1 TDI (1);
RUNTEST DRPAUSE 50 TCK ENDSTATE DRPAUSE;
ENDDR IDLE;
SIR 10 TDI (012);
RUNTEST IDLE 8 TCK ENDSTATE IDLE;
SIR 10 TDI (01E);
RUNTEST 8 TCK;
SDR 273 TDI (000000000000000200000000000000000000000000000000000000001000000000000);
SIR 10 TDI (012);
RUNTEST 8 TCK;
SIR 10 TDI (016);
RUNTEST 8 TCK;
SDR 320 TDI (D6B5ED6B5AD7F5FD7BFFF7B5EFFEFFF7BFEFFFFAFFB5EF7BDAFFFDFF7BDFD7BDFFEBFFFFFFFFFF5F);
SIR 10 TDI (01A);
RUNTEST 8 TCK;
SDR 320 TDI (D7F5FF7FFFEFFFFF7BB2FFFFFFFFFFFFFDFFFBFFB7EDFB7FFEF7FDFFFFFFD6B5FD7FDFD6BFCFEBFF);
SIR 10 TDI (006);
RUNTEST 8 TCK;
SIR 10 TDI (00A);
RUNTEST 30003 TCK;
ENDDR DRPAUSE;
SDR 1 TDI (1);
RUNTEST DRPAUSE 50 TCK ENDSTATE DRPAUSE;
ENDDR IDLE;
SIR 10 TDI (012);
RUNTEST IDLE 8 TCK ENDSTATE IDLE;
SIR 10 TDI (01E);
RUNTEST 8 TCK;
SDR 273 TDI (000000000000000100000000000000000000000000000000000000000800000000000);
SIR 10 TDI (012);
RUNTEST 8 TCK;
SIR 10 TDI (016);
RUNTEST 8 TCK;
SDR 320 TDI (D6B5ED6B5AD7F5FD7BFFFFF5FFFFFFFFFFEFFFFAFF35CB739AFFF9FE7B93D7BDFFEBFFFFFFFFFF5F);
SIR 10 TDI (01A);
RUNTEST 8 TCK;
SDR 320 TDI (D7F5FF7FFFFFFFFF7BF2FFFFFFFFFFFFEFFFFBFFEFFBFEFFFEF7FDFFFFFFD6B5FD7FDFD6BFEFEBFF);
SIR 10 TDI (006);
RUNTEST 8 TCK;
SIR 10 TDI (00A);
RUNTEST 30003 TCK;
ENDDR DRPAUSE;
SDR 1 TDI (1);
RUNTEST DRPAUSE 50 TCK ENDSTATE DRPAUSE;
ENDDR IDLE;
SIR 10 TDI (012);
RUNTEST IDLE 8 TCK ENDSTATE IDLE;
SIR 10 TDI (01E);
RUNTEST 8 TCK;
SDR 273 TDI (000000000000000080000000000000000000000000000000000000000400000000000);
SIR 10 TDI (012);
RUNTEST 8 TCK;
SIR 10 TDI (016);
RUNTEST 8 TCK;
SDR 320 TDI (96B5ED6B5AD7F5FD7AFFFFF5FFFFFFFFFFEFFFFAFFB5EF7BDAFFFDFF7ADFD5BDFFEBFFFFFFFFFF5F);
SIR 10 TDI (01A);
RUNTEST 8 TCK;
SDR 320 TDI (D7F5FF7FFFFFFDFF49D2FFFFFFFBFEFFFFFFFBFFEFFBFFFFFEF7FDFFFFFFD6B5FD6FDFD6BFEFEBFF);
SIR 10 TDI (006);
RUNTEST 8 TCK;
SIR 10 TDI (00A);
RUNTEST 30003 TCK;
ENDDR DRPAUSE;
SDR 1 TDI (1);
RUNTEST DRPAUSE 50 TCK ENDSTATE DRPAUSE;
ENDDR IDLE;
SIR 10 TDI (012);
RUNTEST IDLE 8 TCK ENDSTATE IDLE;
SIR 10 TDI (01E);
RUNTEST 8 TCK;
SDR 273 TDI (000000000000000040000000000000000000000000000000000000000200000000000);
SIR 10 TDI (012);
RUNTEST 8 TCK;
SIR 10 TDI (016);
RUNTEST 8 TCK;
SDR 320 TDI (D6B5ED6B5AD7F5FD7BDFFFF5FFFFFFFFFFEFFFFAFFB5EF7BDAFFFDFF7BDFD7BDFFEBFFFFFFFFFF5F);
SIR 10 TDI (01A);
RUNTEST 8 TCK;
SDR 320 TDI (D7F5FF7FFFFFFFFF7BF2FFFFFFFFFFFFFFFFFBFFFFFFFFFFFEF7FDFFFFFFD6B5FD7FDFD6BFEFEBFF);
SIR 10 TDI (006);
RUNTEST 8 TCK;
SIR 10 TDI (00A);
RUNTEST 30003 TCK;
ENDDR DRPAUSE;
SDR 1 TDI (1);
RUNTEST DRPAUSE 50 TCK ENDSTATE DRPAUSE;
ENDDR IDLE;
SIR 10 TDI (012);
RUNTEST IDLE 8 TCK ENDSTATE IDLE;
SIR 10 TDI (01E);
RUNTEST 8 TCK;
SDR 273 TDI (000000000000000020000000000000000000000000000000000000000100000000000);
SIR 10 TDI (012);
RUNTEST 8 TCK;
SIR 10 TDI (016);
RUNTEST 8 TCK;
SDR 320 TDI (D6A5ED6B5AD5F5FD7BFFAD755FFF37AD7FCFFFF2FFB5EF7BDAFFFDFB7BDFD5BDFFEBFFFFFFFFFF5F);
SIR 10 TDI (01A);
RUNTEST 8 TCK;
SDR 320 TDI (D7F5F97FFFFFFFF87BF2FFFFFFFFFFFFFFF9CBFFFFFFFFFFF297E5FFFFFFD6B5FD7FDFD6BDEFEBFF);
SIR 10 TDI (006);
RUNTEST 8 TCK;
SIR 10 TDI (00A);
RUNTEST 30003 TCK;
ENDDR DRPAUSE;
SDR 1 TDI (1);
RUNTEST DRPAUSE 50 TCK ENDSTATE DRPAUSE;
ENDDR IDLE;
SIR 10 TDI (012);
RUNTEST IDLE 8 TCK ENDSTATE IDLE;
SIR 10 TDI (01E);
RUNTEST 8 TCK;
SDR 273 TDI (000000000000000010000000000000000000000000000000000000000080000000000);
SIR 10 TDI (012);
RUNTEST 8 TCK;
SIR 10 TDI (016);
RUNTEST 8 TCK;
SDR 320 TDI (D6B5ED6B5AD7B5FD7BFF77B1EFFEFEF7BFEFFFFAFFB5EF7BDAFFFDFF7BDFD7BDFFEBFFFFFFFFFF5F);
SIR 10 TDI (01A);
RUNTEST 8 TCK;
SDR 320 TDI (D7F5FF7FFFFFFFFF7BF2FFFFFFFFFFFFFFFEFBFFFFFFFFFFFEF7FDFFFFFFD6B5FD7FDFD6BFEFEBFF);
SIR 10 TDI (006);
RUNTEST 8 TCK;
SIR 10 TDI (00A);
RUNTEST 30003 TCK;
ENDDR DRPAUSE;
SDR 1 TDI (1);
RUNTEST DRPAUSE 50 TCK ENDSTATE DRPAUSE;
ENDDR IDLE;
SIR 10 TDI (012);
RUNTEST IDLE 8 TCK ENDSTATE IDLE;
SIR 10 TDI (01E);
RUNTEST 8 TCK;
SDR 273 TDI (000000000000000008000000000000000000000000000000000000000040000000000);
SIR 10 TDI (012);
RUNTEST 8 TCK;
SIR 10 TDI (016);
RUNTEST 8 TCK;
SDR 320 TDI (D6B5ED6B5AD7F5FD7BFFFFF5FFFFFFFFFFEFFFFAFFB5EF7BDAFFFDFF7BDFD7BDFFEBFFFFFFFFCF5F);
SIR 10 TDI (01A);
RUNTEST 8 TCK;
SDR 320 TDI (D535FF7FF4A7EBFF7A92FFFFFAD7F5FD294FFBFFA7E9FA7FFEF7FDFFFFFFD6B5FD7FDFD6BFCFEBFF);
SIR 10 TDI (006);
RUNTEST 8 TCK;
SIR 10 TDI (00A);
RUNTEST 30003 TCK;
ENDDR DRPAUSE;
SDR 1 TDI (1);
RUNTEST DRPAUSE 50 TCK ENDSTATE DRPAUSE;
ENDDR IDLE;
SIR 10 TDI (012);
RUNTEST IDLE 8 TCK ENDSTATE IDLE;
SIR 10 TDI (01E);
RUNTEST 8 TCK;
SDR 273 TDI (000000000000000004000000000000000000000000000000000000000020000000000);
SIR 10 TDI (012);
RUNTEST 8 TCK;
SIR 10 TDI (016);
RUNTEST 8 TCK;
SDR 320 TDI (D6B5ED6B5AD7F5FD7BFFFFF5FFFFFFFFFFEFFFFAFFB5EF7BDAFFFDFF7BDFD7BDFFEBFFFFFFFFFF5F);
SIR 10 TDI (01A);
RUNTEST 8 TCK;
SDR 320 TDI (D7F5FF7FFFFFFDFF59F2FFE7F5FBFEFFFFFFFBFFFFFFFFFFFEF7FDFFFFFFD6B5FD7FDFD6BFEFEBFF);
SIR 10 TDI (006);
RUNTEST 8 TCK;
SIR 10 TDI (00A);
RUNTEST 30003 TCK;
ENDDR DRPAUSE;
SDR 1 TDI (1);
RUNTEST DRPAUSE 50 TCK ENDSTATE DRPAUSE;
ENDDR IDLE;
SIR 10 TDI (012);
RUNTEST IDLE 8 TCK ENDSTATE IDLE;
SIR 10 TDI (01E);
RUNTEST 8 TCK;
SDR 273 TDI (000000000000000002000000000000000000000000000000000000000010000000000);
SIR 10 TDI (012);
RUNTEST 8 TCK;
SIR 10 TDI (016);
RUNTEST 8 TCK;
SDR 320 TDI (D6B5ED6B5AD7F5FD7BFFFFF5FFFFFFFFFFEFFFFAFFB5EF7BDAFFFDFF7BDFD7BDFFEBFFFFFFFFFB5F);
SIR 10 TDI (01A);
RUNTEST 8 TCK;
SDR 320 TDI (D7F5FF7FFFFFEBFF7BF2FFFFFFD7F5FFFFFFFBFFFFFFFFFFFEF7FDFFFFFFD6B5FD5FDFD6BFEFEBFF);
SIR 10 TDI (006);
RUNTEST 8 TCK;
SIR 10 TDI (00A);
RUNTEST 30003 TCK;
ENDDR DRPAUSE;
SDR 1 TDI (1);
RUNTEST DRPAUSE 50 TCK ENDSTATE DRPAUSE;
ENDDR IDLE;
SIR 10 TDI (012);
RUNTEST IDLE 8 TCK ENDSTATE IDLE;
SIR 10 TDI (01E);
RUNTEST 8 TCK;
SDR 273 TDI (000000000000000001000000000000000000000000000000000000000008000000000);
SIR 10 TDI (012);
RUNTEST 8 TCK;
SIR 10 TDI (016);
RUNTEST 8 TCK;
SDR 320 TDI (D6B5ED6B5AD7F5FD7BFFFFF5FFFFFFFFFFEFFFFAFFB5EF7BDAFFFDFF7BDFD7BDFFEBFFFFFFFFFF5F);
SIR 10 TDI (01A);
RUNTEST 8 TCK;
SDR 320 TDI (D7F5FF7FFFFFFFFF7BF2FFFFFFFFFFFFFFFFFBFFFFFFFFFFFEF7FDFFFFFFD6B5FD7FDFD6BFEFEBFF);
SIR 10 TDI (006);
RUNTEST 8 TCK;
SIR 10 TDI (00A);
RUNTEST 30003 TCK;
ENDDR DRPAUSE;
SDR 1 TDI (1);
RUNTEST DRPAUSE 50 TCK ENDSTATE DRPAUSE;
ENDDR IDLE;
SIR 10 TDI (012);
RUNTEST IDLE 8 TCK ENDSTATE IDLE;
SIR 10 TDI (01E);
RUNTEST 8 TCK;
SDR 273 TDI (000000000000000000800000000000000000000000000000000000000004000000000);
SIR 10 TDI (012);
RUNTEST 8 TCK;
SIR 10 TDI (016);
RUNTEST 8 TCK;
SDR 320 TDI (D6B5ED6B5AD7F5FD7BFF7FF5FFFFFFFFFFEFFFFAFFA5EF7BDAFFFDFF7BD0D5BDFFEBFFFFFFFFFF5F);
SIR 10 TDI (01A);
RUNTEST 8 TCK;
SDR 320 TDI (D7E5FF7FFFFFFFFF7BF2FFFFFFFFFFFFFFFDFBFFFFFFFFFFFEF7FDFFFFFFD6B5FD7FCFD6BFEFEBFF);
SIR 10 TDI (006);
RUNTEST 8 TCK;
SIR 10 TDI (00A);
RUNTEST 30003 TCK;
ENDDR DRPAUSE;
SDR 1 TDI (1);
RUNTEST DRPAUSE 50 TCK ENDSTATE DRPAUSE;
ENDDR IDLE;
SIR 10 TDI (012);
RUNTEST IDLE 8 TCK ENDSTATE IDLE;
SIR 10 TDI (01E);
RUNTEST 8 TCK;
SDR 273 TDI (000000000000000000400000000000000000000000000000000000000002000000000);
SIR 10 TDI (012);
RUNTEST 8 TCK;
SIR 10 TDI (016);
RUNTEST 8 TCK;
SDR 320 TDI (D6B5ED6B5AD7F5FD7BFFFFF5FFFFFFFFFFEFFFFAFFB5EF7BDA7FFDFF7BDFD7BDFFEBFFFFFFFFFF5F);
SIR 10 TDI (01A);
RUNTEST 8 TCK;
SDR 320 TDI (D7F5FF7FFFFFFFFF7BF2FFFFFFFFFFFFFFFFFBFFFFFFFFFFFEF7FDFFFFFFD6B5FD7FDFD6BFEFEBFF);
SIR 10 TDI (006);
RUNTEST 8 TCK;
SIR 10 TDI (00A);
RUNTEST 30003 TCK;
ENDDR DRPAUSE;
SDR 1 TDI (1);
RUNTEST DRPAUSE 50 TCK ENDSTATE DRPAUSE;
ENDDR IDLE;
SIR 10 TDI (012);
RUNTEST IDLE 8 TCK ENDSTATE IDLE;
SIR 10 TDI (01E);
RUNTEST 8 TCK;
SDR 273 TDI (000000000000000000200000000000000000000000000000000000000001000000000);
SIR 10 TDI (012);
RUNTEST 8 TCK;
SIR 10 TDI (016);
RUNTEST 8 TCK;
SDR 320 TDI (D6B5ED6B5AD7F5FD7BFFFFF5FFFFFFFFFFEFFFFAFFB5EF7BDAFFFDFF7BDED7BDFFEAFFFFFFFFDE5F);
SIR 10 TDI (01A);
RUNTEST 8 TCK;
SDR 320 TDI (D5B5FF7FF6B7EBFF5AF2FFFFFFFFFFFFFFFFFBFFFFFFFFFFFEF7F5FFFFFFD6B5FD7FDDD6BFEFEBFF);
SIR 10 TDI (006);
RUNTEST 8 TCK;
SIR 10 TDI (00A);
RUNTEST 30003 TCK;
ENDDR DRPAUSE;
SDR 1 TDI (1);
RUNTEST DRPAUSE 50 TCK ENDSTATE DRPAUSE;
ENDDR IDLE;
SIR 10 TDI (012);
RUNTEST IDLE 8 TCK ENDSTATE IDLE;
SIR 10 TDI (01E);
RUNTEST 8 TCK;
SDR 273 TDI (000000000000000000100000000000000000000000000000000000000000800000000);
SIR 10 TDI (012);
RUNTEST 8 TCK;
SIR 10 TDI (016);
RUNTEST 8 TCK;
SDR 320 TDI (D6B5ED6B5AD7F5FD7BFFFFF5FFFFFFFFFFEFFFFAFFB5EF7BDAAFFDFF7BDFD7BDFFC95FFFFFFFB341);
SIR 10 TDI (01A);
RUNTEST 8 TCK;
SDR 320 TDI (D775FF7FFDEFFDFF6BB2FFFFFFFFFFFFFFFFFBFFFFFFFFFFFEF7FDFFFFFFD6B5FD7FDFD6BFEFEBFF);
SIR 10 TDI (006);
RUNTEST 8 TCK;
SIR 10 TDI (00A);
RUNTEST 30003 TCK;
ENDDR DRPAUSE;
SDR 1 TDI (1);
RUNTEST DRPAUSE 50 TCK ENDSTATE DRPAUSE;
ENDDR IDLE;
SIR 10 TDI (012);
RUNTEST IDLE 8 TCK ENDSTATE IDLE;
SIR 10 TDI (01E);
RUNTEST 8 TCK;
SDR 273 TDI (000000000000000000080000000000000000000000000000000000000000400000000);
SIR 10 TDI (012);
RUNTEST 8 TCK;
SIR 10 TDI (016);
RUNTEST 8 TCK;
SDR 320 TDI (D6B5ED6B5AD7F5FD7BFFFFF5FFFFFDFFFFEFFFFAFFB5EF7BDAFFFDFF7BDFD7BDFFEBFFFFFFFFFF5F);
SIR 10 TDI (01A);
RUNTEST 8 TCK;
SDR 320 TDI (D7F5FF7FFFFFFFFF7BF2FFFFFFFFFFFFFFFFFBFFFFFFFFFFFEF7FDFFFFFFD6B5FD7FDFD6BFEFEBFF);
SIR 10 TDI (006);
RUNTEST 8 TCK;
SIR 10 TDI (00A);
RUNTEST 30003 TCK;
ENDDR DRPAUSE;
SDR 1 TDI (1);
RUNTEST DRPAUSE 50 TCK ENDSTATE DRPAUSE;
ENDDR IDLE;
SIR 10 TDI (012);
RUNTEST IDLE 8 TCK ENDSTATE IDLE;
SIR 10 TDI (01E);
RUNTEST 8 TCK;
SDR 273 TDI (000000000000000000040000000000000000000000000000000000000000200000000);
SIR 10 TDI (012);
RUNTEST 8 TCK;
SIR 10 TDI (016);
RUNTEST 8 TCK;
SDR 320 TDI (D6B5ED6B5AD7F5FD7BFFFFF5FFFFFFFFFFEFFFFAFFB5EF7BDAFFFDFF7BDFD7BDFFEBFFFFFFFFFF5F);
SIR 10 TDI (01A);
RUNTEST 8 TCK;
SDR 320 TDI (D7F5FF7FFFFFFFFF7BF2FFFFFFFFFFFFFFFFFBFFFFFFFFFFFEF7FDFFFFFFD6B5FD7FDFD6BFEFEBFF);
SIR 10 TDI (006);
RUNTEST 8 TCK;
SIR 10 TDI (00A);
RUNTEST 30003 TCK;
ENDDR DRPAUSE;
SDR 1 TDI (1);
RUNTEST DRPAUSE 50 TCK ENDSTATE DRPAUSE;
ENDDR IDLE;
SIR 10 TDI (012);
RUNTEST IDLE 8 TCK ENDSTATE IDLE;
SIR 10 TDI (01E);
RUNTEST 8 TCK;
SDR 273 TDI (000000000000000000020000000000000000000000000000000000000000100000000);
SIR 10 TDI (012);
RUNTEST 8 TCK;
SIR 10 TDI (016);
RUNTEST 8 TCK;
SDR 320 TDI (D6B5ED6B5AD7F5FD7BFFFFF5FFFFFFFFFFEFFFFAFFB5EF7BDAFFFDFF7BDFD7BDFFEBFFFFFFFFFF5F);
SIR 10 TDI (01A);
RUNTEST 8 TCK;
SDR 320 TDI (D7F5FF7FFFFFFFFF7BF2FFFFFFFFFFFFFFFFFBFFFFFFFFFFFEF7FDFFFFFFD6B5FD7FDFD6BFEFEBFF);
SIR 10 TDI (006);
RUNTEST 8 TCK;
SIR 10 TDI (00A);
RUNTEST 30003 TCK;
ENDDR DRPAUSE;
SDR 1 TDI (1);
RUNTEST DRPAUSE 50 TCK ENDSTATE DRPAUSE;
ENDDR IDLE;
SIR 10 TDI (012);
RUNTEST IDLE 8 TCK ENDSTATE IDLE;
SIR 10 TDI (01E);
RUNTEST 8 TCK;
SDR 273 TDI (000000000000000000010000000000000000000000000000000000000000080000000);
SIR 10 TDI (012);
RUNTEST 8 TCK;
SIR 10 TDI (016);
RUNTEST 8 TCK;
SDR 320 TDI (D6B5ED6B5AD7F5FD7BFFFFF5FFFFFFFFFFEFFFFAFFB5EF7BDAFFFDFF7BDFD7BDFFEBFFFFFFFFFF5F);
SIR 10 TDI (01A);
RUNTEST 8 TCK;
SDR 320 TDI (D7F5FF7FFFFFFFFF7BF2FFFFFFFFFFFFFFFFFBFFFFFFFFFFFEF7FDFFFFFFD6B5FD7FDFD6BFEFEBFF);
SIR 10 TDI (006);
RUNTEST 8 TCK;
SIR 10 TDI (00A);
RUNTEST 30003 TCK;
ENDDR DRPAUSE;
SDR 1 TDI (1);
RUNTEST DRPAUSE 50 TCK ENDSTATE DRPAUSE;
ENDDR IDLE;
SIR 10 TDI (012);
RUNTEST IDLE 8 TCK ENDSTATE IDLE;
SIR 10 TDI (01E);
RUNTEST 8 TCK;
SDR 273 TDI (000000000000000000008000000000000000000000000000000000000000040000000);
SIR 10 TDI (012);
RUNTEST 8 TCK;
SIR 10 TDI (016);
RUNTEST 8 TCK;
SDR 320 TDI (D6B5ED6B5AD7F5FD7BFFFFF5FFFFFFFFFFEFFFFAFFB5EF7BDAFFFDFF7BDFD7BDFFEBFFFFFFFFFF5F);
SIR 10 TDI (01A);
RUNTEST 8 TCK;
SDR 320 TDI (D7F5FF7FFFFFFFFF7BF2FFFFFFFFFFFFFFFFFBFFFFFFFFFFFEF7FDFFFFFFD6B5FD7FDFD6BFEFEBFF);
SIR 10 TDI (006);
RUNTEST 8 TCK;
SIR 10 TDI (00A);
RUNTEST 30003 TCK;
ENDDR DRPAUSE;
SDR 1 TDI (1);
RUNTEST DRPAUSE 50 TCK ENDSTATE DRPAUSE;
ENDDR IDLE;
SIR 10 TDI (012);
RUNTEST IDLE 8 TCK ENDSTATE IDLE;
SIR 10 TDI (01E);
RUNTEST 8 TCK;
SDR 273 TDI (000000000000000000004000000000000000000000000000000000000000020000000);
SIR 10 TDI (012);
RUNTEST 8 TCK;
SIR 10 TDI (016);
RUNTEST 8 TCK;
SDR 320 TDI (D6B5ED6B5AD7F5FD7BFFFFF5FFFFFFFFFFEFFFFAFFB5EF7BDAFFFDFF7BDFD7BDFFEBFFFFFFFFFF5F);
SIR 10 TDI (01A);
RUNTEST 8 TCK;
SDR 320 TDI (D7F5FF7FFFFFFFFF7BF2FFFFFFFFFFFFFFFFFBFFFFFFFFFFFEF7FDFFFFFFD6B5FD7FDFD6BFEFEBFF);
SIR 10 TDI (006);
RUNTEST 8 TCK;
SIR 10 TDI (00A);
RUNTEST 30003 TCK;
ENDDR DRPAUSE;
SDR 1 TDI (1);
RUNTEST DRPAUSE 50 TCK ENDSTATE DRPAUSE;
ENDDR IDLE;
SIR 10 TDI (012);
RUNTEST IDLE 8 TCK ENDSTATE IDLE;
SIR 10 TDI (01E);
RUNTEST 8 TCK;
SDR 273 TDI (000000000000000000002000000000000000000000000000000000000000010000000);
SIR 10 TDI (012);
RUNTEST 8 TCK;
SIR 10 TDI (016);
RUNTEST 8 TCK;
SDR 320 TDI (D6B5ED6B5AD7F5FD7BFFFFF5FFFFFFFFFFEFFFFAFFB5EF7BDAFFFDFF7BDFD7BDFFEBFFFFFFFFFF5F);
SIR 10 TDI (01A);
RUNTEST 8 TCK;
SDR 320 TDI (D7F5FF7FFFFFFFFF7BF2FFFFFFFFFFFFFFFFFBFFFFFFFFFFFEF7FDFFFFFFD6B5FD7FDFD6BFEFEBFF);
SIR 10 TDI (006);
RUNTEST 8 TCK;
SIR 10 TDI (00A);
RUNTEST 30003 TCK;
ENDDR DRPAUSE;
SDR 1 TDI (1);
RUNTEST DRPAUSE 50 TCK ENDSTATE DRPAUSE;
ENDDR IDLE;
SIR 10 TDI (012);
RUNTEST IDLE 8 TCK ENDSTATE IDLE;
SIR 10 TDI (01E);
RUNTEST 8 TCK;
SDR 273 TDI (000000000000000000001000000000000000000000000000000000000000008000000);
SIR 10 TDI (012);
RUNTEST 8 TCK;
SIR 10 TDI (016);
RUNTEST 8 TCK;
SDR 320 TDI (D6B5ED6B5AD7F5FD7BFFFFF5FFFFFFFFFFEFFFFAFFB5EF7BDAFFFDFF7BDFD7BDFFEBFFFFFFFFFF5F);
SIR 10 TDI (01A);
RUNTEST 8 TCK;
SDR 320 TDI (D7F5FF7FFFFFFFFF7BF2FFFFFFFFFFFFFFFFFBFFFFFFFFFFFEF7FDFFFFFFD6B5FD7FDFD6BFEFEBFF);
SIR 10 TDI (006);
RUNTEST 8 TCK;
SIR 10 TDI (00A);
RUNTEST 30003 TCK;
ENDDR DRPAUSE;
SDR 1 TDI (1);
RUNTEST DRPAUSE 50 TCK ENDSTATE DRPAUSE;
ENDDR IDLE;
SIR 10 TDI (012);
RUNTEST IDLE 8 TCK ENDSTATE IDLE;
SIR 10 TDI (01E);
RUNTEST 8 TCK;
SDR 273 TDI (000000000000000000000800000000000000000000000000000000000000004000000);
SIR 10 TDI (012);
RUNTEST 8 TCK;
SIR 10 TDI (016);
RUNTEST 8 TCK;
SDR 320 TDI (D6B5ED6B5AD7F5FD7BFFFFF5FFFFFFFFFFEFFFFAFFB5EF7BDAFFFDFF7BDFD7BDFFEBFFFFFFFFFF5F);
SIR 10 TDI (01A);
RUNTEST 8 TCK;
SDR 320 TDI (D7F5FF7FFFFFFFFF7BF2FFFFFFFFFFFFFFFFFBFFFFFFFFFFFEF7FDFFFFFFD6B5FD7FDFD6BFEFEBFF);
SIR 10 TDI (006);
RUNTEST 8 TCK;
SIR 10 TDI (00A);
RUNTEST 30003 TCK;
ENDDR DRPAUSE;
SDR 1 TDI (1);
RUNTEST DRPAUSE 50 TCK ENDSTATE DRPAUSE;
ENDDR IDLE;
SIR 10 TDI (012);
RUNTEST IDLE 8 TCK ENDSTATE IDLE;
SIR 10 TDI (01E);
RUNTEST 8 TCK;
SDR 273 TDI (000000000000000000000400000000000000000000000000000000000000002000000);
SIR 10 TDI (012);
RUNTEST 8 TCK;
SIR 10 TDI (016);
RUNTEST 8 TCK;
SDR 320 TDI (D6B5ED6B5AD7F5FD7BFFFFF5FFFFFFFFFFEFFFFAFFB5EF7BDAFFFDFF7BDFD7BDFFEBFFFFFFFFFF5F);
SIR 10 TDI (01A);
RUNTEST 8 TCK;
SDR 320 TDI (D7F5FF7FFFFFFFFF7BF2FFFFFFFFFFFFFFFFFBFFFFFFFFFFFEF7FDFFFFFFD6B5FD7FDFD6BFEFEBFF);
SIR 10 TDI (006);
RUNTEST 8 TCK;
SIR 10 TDI (00A);
RUNTEST 30003 TCK;
ENDDR DRPAUSE;
SDR 1 TDI (1);
RUNTEST DRPAUSE 50 TCK ENDSTATE DRPAUSE;
ENDDR IDLE;
SIR 10 TDI (012);
RUNTEST IDLE 8 TCK ENDSTATE IDLE;
SIR 10 TDI (01E);
RUNTEST 8 TCK;
SDR 273 TDI (000000000000000000000200000000000000000000000000000000000000001000000);
SIR 10 TDI (012);
RUNTEST 8 TCK;
SIR 10 TDI (016);
RUNTEST 8 TCK;
SDR 320 TDI (D6B5ED6B5AD7F5FD7BFFFFF5FFFFFFFFFFEFFFFAFFB5EF7BDAFFFDFF7BDFD7BDFFEBFFFFFFFFFF5F);
SIR 10 TDI (01A);
RUNTEST 8 TCK;
SDR 320 TDI (D7F5FF7FFFFFFFFF7BF2FFFFFFFFFFFFFFFFFBFFFFFFFFFFFEF7FDFFFFFFD6B5FD7FDFD6BFEFEBFF);
SIR 10 TDI (006);
RUNTEST 8 TCK;
SIR 10 TDI (00A);
RUNTEST 30003 TCK;
ENDDR DRPAUSE;
SDR 1 TDI (1);
RUNTEST DRPAUSE 50 TCK ENDSTATE DRPAUSE;
ENDDR IDLE;
SIR 10 TDI (012);
RUNTEST IDLE 8 TCK ENDSTATE IDLE;
SIR 10 TDI (01E);
RUNTEST 8 TCK;
SDR 273 TDI (000000000000000000000100000000000000000000000000000000000000000800000);
SIR 10 TDI (012);
RUNTEST 8 TCK;
SIR 10 TDI (016);
RUNTEST 8 TCK;
SDR 320 TDI (D6B5ED6B5AD7F5FD7BFFFFF5FFFFFFFFFFEFFFFAFFB5EF7BDAFFFDFF7BDFD7BDFFEBFFFFFFFFFF5F);
SIR 10 TDI (01A);
RUNTEST 8 TCK;
SDR 320 TDI (D7F5FF7FFFFFFFFF7BF2FFFFFFFFFFFFFFFFFBFFFFFFFFFFFEF7FDFFFFFFD6B5FD7FDFD6BFEFEBFF);
SIR 10 TDI (006);
RUNTEST 8 TCK;
SIR 10 TDI (00A);
RUNTEST 30003 TCK;
ENDDR DRPAUSE;
SDR 1 TDI (1);
RUNTEST DRPAUSE 50 TCK ENDSTATE DRPAUSE;
ENDDR IDLE;
SIR 10 TDI (012);
RUNTEST IDLE 8 TCK ENDSTATE IDLE;
SIR 10 TDI (01E);
RUNTEST 8 TCK;
SDR 273 TDI (000000000000000000000080000000000000000000000000000000000000000400000);
SIR 10 TDI (012);
RUNTEST 8 TCK;
SIR 10 TDI (016);
RUNTEST 8 TCK;
SDR 320 TDI (D6B5ED6B5AD7F5FD7BFFFFF5FFFFFFFFFFEFFFFAFFB5EF7BDAFFFDFF7BDFD7BDFFEBFFFFFFFFFF5F);
SIR 10 TDI (01A);
RUNTEST 8 TCK;
SDR 320 TDI (D7F5FF7FFFFFFFFF7BF2FFFFFFFFFFFFFFFFFBFFFFFFFFFFFEF7FDFFFFFFD6B5FD7FDFD6BFEFEBFF);
SIR 10 TDI (006);
RUNTEST 8 TCK;
SIR 10 TDI (00A);
RUNTEST 30003 TCK;
ENDDR DRPAUSE;
SDR 1 TDI (1);
RUNTEST DRPAUSE 50 TCK ENDSTATE DRPAUSE;
ENDDR IDLE;
SIR 10 TDI (012);
RUNTEST IDLE 8 TCK ENDSTATE IDLE;
SIR 10 TDI (01E);
RUNTEST 8 TCK;
SDR 273 TDI (000000000000000000000040000000000000000000000000000000000000000200000);
SIR 10 TDI (012);
RUNTEST 8 TCK;
SIR 10 TDI (016);
RUNTEST 8 TCK;
SDR 320 TDI (D6B5ED6B5AD7F5FD7BFFFFF5FFFFFFFFFFEFFFFAFFB5EF7BDAFFFDFF7BDFD7BDFFEBFFFFFFFFFF5F);
SIR 10 TDI (01A);
RUNTEST 8 TCK;
SDR 320 TDI (D7F5FF7FFFFFFFFF7BF2FFFFFFFFFFFFFFFFFBFFFFFFFFFFFEF7FDFFFFFFD6B5FD7FDFD6BFEFEBFF);
SIR 10 TDI (006);
RUNTEST 8 TCK;
SIR 10 TDI (00A);
RUNTEST 30003 TCK;
ENDDR DRPAUSE;
SDR 1 TDI (1);
RUNTEST DRPAUSE 50 TCK ENDSTATE DRPAUSE;
ENDDR IDLE;
SIR 10 TDI (012);
RUNTEST IDLE 8 TCK ENDSTATE IDLE;
SIR 10 TDI (01E);
RUNTEST 8 TCK;
SDR 273 TDI (000000000000000000000020000000000000000000000000000000000000000100000);
SIR 10 TDI (012);
RUNTEST 8 TCK;
SIR 10 TDI (016);
RUNTEST 8 TCK;
SDR 320 TDI (D6B5ED6B5AD7F5FD7BFFFFF5FFFFFFFFFFEFFFFAFFB5EF7BDAFFFDFF7BDFD7BDFFEBFFFFFFFFFF5F);
SIR 10 TDI (01A);
RUNTEST 8 TCK;
SDR 320 TDI (D7F5FF7FFFFFFFFF7BF2FFFFFFFFFFFFFFFFFBFFFFFFFFFFFEF7FDFFFFFFD6B5FD7FDFD6BFEFEBFF);
SIR 10 TDI (006);
RUNTEST 8 TCK;
SIR 10 TDI (00A);
RUNTEST 30003 TCK;
ENDDR DRPAUSE;
SDR 1 TDI (1);
RUNTEST DRPAUSE 50 TCK ENDSTATE DRPAUSE;
ENDDR IDLE;
SIR 10 TDI (012);
RUNTEST IDLE 8 TCK ENDSTATE IDLE;
SIR 10 TDI (01E);
RUNTEST 8 TCK;
SDR 273 TDI (000000000000000000000010000000000000000000000000000000000000000080000);
SIR 10 TDI (012);
RUNTEST 8 TCK;
SIR 10 TDI (016);
RUNTEST 8 TCK;
SDR 320 TDI (D6B5ED6B5AD7F5FD7BFFFFF5FFFFFFFFFFEFFFFAFFB5EF7BDAFFFDFF7BDFD7BDFFEBFFFFFFFFFF5F);
SIR 10 TDI (01A);
RUNTEST 8 TCK;
SDR 320 TDI (D7F5FF7FFFFFFFFF7BF2FFFFFFFFFFFFFFFFFBFFFFFFFFFFFEF7FDFFFFFFD6B5FD7FDFD6BFEFEBFF);
SIR 10 TDI (006);
RUNTEST 8 TCK;
SIR 10 TDI (00A);
RUNTEST 30003 TCK;
ENDDR DRPAUSE;
SDR 1 TDI (1);
RUNTEST DRPAUSE 50 TCK ENDSTATE DRPAUSE;
ENDDR IDLE;
SIR 10 TDI (012);
RUNTEST IDLE 8 TCK ENDSTATE IDLE;
SIR 10 TDI (01E);
RUNTEST 8 TCK;
SDR 273 TDI (000000000000000000000008000000000000000000000000000000000000000040000);
SIR 10 TDI (012);
RUNTEST 8 TCK;
SIR 10 TDI (016);
RUNTEST 8 TCK;
SDR 320 TDI (D7F5FF7FFF84210842108421084200842188421084210842100421084210842108401084210C0200);
SIR 10 TDI (01A);
RUNTEST 8 TCK;
SDR 320 TDI (D7F5FF7FFF8421084010842100421084218842108421084210842108421084210802008401044200);
SIR 10 TDI (006);
RUNTEST 8 TCK;
SIR 10 TDI (00A);
RUNTEST 30003 TCK;
ENDDR DRPAUSE;
SDR 1 TDI (1);
RUNTEST DRPAUSE 50 TCK ENDSTATE DRPAUSE;
ENDDR IDLE;
SIR 10 TDI (012);
RUNTEST IDLE 8 TCK ENDSTATE IDLE;
SIR 10 TDI (01E);
RUNTEST 8 TCK;
SDR 273 TDI (000000000000000000000004000000000000000000000000000000000000000020000);
SIR 10 TDI (012);
RUNTEST 8 TCK;
SIR 10 TDI (016);
RUNTEST 8 TCK;
SDR 320 TDI (53D4F73DEF00000000000000084000002048420080000000000001000000000108001084210A0000);
SIR 10 TDI (01A);
RUNTEST 8 TCK;
SDR 320 TDI (53D5F77FEF0401000000840100020080004002100401004200040108421000010000000000020200);
SIR 10 TDI (006);
RUNTEST 8 TCK;
SIR 10 TDI (00A);
RUNTEST 30003 TCK;
ENDDR DRPAUSE;
SDR 1 TDI (1);
RUNTEST DRPAUSE 50 TCK ENDSTATE DRPAUSE;
ENDDR IDLE;
SIR 10 TDI (012);
RUNTEST IDLE 8 TCK ENDSTATE IDLE;
SIR 10 TDI (01E);
RUNTEST 8 TCK;
SDR 273 TDI (000000000000000000000002000000000000000000000000000000000000000010000);
SIR 10 TDI (012);
RUNTEST 8 TCK;
SIR 10 TDI (016);
RUNTEST 8 TCK;
SDR 320 TDI (D7F4FF7FFF8421080200842108401084212842108421004210042108420080010840108421090200);
SIR 10 TDI (01A);
RUNTEST 8 TCK;
SDR 320 TDI (D7F5F77FFF8421000210840100421084212002108421084200040108421084210800008401014200);
SIR 10 TDI (006);
RUNTEST 8 TCK;
SIR 10 TDI (00A);
RUNTEST 30003 TCK;
ENDDR DRPAUSE;
SDR 1 TDI (1);
RUNTEST DRPAUSE 50 TCK ENDSTATE DRPAUSE;
ENDDR IDLE;
SIR 10 TDI (012);
RUNTEST IDLE 8 TCK ENDSTATE IDLE;
SIR 10 TDI (01E);
RUNTEST 8 TCK;
SDR 273 TDI (000000000000000000000001000000000000000000000000000000000000000008000);
SIR 10 TDI (012);
RUNTEST 8 TCK;
SIR 10 TDI (016);
RUNTEST 8 TCK;
SDR 320 TDI (D7F4FF7FFF8020080000002008401000211842108421084210002108420084210840108421088200);
SIR 10 TDI (01A);
RUNTEST 8 TCK;
SDR 320 TDI (D3F5FF7FEF040100401084010002008000104210040100421084210842108421080200840100C200);
SIR 10 TDI (006);
RUNTEST 8 TCK;
SIR 10 TDI (00A);
RUNTEST 30003 TCK;
ENDDR DRPAUSE;
SDR 1 TDI (1);
RUNTEST DRPAUSE 50 TCK ENDSTATE DRPAUSE;
ENDDR IDLE;
SIR 10 TDI (012);
RUNTEST IDLE 8 TCK ENDSTATE IDLE;
SIR 10 TDI (01E);
RUNTEST 8 TCK;
SDR 273 TDI (000000000000000000000000800000000000000000000000000000000000000004000);
SIR 10 TDI (012);
RUNTEST 8 TCK;
SIR 10 TDI (016);
RUNTEST 8 TCK;
SDR 320 TDI (53D4F73DEF0000000000000000000000000000000000000000000000000000000000000000000000);
SIR 10 TDI (01A);
RUNTEST 8 TCK;
SDR 320 TDI (53D4F73DEF0000000000000000000000000000000000000000000000000000000000000000000000);
SIR 10 TDI (006);
RUNTEST 8 TCK;
SIR 10 TDI (00A);
RUNTEST 30003 TCK;
ENDDR DRPAUSE;
SDR 1 TDI (1);
RUNTEST DRPAUSE 50 TCK ENDSTATE DRPAUSE;
ENDDR IDLE;
SIR 10 TDI (012);
RUNTEST IDLE 8 TCK ENDSTATE IDLE;
SIR 10 TDI (01E);
RUNTEST 8 TCK;
SDR 273 TDI (000000000000000000000000400000000000000000000000000000000000000002000);
SIR 10 TDI (012);
RUNTEST 8 TCK;
SIR 10 TDI (016);
RUNTEST 8 TCK;
SDR 320 TDI (D3F4FF3DFF8020080000000008420000200C42008020080000800100001004210842108421086210);
SIR 10 TDI (01A);
RUNTEST 8 TCK;
SDR 320 TDI (D3F5FF7FEF0401084010840100020080000C42100401004210842108421084210842108420086210);
SIR 10 TDI (006);
RUNTEST 8 TCK;
SIR 10 TDI (00A);
RUNTEST 30003 TCK;
ENDDR DRPAUSE;
SDR 1 TDI (1);
RUNTEST DRPAUSE 50 TCK ENDSTATE DRPAUSE;
ENDDR IDLE;
SIR 10 TDI (012);
RUNTEST IDLE 8 TCK ENDSTATE IDLE;
SIR 10 TDI (01E);
RUNTEST 8 TCK;
SDR 273 TDI (000000000000000000000000200000000000000000000000000000000000000001000);
SIR 10 TDI (012);
RUNTEST 8 TCK;
SIR 10 TDI (016);
RUNTEST 8 TCK;
SDR 320 TDI (53D4F73DEF0000000000000000000000000200000000000000000000000000000000000000001000);
SIR 10 TDI (01A);
RUNTEST 8 TCK;
SDR 320 TDI (53D4F73DEF0000000000000000000000000200000000000000000000000000000000000000001000);
SIR 10 TDI (006);
RUNTEST 8 TCK;
SIR 10 TDI (00A);
RUNTEST 30003 TCK;
ENDDR DRPAUSE;
SDR 1 TDI (1);
RUNTEST DRPAUSE 50 TCK ENDSTATE DRPAUSE;
ENDDR IDLE;
SIR 10 TDI (012);
RUNTEST IDLE 8 TCK ENDSTATE IDLE;
SIR 10 TDI (01E);
RUNTEST 8 TCK;
SDR 273 TDI (000000000000000000000000100000000000000000000000000000000000000000800);
SIR 10 TDI (012);
RUNTEST 8 TCK;
SIR 10 TDI (016);
RUNTEST 8 TCK;
SDR 320 TDI (53D4F73DEF0000000000000000020000000100000000000000000000000000000040000000000A00);
SIR 10 TDI (01A);
RUNTEST 8 TCK;
SDR 320 TDI (53D4F73DEF0000004000000000000000000100000000000000000000000000000802000400000800);
SIR 10 TDI (006);
RUNTEST 8 TCK;
SIR 10 TDI (00A);
RUNTEST 30003 TCK;
ENDDR DRPAUSE;
SDR 1 TDI (1);
RUNTEST DRPAUSE 50 TCK ENDSTATE DRPAUSE;
ENDDR IDLE;
SIR 10 TDI (012);
RUNTEST IDLE 8 TCK ENDSTATE IDLE;
SIR 10 TDI (01E);
RUNTEST 8 TCK;
SDR 273 TDI (000000000000000000000000080000000000000000000000000000000000000000400);
SIR 10 TDI (012);
RUNTEST 8 TCK;
SIR 10 TDI (016);
RUNTEST 8 TCK;
SDR 320 TDI (53D4F73DEF0401000200840100000084000080000000000000000000000000000000000000000400);
SIR 10 TDI (01A);
RUNTEST 8 TCK;
SDR 320 TDI (57D4F73DFF8020000000000000401004210080008020080000000000000000000000000000000400);
SIR 10 TDI (006);
RUNTEST 8 TCK;
SIR 10 TDI (00A);
RUNTEST 30003 TCK;
ENDDR DRPAUSE;
SDR 1 TDI (1);
RUNTEST DRPAUSE 50 TCK ENDSTATE DRPAUSE;
ENDDR IDLE;
SIR 10 TDI (012);
RUNTEST IDLE 8 TCK ENDSTATE IDLE;
SIR 10 TDI (01E);
RUNTEST 8 TCK;
SDR 273 TDI (000000000000000000000000040000000000000000000000000000000000000000200);
SIR 10 TDI (012);
RUNTEST 8 TCK;
SIR 10 TDI (016);
RUNTEST 8 TCK;
SDR 320 TDI (53D5F73DEF0000004000000000000000000000000000080000000000000000000000000000000000);
SIR 10 TDI (01A);
RUNTEST 8 TCK;
SDR 320 TDI (53D4F73DEF0000000010000000000000000000000000000000000000000000000000000000000000);
SIR 10 TDI (006);
RUNTEST 8 TCK;
SIR 10 TDI (00A);
RUNTEST 30003 TCK;
ENDDR DRPAUSE;
SDR 1 TDI (1);
RUNTEST DRPAUSE 50 TCK ENDSTATE DRPAUSE;
ENDDR IDLE;
SIR 10 TDI (012);
RUNTEST IDLE 8 TCK ENDSTATE IDLE;
SIR 10 TDI (01E);
RUNTEST 8 TCK;
SDR 273 TDI (000000000000000000000000020000000000000000000000000000000000000000100);
SIR 10 TDI (012);
RUNTEST 8 TCK;
SIR 10 TDI (016);
RUNTEST 8 TCK;
SDR 320 TDI (D3F4FF3DFF8020080000000000000000000020000020080000800000001004200002000000004110);
SIR 10 TDI (01A);
RUNTEST 8 TCK;
SDR 320 TDI (D3F4FF3DEF0000080010000000000000000860000000000010802000000084200040108020084110);
SIR 10 TDI (006);
RUNTEST 8 TCK;
SIR 10 TDI (00A);
RUNTEST 30003 TCK;
ENDDR DRPAUSE;
SDR 1 TDI (1);
RUNTEST DRPAUSE 50 TCK ENDSTATE DRPAUSE;
ENDDR IDLE;
SIR 10 TDI (012);
RUNTEST IDLE 8 TCK ENDSTATE IDLE;
SIR 10 TDI (01E);
RUNTEST 8 TCK;
SDR 273 TDI (000000000000000000000000010000000000000000000000000000000000000000080);
SIR 10 TDI (012);
RUNTEST 8 TCK;
SIR 10 TDI (016);
RUNTEST 8 TCK;
SDR 320 TDI (D7F5FF7FFF8421084210842108421084210852008421004210042108421084210842108421084290);
SIR 10 TDI (01A);
RUNTEST 8 TCK;
SDR 320 TDI (D7D5FF7FFF8421084210842108421084210852108421084210842108421080210842108421084290);
SIR 10 TDI (006);
RUNTEST 8 TCK;
SIR 10 TDI (00A);
RUNTEST 30003 TCK;
ENDDR DRPAUSE;
SDR 1 TDI (1);
RUNTEST DRPAUSE 50 TCK ENDSTATE DRPAUSE;
ENDDR IDLE;
SIR 10 TDI (012);
RUNTEST IDLE 8 TCK ENDSTATE IDLE;
SIR 10 TDI (01E);
RUNTEST 8 TCK;
SDR 273 TDI (000000000000000000000000008000000000000000000000000000000000000000040);
SIR 10 TDI (012);
RUNTEST 8 TCK;
SIR 10 TDI (016);
RUNTEST 8 TCK;
SDR 320 TDI (D3F5FF7DFF842108421084210842108421084A108421084200842108421004210842108421084250);
SIR 10 TDI (01A);
RUNTEST 8 TCK;
SDR 320 TDI (D7F5FF7FFF842108421084210842108421084A108421084210842108421084210842108421084250);
SIR 10 TDI (006);
RUNTEST 8 TCK;
SIR 10 TDI (00A);
RUNTEST 30003 TCK;
ENDDR DRPAUSE;
SDR 1 TDI (1);
RUNTEST DRPAUSE 50 TCK ENDSTATE DRPAUSE;
ENDDR IDLE;
SIR 10 TDI (012);
RUNTEST IDLE 8 TCK ENDSTATE IDLE;
SIR 10 TDI (01E);
RUNTEST 8 TCK;
SDR 273 TDI (000000000000000000000000004000000000000000000000000000000000000000020);
SIR 10 TDI (012);
RUNTEST 8 TCK;
SIR 10 TDI (016);
RUNTEST 8 TCK;
SDR 320 TDI (D7F5FF7FFF8421084200840100020084010006000401084200840100420084210002008401004230);
SIR 10 TDI (01A);
RUNTEST 8 TCK;
SDR 320 TDI (D7F5FF7FFF8421004210842108421084210846008421084210842100421084010042108421084230);
SIR 10 TDI (006);
RUNTEST 8 TCK;
SIR 10 TDI (00A);
RUNTEST 30003 TCK;
ENDDR DRPAUSE;
SDR 1 TDI (1);
RUNTEST DRPAUSE 50 TCK ENDSTATE DRPAUSE;
ENDDR IDLE;
SIR 10 TDI (012);
RUNTEST IDLE 8 TCK ENDSTATE IDLE;
SIR 10 TDI (01E);
RUNTEST 8 TCK;
SDR 273 TDI (000000000000000000000000002000000000000000000000000000000000000000010);
SIR 10 TDI (012);
RUNTEST 8 TCK;
SIR 10 TDI (016);
RUNTEST 8 TCK;
SDR 320 TDI (57D5F77FEF0401004200840100020084010002000401084200840100420084210002008401000200);
SIR 10 TDI (01A);
RUNTEST 8 TCK;
SDR 320 TDI (57F5FF7FFF8421084210842108421084210842008421084210842100421084010002008401000200);
SIR 10 TDI (006);
RUNTEST 8 TCK;
SIR 10 TDI (00A);
RUNTEST 30003 TCK;
ENDDR DRPAUSE;
SDR 1 TDI (1);
RUNTEST DRPAUSE 50 TCK ENDSTATE DRPAUSE;
ENDDR IDLE;
SIR 10 TDI (012);
RUNTEST IDLE 8 TCK ENDSTATE IDLE;
SIR 10 TDI (01E);
RUNTEST 8 TCK;
SDR 273 TDI (000000000000000000000000001000000000000000000000000000000000000000008);
SIR 10 TDI (012);
RUNTEST 8 TCK;
SIR 10 TDI (016);
RUNTEST 8 TCK;
SDR 320 TDI (57D5F77FEF0401004210842108421084210843108421084210842108421084210842108421084218);
SIR 10 TDI (01A);
RUNTEST 8 TCK;
SDR 320 TDI (57F5FF7FFF8421084210842108421084210843108421084210842108421084210842108421084218);
SIR 10 TDI (006);
RUNTEST 8 TCK;
SIR 10 TDI (00A);
RUNTEST 30003 TCK;
ENDDR DRPAUSE;
SDR 1 TDI (1);
RUNTEST DRPAUSE 50 TCK ENDSTATE DRPAUSE;
ENDDR IDLE;
SIR 10 TDI (012);
RUNTEST IDLE 8 TCK ENDSTATE IDLE;
SIR 10 TDI (01E);
RUNTEST 8 TCK;
SDR 273 TDI (000000000000000000000000000800000000000000000000000000000000000000004);
SIR 10 TDI (012);
RUNTEST 8 TCK;
SIR 10 TDI (016);
RUNTEST 8 TCK;
SDR 320 TDI (D7F5FF7FFF8421084210842108421084210842908421084210842108421084210842108421084214);
SIR 10 TDI (01A);
RUNTEST 8 TCK;
SDR 320 TDI (D7F5FF7FFF8421084210842108421084210842908421084210842108421084210842108421084214);
SIR 10 TDI (006);
RUNTEST 8 TCK;
SIR 10 TDI (00A);
RUNTEST 30003 TCK;
ENDDR DRPAUSE;
SDR 1 TDI (1);
RUNTEST DRPAUSE 50 TCK ENDSTATE DRPAUSE;
ENDDR IDLE;
SIR 10 TDI (012);
RUNTEST IDLE 8 TCK ENDSTATE IDLE;
SIR 10 TDI (01E);
RUNTEST 8 TCK;
SDR 273 TDI (000000000000000000000000000400000000000000000000000000000000000000002);
SIR 10 TDI (012);
RUNTEST 8 TCK;
SIR 10 TDI (016);
RUNTEST 8 TCK;
SDR 320 TDI (D7F5FF7FFF8421084210842108421084210842508421084210842108421084210842108421084212);
SIR 10 TDI (01A);
RUNTEST 8 TCK;
SDR 320 TDI (D7F5FF7FFF8421084210842108421084210842508421084210842108421084210842108421084212);
SIR 10 TDI (006);
RUNTEST 8 TCK;
SIR 10 TDI (00A);
RUNTEST 30003 TCK;
ENDDR DRPAUSE;
SDR 1 TDI (1);
RUNTEST DRPAUSE 50 TCK ENDSTATE DRPAUSE;
ENDDR IDLE;
SIR 10 TDI (012);
RUNTEST IDLE 8 TCK ENDSTATE IDLE;
SIR 10 TDI (01E);
RUNTEST 8 TCK;
SDR 273 TDI (000000000000000000000000000200000000000000000000000000000000000000001);
SIR 10 TDI (012);
RUNTEST 8 TCK;
SIR 10 TDI (016);
RUNTEST 8 TCK;
SDR 320 TDI (D7F5FF7FFF8421084210842108421084210842308421084210842108421084210842108421084211);
SIR 10 TDI (01A);
RUNTEST 8 TCK;
SDR 320 TDI (D7F5FF7FFF8421084200842108421084210842308421084210842108421084210842108421084211);
SIR 10 TDI (006);
RUNTEST 8 TCK;
SIR 10 TDI (00A);
RUNTEST 30003 TCK;
ENDDR DRPAUSE;
SDR 1 TDI (1);
RUNTEST DRPAUSE 50 TCK ENDSTATE DRPAUSE;
ENDDR IDLE;
SIR 10 TDI (012);
RUNTEST IDLE 8 TCK ENDSTATE IDLE;
SIR 10 TDI (01E);
RUNTEST 8 TCK;
SDR 273 TDI (000000000000000000000000000080000000000000000000000000000000000000000);
SIR 10 TDI (012);
RUNTEST 8 TCK;
SIR 10 TDI (016);
RUNTEST 8 TCK;
SDR 320 TDI (D7F5FF7FFF0401084210842108421084010842188421084210040108421084210842108421084210);
SIR 10 TDI (01A);
RUNTEST 8 TCK;
SDR 320 TDI (D7F5FF7FFF8421084210842108421084210842188420084210842108421084210842108421084210);
SIR 10 TDI (006);
RUNTEST 8 TCK;
SIR 10 TDI (00A);
RUNTEST 30003 TCK;
ENDDR DRPAUSE;
SDR 1 TDI (1);
RUNTEST DRPAUSE 50 TCK ENDSTATE DRPAUSE;
ENDDR IDLE;
SIR 10 TDI (012);
RUNTEST IDLE 8 TCK ENDSTATE IDLE;
SIR 10 TDI (01E);
RUNTEST 8 TCK;
SDR 273 TDI (000000000000000000000000000040000000000000000000000000000000000000000);
SIR 10 TDI (012);
RUNTEST 8 TCK;
SIR 10 TDI (016);
RUNTEST 8 TCK;
SDR 320 TDI (D7F5FF7FFF8421084210842108421084210842148421084210842108421084210842108421084210);
SIR 10 TDI (01A);
RUNTEST 8 TCK;
SDR 320 TDI (D7F5FF7FFF8421084210842108421084210842148420084210842108421084210842108421084210);
SIR 10 TDI (006);
RUNTEST 8 TCK;
SIR 10 TDI (00A);
RUNTEST 30003 TCK;
ENDDR DRPAUSE;
SDR 1 TDI (1);
RUNTEST DRPAUSE 50 TCK ENDSTATE DRPAUSE;
ENDDR IDLE;
SIR 10 TDI (012);
RUNTEST IDLE 8 TCK ENDSTATE IDLE;
SIR 10 TDI (01E);
RUNTEST 8 TCK;
SDR 273 TDI (000000000000000000000000000020000000000000000000000000000000000000000);
SIR 10 TDI (012);
RUNTEST 8 TCK;
SIR 10 TDI (016);
RUNTEST 8 TCK;
SDR 320 TDI (D7F5FF7FFF8421084210842108421084210842128421084210842108421084210840108421084210);
SIR 10 TDI (01A);
RUNTEST 8 TCK;
SDR 320 TDI (D7F5FF7FFF8421084210842108421084210842128420084210842108421084210842108421084210);
SIR 10 TDI (006);
RUNTEST 8 TCK;
SIR 10 TDI (00A);
RUNTEST 30003 TCK;
ENDDR DRPAUSE;
SDR 1 TDI (1);
RUNTEST DRPAUSE 50 TCK ENDSTATE DRPAUSE;
ENDDR IDLE;
SIR 10 TDI (012);
RUNTEST IDLE 8 TCK ENDSTATE IDLE;
SIR 10 TDI (01E);
RUNTEST 8 TCK;
SDR 273 TDI (000000000000000000000000000010000000000000000000000000000000000000000);
SIR 10 TDI (012);
RUNTEST 8 TCK;
SIR 10 TDI (016);
RUNTEST 8 TCK;
SDR 320 TDI (D7F5FF7FFF8421084210842108421084210842118421084210842108421084210842108401004010);
SIR 10 TDI (01A);
RUNTEST 8 TCK;
SDR 320 TDI (D7F5FF7FFF8421084210842108421084210842118420084210842108421084210842108421084210);
SIR 10 TDI (006);
RUNTEST 8 TCK;
SIR 10 TDI (00A);
RUNTEST 30003 TCK;
ENDDR DRPAUSE;
SDR 1 TDI (1);
RUNTEST DRPAUSE 50 TCK ENDSTATE DRPAUSE;
ENDDR IDLE;
SIR 10 TDI (012);
RUNTEST IDLE 8 TCK ENDSTATE IDLE;
SIR 10 TDI (01E);
RUNTEST 8 TCK;
SDR 273 TDI (000000000000000000000000000008000000000000000000000000000000000000000);
SIR 10 TDI (012);
RUNTEST 8 TCK;
SIR 10 TDI (016);
RUNTEST 8 TCK;
SDR 320 TDI (D7F5FF7FFF8421084010842108421084210842108421084210842108401084010842108421084200);
SIR 10 TDI (01A);
RUNTEST 8 TCK;
SDR 320 TDI (D7F5FF7FFF8421084210842108421084210842108420084210842108421084210842108401004010);
SIR 10 TDI (006);
RUNTEST 8 TCK;
SIR 10 TDI (00A);
RUNTEST 30003 TCK;
ENDDR DRPAUSE;
SDR 1 TDI (1);
RUNTEST DRPAUSE 50 TCK ENDSTATE DRPAUSE;
ENDDR IDLE;
SIR 10 TDI (012);
RUNTEST IDLE 8 TCK ENDSTATE IDLE;
SIR 10 TDI (01E);
RUNTEST 8 TCK;
SDR 273 TDI (000000000000000000000000000004000000000000000000000000000000000000000);
SIR 10 TDI (012);
RUNTEST 8 TCK;
SIR 10 TDI (016);
RUNTEST 8 TCK;
SDR 320 TDI (57F5FF7FFF842108421084210842108421084210C421084210842100421004210842100421084210);
SIR 10 TDI (01A);
RUNTEST 8 TCK;
SDR 320 TDI (D7F5FF7FFF842108421084210842108421084210C021084210842108401084210842108421084210);
SIR 10 TDI (006);
RUNTEST 8 TCK;
SIR 10 TDI (00A);
RUNTEST 30003 TCK;
ENDDR DRPAUSE;
SDR 1 TDI (1);
RUNTEST DRPAUSE 50 TCK ENDSTATE DRPAUSE;
ENDDR IDLE;
SIR 10 TDI (012);
RUNTEST IDLE 8 TCK ENDSTATE IDLE;
SIR 10 TDI (01E);
RUNTEST 8 TCK;
SDR 273 TDI (000000000000000000000000000002000000000000000000000000000000000000000);
SIR 10 TDI (012);
RUNTEST 8 TCK;
SIR 10 TDI (016);
RUNTEST 8 TCK;
SDR 320 TDI (D7F5FF7FFF842108421084210842108421084210A421084210842108421084210842108421084210);
SIR 10 TDI (01A);
RUNTEST 8 TCK;
SDR 320 TDI (D7F5FF7FFF842108421084210842108421084210A421084210842108421084210842108421084210);
SIR 10 TDI (006);
RUNTEST 8 TCK;
SIR 10 TDI (00A);
RUNTEST 30003 TCK;
ENDDR DRPAUSE;
SDR 1 TDI (1);
RUNTEST DRPAUSE 50 TCK ENDSTATE DRPAUSE;
ENDDR IDLE;
SIR 10 TDI (012);
RUNTEST IDLE 8 TCK ENDSTATE IDLE;
SIR 10 TDI (01E);
RUNTEST 8 TCK;
SDR 273 TDI (000000000000000000000000000001000000000000000000000000000000000000000);
SIR 10 TDI (012);
RUNTEST 8 TCK;
SIR 10 TDI (016);
RUNTEST 8 TCK;
SDR 320 TDI (D7F5FF7FFF8421084210842108421084210842109421084210842108421084210842108421084210);
SIR 10 TDI (01A);
RUNTEST 8 TCK;
SDR 320 TDI (D7F5FF7FFF8421084210842108421084210842109421084210842108421084210842108421084210);
SIR 10 TDI (006);
RUNTEST 8 TCK;
SIR 10 TDI (00A);
RUNTEST 30003 TCK;
ENDDR DRPAUSE;
SDR 1 TDI (1);
RUNTEST DRPAUSE 50 TCK ENDSTATE DRPAUSE;
ENDDR IDLE;
SIR 10 TDI (012);
RUNTEST IDLE 8 TCK ENDSTATE IDLE;
SIR 10 TDI (01E);
RUNTEST 8 TCK;
SDR 273 TDI (000000000000000000000000000000800000000000000000000000000000000000000);
SIR 10 TDI (012);
RUNTEST 8 TCK;
SIR 10 TDI (016);
RUNTEST 8 TCK;
SDR 320 TDI (D7F5FF7FFF8421004210842108421084210042108C21084210842108421084210842108421084210);
SIR 10 TDI (01A);
RUNTEST 8 TCK;
SDR 320 TDI (D7F5FF7FFF8421084210842108421084210842108C21084210842108421084010842108421084210);
SIR 10 TDI (006);
RUNTEST 8 TCK;
SIR 10 TDI (00A);
RUNTEST 30003 TCK;
ENDDR DRPAUSE;
SDR 1 TDI (1);
RUNTEST DRPAUSE 50 TCK ENDSTATE DRPAUSE;
ENDDR IDLE;
SIR 10 TDI (012);
RUNTEST IDLE 8 TCK ENDSTATE IDLE;
SIR 10 TDI (01E);
RUNTEST 8 TCK;
SDR 273 TDI (000000000000000000000000000000400000000000000000000000000000000000000);
SIR 10 TDI (012);
RUNTEST 8 TCK;
SIR 10 TDI (016);
RUNTEST 8 TCK;
SDR 320 TDI (D7F5F77FFF8421084210842108421084210842108421084010842108421084210042108421084210);
SIR 10 TDI (01A);
RUNTEST 8 TCK;
SDR 320 TDI (D7F5FF7FFF0401084210842108421084210842108421084210842108421084210840100421084210);
SIR 10 TDI (006);
RUNTEST 8 TCK;
SIR 10 TDI (00A);
RUNTEST 30003 TCK;
ENDDR DRPAUSE;
SDR 1 TDI (1);
RUNTEST DRPAUSE 50 TCK ENDSTATE DRPAUSE;
ENDDR IDLE;
SIR 10 TDI (012);
RUNTEST IDLE 8 TCK ENDSTATE IDLE;
SIR 10 TDI (01E);
RUNTEST 8 TCK;
SDR 273 TDI (000000000000000000000000000000200000000000000000000000000000000000000);
SIR 10 TDI (012);
RUNTEST 8 TCK;
SIR 10 TDI (016);
RUNTEST 8 TCK;
SDR 320 TDI (D7F5FF7FFF8421084210842108421084210842100601084210842108421084210842108421084210);
SIR 10 TDI (01A);
RUNTEST 8 TCK;
SDR 320 TDI (D7D5FF7FFF8421084210842108421084210842108621084210842108421004210842108421084210);
SIR 10 TDI (006);
RUNTEST 8 TCK;
SIR 10 TDI (00A);
RUNTEST 30003 TCK;
ENDDR DRPAUSE;
SDR 1 TDI (1);
RUNTEST DRPAUSE 50 TCK ENDSTATE DRPAUSE;
ENDDR IDLE;
SIR 10 TDI (012);
RUNTEST IDLE 8 TCK ENDSTATE IDLE;
SIR 10 TDI (01E);
RUNTEST 8 TCK;
SDR 273 TDI (000000000000000000000000000000100000000000000000000000000000000000000);
SIR 10 TDI (012);
RUNTEST 8 TCK;
SIR 10 TDI (016);
RUNTEST 8 TCK;
SDR 320 TDI (D7D5FF7FFF8421084210840108421084210842108521004210842108421084210842108421084210);
SIR 10 TDI (01A);
RUNTEST 8 TCK;
SDR 320 TDI (D7F5FF7FFF8421084210842108421084210842108521084210840108421084210842108421084210);
SIR 10 TDI (006);
RUNTEST 8 TCK;
SIR 10 TDI (00A);
RUNTEST 30003 TCK;
ENDDR DRPAUSE;
SDR 1 TDI (1);
RUNTEST DRPAUSE 50 TCK ENDSTATE DRPAUSE;
ENDDR IDLE;
SIR 10 TDI (012);
RUNTEST IDLE 8 TCK ENDSTATE IDLE;
SIR 10 TDI (01E);
RUNTEST 8 TCK;
SDR 273 TDI (000000000000000000000000000000080000000000000000000000000000000000000);
SIR 10 TDI (012);
RUNTEST 8 TCK;
SIR 10 TDI (016);
RUNTEST 8 TCK;
SDR 320 TDI (D7F5FF7FFF84210842108421084210842108421084A1084210842108421084210842108421084210);
SIR 10 TDI (01A);
RUNTEST 8 TCK;
SDR 320 TDI (D7F5FF7FFF84210842108421084210842108421084A1084210842108421084210842108421084210);
SIR 10 TDI (006);
RUNTEST 8 TCK;
SIR 10 TDI (00A);
RUNTEST 30003 TCK;
ENDDR DRPAUSE;
SDR 1 TDI (1);
RUNTEST DRPAUSE 50 TCK ENDSTATE DRPAUSE;
ENDDR IDLE;
SIR 10 TDI (012);
RUNTEST IDLE 8 TCK ENDSTATE IDLE;
SIR 10 TDI (01E);
RUNTEST 8 TCK;
SDR 273 TDI (000000000000000000000000000000040000000000000000000000000000000000000);
SIR 10 TDI (012);
RUNTEST 8 TCK;
SIR 10 TDI (016);
RUNTEST 8 TCK;
SDR 320 TDI (D7F5FF7FFF8421084210842108421004210840100461084210842108421084210842100421084010);
SIR 10 TDI (01A);
RUNTEST 8 TCK;
SDR 320 TDI (57F5F77DFF0401004200840100401004010040000461084010042100400084210040108401004200);
SIR 10 TDI (006);
RUNTEST 8 TCK;
SIR 10 TDI (00A);
RUNTEST 30003 TCK;
ENDDR DRPAUSE;
SDR 1 TDI (1);
RUNTEST DRPAUSE 50 TCK ENDSTATE DRPAUSE;
ENDDR IDLE;
SIR 10 TDI (012);
RUNTEST IDLE 8 TCK ENDSTATE IDLE;
SIR 10 TDI (01E);
RUNTEST 8 TCK;
SDR 273 TDI (000000000000000000000000000000020000000000000000000000000000000000000);
SIR 10 TDI (012);
RUNTEST 8 TCK;
SIR 10 TDI (016);
RUNTEST 8 TCK;
SDR 320 TDI (D7F5FF7DFF8421004210842108421084210842108021084210842100420084210842100401004210);
SIR 10 TDI (01A);
RUNTEST 8 TCK;
SDR 320 TDI (57D5FF7DFF8401004010042108421004210840108401004010842108421084010842108401004010);
SIR 10 TDI (006);
RUNTEST 8 TCK;
SIR 10 TDI (00A);
RUNTEST 30003 TCK;
ENDDR DRPAUSE;
SDR 1 TDI (1);
RUNTEST DRPAUSE 50 TCK ENDSTATE DRPAUSE;
ENDDR IDLE;
SIR 10 TDI (012);
RUNTEST IDLE 8 TCK ENDSTATE IDLE;
SIR 10 TDI (01E);
RUNTEST 8 TCK;
SDR 273 TDI (000000000000000000000000000000010000000000000000000000000000000000000);
SIR 10 TDI (012);
RUNTEST 8 TCK;
SIR 10 TDI (016);
RUNTEST 8 TCK;
SDR 320 TDI (D7F5FF7FFF8421084210842108421084210842108431084210842108421084210842108421084210);
SIR 10 TDI (01A);
RUNTEST 8 TCK;
SDR 320 TDI (D7F5FF7FFF8421084210842108421084210842108431084210842108421084210842108401084210);
SIR 10 TDI (006);
RUNTEST 8 TCK;
SIR 10 TDI (00A);
RUNTEST 30003 TCK;
ENDDR DRPAUSE;
SDR 1 TDI (1);
RUNTEST DRPAUSE 50 TCK ENDSTATE DRPAUSE;
ENDDR IDLE;
SIR 10 TDI (012);
RUNTEST IDLE 8 TCK ENDSTATE IDLE;
SIR 10 TDI (01E);
RUNTEST 8 TCK;
SDR 273 TDI (000000000000000000000000000000008000000000000000000000000000000000000);
SIR 10 TDI (012);
RUNTEST 8 TCK;
SIR 10 TDI (016);
RUNTEST 8 TCK;
SDR 320 TDI (D7F5FF7FFF8421084210842108421084210842108429084210842108421084210842108421084210);
SIR 10 TDI (01A);
RUNTEST 8 TCK;
SDR 320 TDI (D7F5FF7FFF8421084210842108421084210842108429084210842108421084210842108421084210);
SIR 10 TDI (006);
RUNTEST 8 TCK;
SIR 10 TDI (00A);
RUNTEST 30003 TCK;
ENDDR DRPAUSE;
SDR 1 TDI (1);
RUNTEST DRPAUSE 50 TCK ENDSTATE DRPAUSE;
ENDDR IDLE;
SIR 10 TDI (012);
RUNTEST IDLE 8 TCK ENDSTATE IDLE;
SIR 10 TDI (01E);
RUNTEST 8 TCK;
SDR 273 TDI (000000000000000000000000000000004000000000000000000000000000000000000);
SIR 10 TDI (012);
RUNTEST 8 TCK;
SIR 10 TDI (016);
RUNTEST 8 TCK;
SDR 320 TDI (D7F5FF7FFF8421084210842108421084210842108425084210842108421084210842108421084210);
SIR 10 TDI (01A);
RUNTEST 8 TCK;
SDR 320 TDI (D7F5FF7FFF8421084210842108421084210842108425084210842108421084210842108421084210);
SIR 10 TDI (006);
RUNTEST 8 TCK;
SIR 10 TDI (00A);
RUNTEST 30003 TCK;
ENDDR DRPAUSE;
SDR 1 TDI (1);
RUNTEST DRPAUSE 50 TCK ENDSTATE DRPAUSE;
ENDDR IDLE;
SIR 10 TDI (012);
RUNTEST IDLE 8 TCK ENDSTATE IDLE;
SIR 10 TDI (01E);
RUNTEST 8 TCK;
SDR 273 TDI (000000000000000000000000000000002000000000000000000000000000000000000);
SIR 10 TDI (012);
RUNTEST 8 TCK;
SIR 10 TDI (016);
RUNTEST 8 TCK;
SDR 320 TDI (D7F5FF7FFF8421084210842108421084210842108423084210842108421084210842108421084010);
SIR 10 TDI (01A);
RUNTEST 8 TCK;
SDR 320 TDI (D7F5FF7FFF8421084210842108421084210842108423084210842108421084210842108421084200);
SIR 10 TDI (006);
RUNTEST 8 TCK;
SIR 10 TDI (00A);
RUNTEST 30003 TCK;
ENDDR DRPAUSE;
SDR 1 TDI (1);
RUNTEST DRPAUSE 50 TCK ENDSTATE DRPAUSE;
ENDDR IDLE;
SIR 10 TDI (012);
RUNTEST IDLE 8 TCK ENDSTATE IDLE;
SIR 10 TDI (01E);
RUNTEST 8 TCK;
SDR 273 TDI (000000000000000000000000000000001000000000000000000000000000000000000);
SIR 10 TDI (012);
RUNTEST 8 TCK;
SIR 10 TDI (016);
RUNTEST 8 TCK;
SDR 320 TDI (D7F5FF7DFF8421084210842108401084210842108421084010842108421084210840108421084200);
SIR 10 TDI (01A);
RUNTEST 8 TCK;
SDR 320 TDI (D7F5FF7FFF8421084210842108421084210842108421084210842108421084210842108421084210);
SIR 10 TDI (006);
RUNTEST 8 TCK;
SIR 10 TDI (00A);
RUNTEST 30003 TCK;
ENDDR DRPAUSE;
SDR 1 TDI (1);
RUNTEST DRPAUSE 50 TCK ENDSTATE DRPAUSE;
ENDDR IDLE;
SIR 10 TDI (012);
RUNTEST IDLE 8 TCK ENDSTATE IDLE;
SIR 10 TDI (01E);
RUNTEST 8 TCK;
SDR 273 TDI (000000000000000000000000000000000800000000000000000000000000000000000);
SIR 10 TDI (012);
RUNTEST 8 TCK;
SIR 10 TDI (016);
RUNTEST 8 TCK;
SDR 320 TDI (D7F5FF7FFF8421084210842108421084210842108421884210842108421084210842108421084210);
SIR 10 TDI (01A);
RUNTEST 8 TCK;
SDR 320 TDI (D7F5FF7FFF8421084210842108421084210842108421884210842108421084210842108421084210);
SIR 10 TDI (006);
RUNTEST 8 TCK;
SIR 10 TDI (00A);
RUNTEST 30003 TCK;
ENDDR DRPAUSE;
SDR 1 TDI (1);
RUNTEST DRPAUSE 50 TCK ENDSTATE DRPAUSE;
ENDDR IDLE;
SIR 10 TDI (012);
RUNTEST IDLE 8 TCK ENDSTATE IDLE;
SIR 10 TDI (01E);
RUNTEST 8 TCK;
SDR 273 TDI (000000000000000000000000000000000400000000000000000000000000000000000);
SIR 10 TDI (012);
RUNTEST 8 TCK;
SIR 10 TDI (016);
RUNTEST 8 TCK;
SDR 320 TDI (D7D5FF7FFF8421084210840108421084210842108421484210842108421084210842108421084210);
SIR 10 TDI (01A);
RUNTEST 8 TCK;
SDR 320 TDI (D7F5FF7FFF8421084210842100421084210842108421484210842108421084210842108421084210);
SIR 10 TDI (006);
RUNTEST 8 TCK;
SIR 10 TDI (00A);
RUNTEST 30003 TCK;
ENDDR DRPAUSE;
SDR 1 TDI (1);
RUNTEST DRPAUSE 50 TCK ENDSTATE DRPAUSE;
ENDDR IDLE;
SIR 10 TDI (012);
RUNTEST IDLE 8 TCK ENDSTATE IDLE;
SIR 10 TDI (01E);
RUNTEST 8 TCK;
SDR 273 TDI (000000000000000000000000000000000200000000000000000000000000000000000);
SIR 10 TDI (012);
RUNTEST 8 TCK;
SIR 10 TDI (016);
RUNTEST 8 TCK;
SDR 320 TDI (D7F5FF7FFF8401084210842108421084010842108421284210842108421084210842108421004210);
SIR 10 TDI (01A);
RUNTEST 8 TCK;
SDR 320 TDI (D7F5FF7FFF8421084210842108421084210842108421284210842108421084210840108421084210);
SIR 10 TDI (006);
RUNTEST 8 TCK;
SIR 10 TDI (00A);
RUNTEST 30003 TCK;
ENDDR DRPAUSE;
SDR 1 TDI (1);
RUNTEST DRPAUSE 50 TCK ENDSTATE DRPAUSE;
ENDDR IDLE;
SIR 10 TDI (012);
RUNTEST IDLE 8 TCK ENDSTATE IDLE;
SIR 10 TDI (01E);
RUNTEST 8 TCK;
SDR 273 TDI (000000000000000000000000000000000100000000000000000000000000000000000);
SIR 10 TDI (012);
RUNTEST 8 TCK;
SIR 10 TDI (016);
RUNTEST 8 TCK;
SDR 320 TDI (D7F5FF7FFF8421004010842108421084210040108421184210842108401084210042108421084210);
SIR 10 TDI (01A);
RUNTEST 8 TCK;
SDR 320 TDI (D7F5FF7FFF8421084200842108421084210842008421184210842108420084210842108421084210);
SIR 10 TDI (006);
RUNTEST 8 TCK;
SIR 10 TDI (00A);
RUNTEST 30003 TCK;
ENDDR DRPAUSE;
SDR 1 TDI (1);
RUNTEST DRPAUSE 50 TCK ENDSTATE DRPAUSE;
ENDDR IDLE;
SIR 10 TDI (012);
RUNTEST IDLE 8 TCK ENDSTATE IDLE;
SIR 10 TDI (01E);
RUNTEST 8 TCK;
SDR 273 TDI (000000000000000000000000000000000080000000000000000000000000000000000);
SIR 10 TDI (012);
RUNTEST 8 TCK;
SIR 10 TDI (016);
RUNTEST 8 TCK;
SDR 320 TDI (D7F5FF7FFF0421084210842108421004210842108421084210040108421084010842100401084210);
SIR 10 TDI (01A);
RUNTEST 8 TCK;
SDR 320 TDI (D7F5FF7FFF8421084210842108421084010842108421084210842108421084210842108421084210);
SIR 10 TDI (006);
RUNTEST 8 TCK;
SIR 10 TDI (00A);
RUNTEST 30003 TCK;
ENDDR DRPAUSE;
SDR 1 TDI (1);
RUNTEST DRPAUSE 50 TCK ENDSTATE DRPAUSE;
ENDDR IDLE;
SIR 10 TDI (012);
RUNTEST IDLE 8 TCK ENDSTATE IDLE;
SIR 10 TDI (01E);
RUNTEST 8 TCK;
SDR 273 TDI (000000000000000000000000000000000040000000000000000000000000000000000);
SIR 10 TDI (012);
RUNTEST 8 TCK;
SIR 10 TDI (016);
RUNTEST 8 TCK;
SDR 320 TDI (57F5FF7FFF84210842008421084210842108420084010C4210842108420084210842108421084210);
SIR 10 TDI (01A);
RUNTEST 8 TCK;
SDR 320 TDI (D7F5FF7FFF04210842108421084210842100421084210C4210842100421084210842100421004210);
SIR 10 TDI (006);
RUNTEST 8 TCK;
SIR 10 TDI (00A);
RUNTEST 30003 TCK;
ENDDR DRPAUSE;
SDR 1 TDI (1);
RUNTEST DRPAUSE 50 TCK ENDSTATE DRPAUSE;
ENDDR IDLE;
SIR 10 TDI (012);
RUNTEST IDLE 8 TCK ENDSTATE IDLE;
SIR 10 TDI (01E);
RUNTEST 8 TCK;
SDR 273 TDI (000000000000000000000000000000000020000000000000000000000000000000000);
SIR 10 TDI (012);
RUNTEST 8 TCK;
SIR 10 TDI (016);
RUNTEST 8 TCK;
SDR 320 TDI (D7F5FF7FFF84210842100421004210842108421000210A4210842108421084210842108421084210);
SIR 10 TDI (01A);
RUNTEST 8 TCK;
SDR 320 TDI (D7F5F77FFF84210842108421084010842108421084010A4210842108421004210842108421084210);
SIR 10 TDI (006);
RUNTEST 8 TCK;
SIR 10 TDI (00A);
RUNTEST 30003 TCK;
ENDDR DRPAUSE;
SDR 1 TDI (1);
RUNTEST DRPAUSE 50 TCK ENDSTATE DRPAUSE;
ENDDR IDLE;
SIR 10 TDI (012);
RUNTEST IDLE 8 TCK ENDSTATE IDLE;
SIR 10 TDI (01E);
RUNTEST 8 TCK;
SDR 273 TDI (000000000000000000000000000000000010000000000000000000000000000000000);
SIR 10 TDI (012);
RUNTEST 8 TCK;
SIR 10 TDI (016);
RUNTEST 8 TCK;
SDR 320 TDI (D7F5FF7FFF8421084210842108421084210842108421094210842108421084210842108421084210);
SIR 10 TDI (01A);
RUNTEST 8 TCK;
SDR 320 TDI (D7F5FF7FFF8421084210842108421084210842108421094210842108421084210842108421084210);
SIR 10 TDI (006);
RUNTEST 8 TCK;
SIR 10 TDI (00A);
RUNTEST 30003 TCK;
ENDDR DRPAUSE;
SDR 1 TDI (1);
RUNTEST DRPAUSE 50 TCK ENDSTATE DRPAUSE;
ENDDR IDLE;
SIR 10 TDI (012);
RUNTEST IDLE 8 TCK ENDSTATE IDLE;
SIR 10 TDI (01E);
RUNTEST 8 TCK;
SDR 273 TDI (000000000000000000000000000000000008000000000000000000000000000000000);
SIR 10 TDI (012);
RUNTEST 8 TCK;
SIR 10 TDI (016);
RUNTEST 8 TCK;
SDR 320 TDI (D7F5FF7FFF842108421084210842108421084210842108C210842108421084210842108421084210);
SIR 10 TDI (01A);
RUNTEST 8 TCK;
SDR 320 TDI (D7F5FF7FFF842108421084210842108421084210842108C210842108421084210842108421084210);
SIR 10 TDI (006);
RUNTEST 8 TCK;
SIR 10 TDI (00A);
RUNTEST 30003 TCK;
ENDDR DRPAUSE;
SDR 1 TDI (1);
RUNTEST DRPAUSE 50 TCK ENDSTATE DRPAUSE;
ENDDR IDLE;
SIR 10 TDI (012);
RUNTEST IDLE 8 TCK ENDSTATE IDLE;
SIR 10 TDI (01E);
RUNTEST 8 TCK;
SDR 273 TDI (000000000000000000000000000000000004000000000000000000000000000000000);
SIR 10 TDI (012);
RUNTEST 8 TCK;
SIR 10 TDI (016);
RUNTEST 8 TCK;
SDR 320 TDI (D7F5FF7FFF8401084200842108421084010042008421084210840100421084210842108401004210);
SIR 10 TDI (01A);
RUNTEST 8 TCK;
SDR 320 TDI (D7F5FF7FFF0421084210842108421084210842108421084210842108421084210842108421084200);
SIR 10 TDI (006);
RUNTEST 8 TCK;
SIR 10 TDI (00A);
RUNTEST 30003 TCK;
ENDDR DRPAUSE;
SDR 1 TDI (1);
RUNTEST DRPAUSE 50 TCK ENDSTATE DRPAUSE;
ENDDR IDLE;
SIR 10 TDI (012);
RUNTEST IDLE 8 TCK ENDSTATE IDLE;
SIR 10 TDI (01E);
RUNTEST 8 TCK;
SDR 273 TDI (000000000000000000000000000000000002000000000000000000000000000000000);
SIR 10 TDI (012);
RUNTEST 8 TCK;
SIR 10 TDI (016);
RUNTEST 8 TCK;
SDR 320 TDI (D7F5FF7FFF8421084210842108421004210840108421086210842108420084210842108421084010);
SIR 10 TDI (01A);
RUNTEST 8 TCK;
SDR 320 TDI (D7F5FF7FFF8421084210842108421084210842008421086210842108421084210842108421084210);
SIR 10 TDI (006);
RUNTEST 8 TCK;
SIR 10 TDI (00A);
RUNTEST 30003 TCK;
ENDDR DRPAUSE;
SDR 1 TDI (1);
RUNTEST DRPAUSE 50 TCK ENDSTATE DRPAUSE;
ENDDR IDLE;
SIR 10 TDI (012);
RUNTEST IDLE 8 TCK ENDSTATE IDLE;
SIR 10 TDI (01E);
RUNTEST 8 TCK;
SDR 273 TDI (000000000000000000000000000000000001000000000000000000000000000000000);
SIR 10 TDI (012);
RUNTEST 8 TCK;
SIR 10 TDI (016);
RUNTEST 8 TCK;
SDR 320 TDI (D7F5FF7FFF8421084210042108421084210842108421085210842108421084210842108421084210);
SIR 10 TDI (01A);
RUNTEST 8 TCK;
SDR 320 TDI (D7D5F77FFF8421084210842100421084210842108421005210842108421084010042108421084210);
SIR 10 TDI (006);
RUNTEST 8 TCK;
SIR 10 TDI (00A);
RUNTEST 30003 TCK;
ENDDR DRPAUSE;
SDR 1 TDI (1);
RUNTEST DRPAUSE 50 TCK ENDSTATE DRPAUSE;
ENDDR IDLE;
SIR 10 TDI (012);
RUNTEST IDLE 8 TCK ENDSTATE IDLE;
SIR 10 TDI (01E);
RUNTEST 8 TCK;
SDR 273 TDI (000000000000000000000000000000000000800000000000000000000000000000000);
SIR 10 TDI (012);
RUNTEST 8 TCK;
SIR 10 TDI (016);
RUNTEST 8 TCK;
SDR 320 TDI (D7F5FF7FFF0421004210842108421084210842108421084A10042108421084210842108421084210);
SIR 10 TDI (01A);
RUNTEST 8 TCK;
SDR 320 TDI (D7F5FF7FFF8421084210842108421004210842108421084A10842108421084210842108421084210);
SIR 10 TDI (006);
RUNTEST 8 TCK;
SIR 10 TDI (00A);
RUNTEST 30003 TCK;
ENDDR DRPAUSE;
SDR 1 TDI (1);
RUNTEST DRPAUSE 50 TCK ENDSTATE DRPAUSE;
ENDDR IDLE;
SIR 10 TDI (012);
RUNTEST IDLE 8 TCK ENDSTATE IDLE;
SIR 10 TDI (01E);
RUNTEST 8 TCK;
SDR 273 TDI (000000000000000000000000000000000000400000000000000000000000000000000);
SIR 10 TDI (012);
RUNTEST 8 TCK;
SIR 10 TDI (016);
RUNTEST 8 TCK;
SDR 320 TDI (D7F5FF7FFF8421084210842108421084210842108401084610842108421084210842108421084210);
SIR 10 TDI (01A);
RUNTEST 8 TCK;
SDR 320 TDI (D7F5FF7FFF8421084210842108421084210842108421084610042108421084210842108421084210);
SIR 10 TDI (006);
RUNTEST 8 TCK;
SIR 10 TDI (00A);
RUNTEST 30003 TCK;
ENDDR DRPAUSE;
SDR 1 TDI (1);
RUNTEST DRPAUSE 50 TCK ENDSTATE DRPAUSE;
ENDDR IDLE;
SIR 10 TDI (012);
RUNTEST IDLE 8 TCK ENDSTATE IDLE;
SIR 10 TDI (01E);
RUNTEST 8 TCK;
SDR 273 TDI (000000000000000000000000000000000000200000000000000000000000000000000);
SIR 10 TDI (012);
RUNTEST 8 TCK;
SIR 10 TDI (016);
RUNTEST 8 TCK;
SDR 320 TDI (D7F5FF7FFF8421084210842108421084210842108021084210842108421084210840108421084210);
SIR 10 TDI (01A);
RUNTEST 8 TCK;
SDR 320 TDI (D7F5FF7FFF8421084210842108421084210842108421084210842108421084210842108421084210);
SIR 10 TDI (006);
RUNTEST 8 TCK;
SIR 10 TDI (00A);
RUNTEST 30003 TCK;
ENDDR DRPAUSE;
SDR 1 TDI (1);
RUNTEST DRPAUSE 50 TCK ENDSTATE DRPAUSE;
ENDDR IDLE;
SIR 10 TDI (012);
RUNTEST IDLE 8 TCK ENDSTATE IDLE;
SIR 10 TDI (01E);
RUNTEST 8 TCK;
SDR 273 TDI (000000000000000000000000000000000000100000000000000000000000000000000);
SIR 10 TDI (012);
RUNTEST 8 TCK;
SIR 10 TDI (016);
RUNTEST 8 TCK;
SDR 320 TDI (D7F5FF7DFF8421084010842108401084210842108421084110842108401084210842108421084200);
SIR 10 TDI (01A);
RUNTEST 8 TCK;
SDR 320 TDI (57F5FF7FFF8421004210842108421084210040108421084310842108421084210842108421004210);
SIR 10 TDI (006);
RUNTEST 8 TCK;
SIR 10 TDI (00A);
RUNTEST 30003 TCK;
ENDDR DRPAUSE;
SDR 1 TDI (1);
RUNTEST DRPAUSE 50 TCK ENDSTATE DRPAUSE;
ENDDR IDLE;
SIR 10 TDI (012);
RUNTEST IDLE 8 TCK ENDSTATE IDLE;
SIR 10 TDI (01E);
RUNTEST 8 TCK;
SDR 273 TDI (000000000000000000000000000000000000080000000000000000000000000000000);
SIR 10 TDI (012);
RUNTEST 8 TCK;
SIR 10 TDI (016);
RUNTEST 8 TCK;
SDR 320 TDI (D7F5FF7FFF8421084210842108421084210842108421084290842108421084210842108421084210);
SIR 10 TDI (01A);
RUNTEST 8 TCK;
SDR 320 TDI (D7F5FF7FFF8421084210842108421084210842108421084290842108421084210842108421084210);
SIR 10 TDI (006);
RUNTEST 8 TCK;
SIR 10 TDI (00A);
RUNTEST 30003 TCK;
ENDDR DRPAUSE;
SDR 1 TDI (1);
RUNTEST DRPAUSE 50 TCK ENDSTATE DRPAUSE;
ENDDR IDLE;
SIR 10 TDI (012);
RUNTEST IDLE 8 TCK ENDSTATE IDLE;
SIR 10 TDI (01E);
RUNTEST 8 TCK;
SDR 273 TDI (000000000000000000000000000000000000040000000000000000000000000000000);
SIR 10 TDI (012);
RUNTEST 8 TCK;
SIR 10 TDI (016);
RUNTEST 8 TCK;
SDR 320 TDI (D7F5FF7FFF8421084210842108421084210842108421084250842108421084210842108421084210);
SIR 10 TDI (01A);
RUNTEST 8 TCK;
SDR 320 TDI (D7F5FF7FFF8421084210842108421084210842108421084250842108421084210842108421084210);
SIR 10 TDI (006);
RUNTEST 8 TCK;
SIR 10 TDI (00A);
RUNTEST 30003 TCK;
ENDDR DRPAUSE;
SDR 1 TDI (1);
RUNTEST DRPAUSE 50 TCK ENDSTATE DRPAUSE;
ENDDR IDLE;
SIR 10 TDI (012);
RUNTEST IDLE 8 TCK ENDSTATE IDLE;
SIR 10 TDI (01E);
RUNTEST 8 TCK;
SDR 273 TDI (000000000000000000000000000000000000020000000000000000000000000000000);
SIR 10 TDI (012);
RUNTEST 8 TCK;
SIR 10 TDI (016);
RUNTEST 8 TCK;
SDR 320 TDI (57F5FF7FFF8421084210842108421084210842100421084230842108421004210842100421084210);
SIR 10 TDI (01A);
RUNTEST 8 TCK;
SDR 320 TDI (D7F5FF7FFF8421084200842108421084210842108421084230842108420084210842108401084210);
SIR 10 TDI (006);
RUNTEST 8 TCK;
SIR 10 TDI (00A);
RUNTEST 30003 TCK;
ENDDR DRPAUSE;
SDR 1 TDI (1);
RUNTEST DRPAUSE 50 TCK ENDSTATE DRPAUSE;
ENDDR IDLE;
SIR 10 TDI (012);
RUNTEST IDLE 8 TCK ENDSTATE IDLE;
SIR 10 TDI (01E);
RUNTEST 8 TCK;
SDR 273 TDI (000000000000000000000000000000000000010000000000000000000000000000000);
SIR 10 TDI (012);
RUNTEST 8 TCK;
SIR 10 TDI (016);
RUNTEST 8 TCK;
SDR 320 TDI (D7F5F77FFF8421084210842100421084210842108421004210842108421084010042108421084210);
SIR 10 TDI (01A);
RUNTEST 8 TCK;
SDR 320 TDI (D7F5FF7FFF8421084210842108421084210842108421084210842108421084210842108421084210);
SIR 10 TDI (006);
RUNTEST 8 TCK;
SIR 10 TDI (00A);
RUNTEST 30003 TCK;
ENDDR DRPAUSE;
SDR 1 TDI (1);
RUNTEST DRPAUSE 50 TCK ENDSTATE DRPAUSE;
ENDDR IDLE;
SIR 10 TDI (012);
RUNTEST IDLE 8 TCK ENDSTATE IDLE;
SIR 10 TDI (01E);
RUNTEST 8 TCK;
SDR 273 TDI (000000000000000000000000000000000000008000000000000000000000000000000);
SIR 10 TDI (012);
RUNTEST 8 TCK;
SIR 10 TDI (016);
RUNTEST 8 TCK;
SDR 320 TDI (D7D5FF7FFF8421084210840108421084210842108421084218842108421084210842108421084210);
SIR 10 TDI (01A);
RUNTEST 8 TCK;
SDR 320 TDI (D7F5FF7FFF8401084210842108421084010842108421084218840100421084210842108421084210);
SIR 10 TDI (006);
RUNTEST 8 TCK;
SIR 10 TDI (00A);
RUNTEST 30003 TCK;
ENDDR DRPAUSE;
SDR 1 TDI (1);
RUNTEST DRPAUSE 50 TCK ENDSTATE DRPAUSE;
ENDDR IDLE;
SIR 10 TDI (012);
RUNTEST IDLE 8 TCK ENDSTATE IDLE;
SIR 10 TDI (01E);
RUNTEST 8 TCK;
SDR 273 TDI (000000000000000000000000000000000000004000000000000000000000000000000);
SIR 10 TDI (012);
RUNTEST 8 TCK;
SIR 10 TDI (016);
RUNTEST 8 TCK;
SDR 320 TDI (D7F5F77FFF8401084200842108421004210042108001084214040100420084210840108421004210);
SIR 10 TDI (01A);
RUNTEST 8 TCK;
SDR 320 TDI (57F5FF7DFF8421084010040100401004210040100401084014840108401084210840100421084010);
SIR 10 TDI (006);
RUNTEST 8 TCK;
SIR 10 TDI (00A);
RUNTEST 30003 TCK;
ENDDR DRPAUSE;
SDR 1 TDI (1);
RUNTEST DRPAUSE 50 TCK ENDSTATE DRPAUSE;
ENDDR IDLE;
SIR 10 TDI (012);
RUNTEST IDLE 8 TCK ENDSTATE IDLE;
SIR 10 TDI (01E);
RUNTEST 8 TCK;
SDR 273 TDI (000000000000000000000000000000000000002000000000000000000000000000000);
SIR 10 TDI (012);
RUNTEST 8 TCK;
SIR 10 TDI (016);
RUNTEST 8 TCK;
SDR 320 TDI (D7D5FF7DFF8421084210842108401004010040108021084012042108400084210842108421084210);
SIR 10 TDI (01A);
RUNTEST 8 TCK;
SDR 320 TDI (57D5FF7FFF8421004010040100401084010040008401004012040100400004210042100401084200);
SIR 10 TDI (006);
RUNTEST 8 TCK;
SIR 10 TDI (00A);
RUNTEST 30003 TCK;
ENDDR DRPAUSE;
SDR 1 TDI (1);
RUNTEST DRPAUSE 50 TCK ENDSTATE DRPAUSE;
ENDDR IDLE;
SIR 10 TDI (012);
RUNTEST IDLE 8 TCK ENDSTATE IDLE;
SIR 10 TDI (01E);
RUNTEST 8 TCK;
SDR 273 TDI (000000000000000000000000000000000000001000000000000000000000000000000);
SIR 10 TDI (012);
RUNTEST 8 TCK;
SIR 10 TDI (016);
RUNTEST 8 TCK;
SDR 320 TDI (D7F5FF7FFF8421084210842108421084010842100421084211042108421084210842108421084210);
SIR 10 TDI (01A);
RUNTEST 8 TCK;
SDR 320 TDI (D7D5FF7FFF0421084210842108421084210842108421084011842108421084210842108421084210);
SIR 10 TDI (006);
RUNTEST 8 TCK;
SIR 10 TDI (00A);
RUNTEST 30003 TCK;
ENDDR DRPAUSE;
SDR 1 TDI (1);
RUNTEST DRPAUSE 50 TCK ENDSTATE DRPAUSE;
ENDDR IDLE;
SIR 10 TDI (012);
RUNTEST IDLE 8 TCK ENDSTATE IDLE;
SIR 10 TDI (01E);
RUNTEST 8 TCK;
SDR 273 TDI (000000000000000000000000000000000000000800000000000000000000000000000);
SIR 10 TDI (012);
RUNTEST 8 TCK;
SIR 10 TDI (016);
RUNTEST 8 TCK;
SDR 320 TDI (D7F5FF7FFF8421084210842108421084210842108421084210842100421084210842108421004210);
SIR 10 TDI (01A);
RUNTEST 8 TCK;
SDR 320 TDI (D7F5FF7FFF8421084210842108421084210842108421084210842108421084210842108421084210);
SIR 10 TDI (006);
RUNTEST 8 TCK;
SIR 10 TDI (00A);
RUNTEST 30003 TCK;
ENDDR DRPAUSE;
SDR 1 TDI (1);
RUNTEST DRPAUSE 50 TCK ENDSTATE DRPAUSE;
ENDDR IDLE;
SIR 10 TDI (012);
RUNTEST IDLE 8 TCK ENDSTATE IDLE;
SIR 10 TDI (01E);
RUNTEST 8 TCK;
SDR 273 TDI (000000000000000000000000000000000000000400000000000000000000000000000);
SIR 10 TDI (012);
RUNTEST 8 TCK;
SIR 10 TDI (016);
RUNTEST 8 TCK;
SDR 320 TDI (D7F5FF7FFF8421084210842108401084210842108421084210C42108421084210842108421084210);
SIR 10 TDI (01A);
RUNTEST 8 TCK;
SDR 320 TDI (D7F5FF7FFF8421084210842108421084210842108421084210C42108421084210842108421084210);
SIR 10 TDI (006);
RUNTEST 8 TCK;
SIR 10 TDI (00A);
RUNTEST 30003 TCK;
ENDDR DRPAUSE;
SDR 1 TDI (1);
RUNTEST DRPAUSE 50 TCK ENDSTATE DRPAUSE;
ENDDR IDLE;
SIR 10 TDI (012);
RUNTEST IDLE 8 TCK ENDSTATE IDLE;
SIR 10 TDI (01E);
RUNTEST 8 TCK;
SDR 273 TDI (000000000000000000000000000000000000000200000000000000000000000000000);
SIR 10 TDI (012);
RUNTEST 8 TCK;
SIR 10 TDI (016);
RUNTEST 8 TCK;
SDR 320 TDI (D7F5FF7FFF8421004010842108421084210042108421084210A42108421084210842108421084210);
SIR 10 TDI (01A);
RUNTEST 8 TCK;
SDR 320 TDI (D7F5FF7FFF8421084210842108421084210842108421084210A42108421084210842108421004210);
SIR 10 TDI (006);
RUNTEST 8 TCK;
SIR 10 TDI (00A);
RUNTEST 30003 TCK;
ENDDR DRPAUSE;
SDR 1 TDI (1);
RUNTEST DRPAUSE 50 TCK ENDSTATE DRPAUSE;
ENDDR IDLE;
SIR 10 TDI (012);
RUNTEST IDLE 8 TCK ENDSTATE IDLE;
SIR 10 TDI (01E);
RUNTEST 8 TCK;
SDR 273 TDI (000000000000000000000000000000000000000100000000000000000000000000000);
SIR 10 TDI (012);
RUNTEST 8 TCK;
SIR 10 TDI (016);
RUNTEST 8 TCK;
SDR 320 TDI (D7D5FF7FFF8421084210040108421084210842108401084210942108421084010842108421084210);
SIR 10 TDI (01A);
RUNTEST 8 TCK;
SDR 320 TDI (D7F5F77FFF8421084210842108421084210842108421084210942108421084210842100421084010);
SIR 10 TDI (006);
RUNTEST 8 TCK;
SIR 10 TDI (00A);
RUNTEST 30003 TCK;
ENDDR DRPAUSE;
SDR 1 TDI (1);
RUNTEST DRPAUSE 50 TCK ENDSTATE DRPAUSE;
ENDDR IDLE;
SIR 10 TDI (012);
RUNTEST IDLE 8 TCK ENDSTATE IDLE;
SIR 10 TDI (01E);
RUNTEST 8 TCK;
SDR 273 TDI (000000000000000000000000000000000000000080000000000000000000000000000);
SIR 10 TDI (012);
RUNTEST 8 TCK;
SIR 10 TDI (016);
RUNTEST 8 TCK;
SDR 320 TDI (D7F5F77FFF84210842108421004210842108421080210042108C2108421084210042108421084010);
SIR 10 TDI (01A);
RUNTEST 8 TCK;
SDR 320 TDI (D7F5FF7DFF84210042008421084010840108421084210842108C2108421084210842108401084210);
SIR 10 TDI (006);
RUNTEST 8 TCK;
SIR 10 TDI (00A);
RUNTEST 30003 TCK;
ENDDR DRPAUSE;
SDR 1 TDI (1);
RUNTEST DRPAUSE 50 TCK ENDSTATE DRPAUSE;
ENDDR IDLE;
SIR 10 TDI (012);
RUNTEST IDLE 8 TCK ENDSTATE IDLE;
SIR 10 TDI (01E);
RUNTEST 8 TCK;
SDR 273 TDI (000000000000000000000000000000000000000040000000000000000000000000000);
SIR 10 TDI (012);
RUNTEST 8 TCK;
SIR 10 TDI (016);
RUNTEST 8 TCK;
SDR 320 TDI (D7F5FF7FFF8421084210842108421084210842108421084210842108421084210842108421084210);
SIR 10 TDI (01A);
RUNTEST 8 TCK;
SDR 320 TDI (D7F5FF7FFF8421084210842108421084210842108421004210842108421084210842108421084210);
SIR 10 TDI (006);
RUNTEST 8 TCK;
SIR 10 TDI (00A);
RUNTEST 30003 TCK;
ENDDR DRPAUSE;
SDR 1 TDI (1);
RUNTEST DRPAUSE 50 TCK ENDSTATE DRPAUSE;
ENDDR IDLE;
SIR 10 TDI (012);
RUNTEST IDLE 8 TCK ENDSTATE IDLE;
SIR 10 TDI (01E);
RUNTEST 8 TCK;
SDR 273 TDI (000000000000000000000000000000000000000020000000000000000000000000000);
SIR 10 TDI (012);
RUNTEST 8 TCK;
SIR 10 TDI (016);
RUNTEST 8 TCK;
SDR 320 TDI (D7F5FF7FFF8421084200842108421084210840108421084210862108421084210842108421084210);
SIR 10 TDI (01A);
RUNTEST 8 TCK;
SDR 320 TDI (D7F5FF7FFF8421084010842108421084210842108421084210860108401084210842108421084210);
SIR 10 TDI (006);
RUNTEST 8 TCK;
SIR 10 TDI (00A);
RUNTEST 30003 TCK;
ENDDR DRPAUSE;
SDR 1 TDI (1);
RUNTEST DRPAUSE 50 TCK ENDSTATE DRPAUSE;
ENDDR IDLE;
SIR 10 TDI (012);
RUNTEST IDLE 8 TCK ENDSTATE IDLE;
SIR 10 TDI (01E);
RUNTEST 8 TCK;
SDR 273 TDI (000000000000000000000000000000000000000010000000000000000000000000000);
SIR 10 TDI (012);
RUNTEST 8 TCK;
SIR 10 TDI (016);
RUNTEST 8 TCK;
SDR 320 TDI (D7F5FF7FFF8421084210842108421084210842108421084210852108421084210840108421084210);
SIR 10 TDI (01A);
RUNTEST 8 TCK;
SDR 320 TDI (D7F5FF7FFF8421084210842108421084210842108421084210852108421084210842108421084210);
SIR 10 TDI (006);
RUNTEST 8 TCK;
SIR 10 TDI (00A);
RUNTEST 30003 TCK;
ENDDR DRPAUSE;
SDR 1 TDI (1);
RUNTEST DRPAUSE 50 TCK ENDSTATE DRPAUSE;
ENDDR IDLE;
SIR 10 TDI (012);
RUNTEST IDLE 8 TCK ENDSTATE IDLE;
SIR 10 TDI (01E);
RUNTEST 8 TCK;
SDR 273 TDI (000000000000000000000000000000000000000008000000000000000000000000000);
SIR 10 TDI (012);
RUNTEST 8 TCK;
SIR 10 TDI (016);
RUNTEST 8 TCK;
SDR 320 TDI (57F5FF7FFF842108421084210842108421084210842108421084A108421084210842108421084210);
SIR 10 TDI (01A);
RUNTEST 8 TCK;
SDR 320 TDI (D7F5FF7FFF842108421084210842108421084210842108421084A108421084210842108421084210);
SIR 10 TDI (006);
RUNTEST 8 TCK;
SIR 10 TDI (00A);
RUNTEST 30003 TCK;
ENDDR DRPAUSE;
SDR 1 TDI (1);
RUNTEST DRPAUSE 50 TCK ENDSTATE DRPAUSE;
ENDDR IDLE;
SIR 10 TDI (012);
RUNTEST IDLE 8 TCK ENDSTATE IDLE;
SIR 10 TDI (01E);
RUNTEST 8 TCK;
SDR 273 TDI (000000000000000000000000000000000000000004000000000000000000000000000);
SIR 10 TDI (012);
RUNTEST 8 TCK;
SIR 10 TDI (016);
RUNTEST 8 TCK;
SDR 320 TDI (D7F5FF7FFF8421084210842108421084210842108421084210846108421084210842100421084210);
SIR 10 TDI (01A);
RUNTEST 8 TCK;
SDR 320 TDI (D7F5FF7FFF8421084210842108421084210842108421084210846100421084210842108421084210);
SIR 10 TDI (006);
RUNTEST 8 TCK;
SIR 10 TDI (00A);
RUNTEST 30003 TCK;
ENDDR DRPAUSE;
SDR 1 TDI (1);
RUNTEST DRPAUSE 50 TCK ENDSTATE DRPAUSE;
ENDDR IDLE;
SIR 10 TDI (012);
RUNTEST IDLE 8 TCK ENDSTATE IDLE;
SIR 10 TDI (01E);
RUNTEST 8 TCK;
SDR 273 TDI (000000000000000000000000000000000000000002000000000000000000000000000);
SIR 10 TDI (012);
RUNTEST 8 TCK;
SIR 10 TDI (016);
RUNTEST 8 TCK;
SDR 320 TDI (D7F5FF7FFF8421084210842108421084210842108421084210840108421084210842108401084210);
SIR 10 TDI (01A);
RUNTEST 8 TCK;
SDR 320 TDI (D7F5FF7FFF8401084210842108421084210842108421084210842108421084210842108421084210);
SIR 10 TDI (006);
RUNTEST 8 TCK;
SIR 10 TDI (00A);
RUNTEST 30003 TCK;
ENDDR DRPAUSE;
SDR 1 TDI (1);
RUNTEST DRPAUSE 50 TCK ENDSTATE DRPAUSE;
ENDDR IDLE;
SIR 10 TDI (012);
RUNTEST IDLE 8 TCK ENDSTATE IDLE;
SIR 10 TDI (01E);
RUNTEST 8 TCK;
SDR 273 TDI (000000000000000000000000000000000000000001000000000000000000000000000);
SIR 10 TDI (012);
RUNTEST 8 TCK;
SIR 10 TDI (016);
RUNTEST 8 TCK;
SDR 320 TDI (D7F5FF7FFF8421084210842108421084210842108421084210843108421084210842108421084210);
SIR 10 TDI (01A);
RUNTEST 8 TCK;
SDR 320 TDI (D7F5FF7FFF8421084210842108421084210842108421084210843108421084210842108421084210);
SIR 10 TDI (006);
RUNTEST 8 TCK;
SIR 10 TDI (00A);
RUNTEST 30003 TCK;
ENDDR DRPAUSE;
SDR 1 TDI (1);
RUNTEST DRPAUSE 50 TCK ENDSTATE DRPAUSE;
ENDDR IDLE;
SIR 10 TDI (012);
RUNTEST IDLE 8 TCK ENDSTATE IDLE;
!
!
!
!VERIFY
!
!
!
SIR 10 TDI (01E);
RUNTEST 8 TCK;
SDR 273 TDI (080000000000000000000000000000000000000000400000000000000000000000000);
SIR 10 TDI (012);
RUNTEST 8 TCK;
SIR 10 TDI (016);
RUNTEST 8 TCK;
SDR 320 TDI (84210842108421084210842108421084210842108421084210842108421084210842108421084210);
SIR 10 TDI (01A);
RUNTEST 8 TCK;
SDR 320 TDI (84210842108421084210842108421084210842108421084210842108421084210842108421084210);
SIR 10 TDI (036);
RUNTEST 18 TCK;
SIR 10 TDI (022);
RUNTEST 8 TCK;
SDR 64 TDI (FFFFFFFFFFFFFFFF) TDO (FFFFFFFFFFFFFFFF) MASK (FFFFFFFFFFFFFFFF);
SIR 10 TDI (032);
RUNTEST 18 TCK;
SIR 10 TDI (022);
RUNTEST 8 TCK;
SDR 64 TDI (FFFFFFFFFFFFFFFF) TDO (FFFFFFFFFFFFFFFF);
SIR 10 TDI (016);
RUNTEST 8 TCK;
SDR 320 TDI (42108421084210842108421084210842108421084210842108421084210842108421084210842108);
SIR 10 TDI (036);
RUNTEST 18 TCK;
SIR 10 TDI (022);
RUNTEST 8 TCK;
SDR 64 TDI (FFFFFFFFFFFFFFFF) TDO (EFFAFFFFFFFFFFFF) MASK (FFFFFFFFFFFFFFFF);
SIR 10 TDI (032);
RUNTEST 18 TCK;
SIR 10 TDI (022);
RUNTEST 8 TCK;
SDR 64 TDI (FFFFFFFFFFFFFFFF) TDO (EFFAFFFFFFFFFFFF);
SIR 10 TDI (016);
RUNTEST 8 TCK;
SDR 320 TDI (21084210842108421084210842108421084210842108421084210842108421084210842108421084);
SIR 10 TDI (036);
RUNTEST 18 TCK;
SIR 10 TDI (022);
RUNTEST 8 TCK;
SDR 64 TDI (FFFFFFFFFFFFFFFF) TDO (1057DFFEDEFF7BFD) MASK (FFFFFFFFFFFFFFFF);
SIR 10 TDI (032);
RUNTEST 18 TCK;
SIR 10 TDI (022);
RUNTEST 8 TCK;
SDR 64 TDI (FFFFFFFFFFFFFFFF) TDO (1057DFFEDEFF7BFD);
SIR 10 TDI (016);
RUNTEST 8 TCK;
SDR 320 TDI (10842108421084210842108421084210842108421084210842108421084210842108421084210842);
SIR 10 TDI (036);
RUNTEST 18 TCK;
SIR 10 TDI (022);
RUNTEST 8 TCK;
SDR 64 TDI (FFFFFFFFFFFFFFFF) TDO (FFFFFFFFA9D5FFFF) MASK (FFFFFFFFFFFFFFFF);
SIR 10 TDI (032);
RUNTEST 18 TCK;
SIR 10 TDI (022);
RUNTEST 8 TCK;
SDR 64 TDI (FFFFFFFFFFFFFFFF) TDO (FFFFFFFFA9D5FFFF);
SIR 10 TDI (016);
RUNTEST 8 TCK;
SDR 320 TDI (08421084210842108421084210842108421084210842108421084210842108421084210842108421);
SIR 10 TDI (036);
RUNTEST 18 TCK;
SIR 10 TDI (022);
RUNTEST 8 TCK;
SDR 64 TDI (FFFFFFFFFFFFFFFF) TDO (0053DFEE80D11BFD) MASK (FFFFFFFFFFFFFFFF);
SIR 10 TDI (032);
RUNTEST 18 TCK;
SIR 10 TDI (022);
RUNTEST 8 TCK;
SDR 64 TDI (FFFFFFFFFFFFFFFF) TDO (0053DFEE80D11BFD);
SIR 10 TDI (036);
RUNTEST 18 TCK;
SIR 10 TDI (026);
RUNTEST 8 TCK;
SDR 64 TDI (FFFFFFFFFFFFFFFF) TDO (FFFFFFFFFFFFFFFF);
SIR 10 TDI (032);
RUNTEST 18 TCK;
SIR 10 TDI (026);
RUNTEST 8 TCK;
SDR 64 TDI (FFFFFFFFFFFFFFFF) TDO (FFFFFFFFFFFFFFFF);
SIR 10 TDI (01A);
RUNTEST 8 TCK;
SDR 320 TDI (42108421084210842108421084210842108421084210842108421084210842108421084210842108);
SIR 10 TDI (036);
RUNTEST 18 TCK;
SIR 10 TDI (026);
RUNTEST 8 TCK;
SDR 64 TDI (FFFFFFFFFFFFFFFF) TDO (F7FEFFFFDFFFFFFF) MASK (FFFFFFFFFFFFFFFF);
SIR 10 TDI (032);
RUNTEST 18 TCK;
SIR 10 TDI (026);
RUNTEST 8 TCK;
SDR 64 TDI (FFFFFFFFFFFFFFFF) TDO (F7FEFFFFDFFFFFFF);
SIR 10 TDI (01A);
RUNTEST 8 TCK;
SDR 320 TDI (21084210842108421084210842108421084210842108421084210842108421084210842108421084);
SIR 10 TDI (036);
RUNTEST 18 TCK;
SIR 10 TDI (026);
RUNTEST 8 TCK;
SDR 64 TDI (FFFFFFFFFFFFFFFF) TDO (5FFEFFFFFFFF173B) MASK (FFFFFFFFFFFFFFFF);
SIR 10 TDI (032);
RUNTEST 18 TCK;
SIR 10 TDI (026);
RUNTEST 8 TCK;
SDR 64 TDI (FFFFFFFFFFFFFFFF) TDO (5FFEFFFFFFFF173B);
SIR 10 TDI (01A);
RUNTEST 8 TCK;
SDR 320 TDI (10842108421084210842108421084210842108421084210842108421084210842108421084210842);
SIR 10 TDI (036);
RUNTEST 18 TCK;
SIR 10 TDI (026);
RUNTEST 8 TCK;
SDR 64 TDI (FFFFFFFFFFFFFFFF) TDO (FFFFFBFFFFFFFFDF) MASK (FFFFFFFFFFFFFFFF);
SIR 10 TDI (032);
RUNTEST 18 TCK;
SIR 10 TDI (026);
RUNTEST 8 TCK;
SDR 64 TDI (FFFFFFFFFFFFFFFF) TDO (FFFFFBFFFFFFFFDF);
SIR 10 TDI (01A);
RUNTEST 8 TCK;
SDR 320 TDI (08421084210842108421084210842108421084210842108421084210842108421084210842108421);
SIR 10 TDI (036);
RUNTEST 18 TCK;
SIR 10 TDI (026);
RUNTEST 8 TCK;
SDR 64 TDI (FFFFFFFFFFFFFFFF) TDO (57F2FFFBFE5F152B) MASK (FFFFFFFFFFFFFFFF);
SIR 10 TDI (032);
RUNTEST 18 TCK;
SIR 10 TDI (026);
RUNTEST 8 TCK;
SDR 64 TDI (FFFFFFFFFFFFFFFF) TDO (57F2FFFBFE5F152B);
SIR 10 TDI (01E);
RUNTEST 8 TCK;
SDR 273 TDI (040000000000000000000000000000000000000000200000000000000000000000000);
SIR 10 TDI (012);
RUNTEST 8 TCK;
SIR 10 TDI (016);
RUNTEST 8 TCK;
SDR 320 TDI (84210842108421084210842108421084210842108421084210842108421084210842108421084210);
SIR 10 TDI (01A);
RUNTEST 8 TCK;
SDR 320 TDI (84210842108421084210842108421084210842108421084210842108421084210842108421084210);
SIR 10 TDI (036);
RUNTEST 18 TCK;
SIR 10 TDI (022);
RUNTEST 8 TCK;
SDR 64 TDI (FFFFFFFFFFFFFFFF) TDO (FFFFFFFFFFFFFFFF) MASK (FFFFFFFFFFFFFFFF);
SIR 10 TDI (032);
RUNTEST 18 TCK;
SIR 10 TDI (022);
RUNTEST 8 TCK;
SDR 64 TDI (FFFFFFFFFFFFFFFF) TDO (FFFFFFFFFFFFFFFF);
SIR 10 TDI (016);
RUNTEST 8 TCK;
SDR 320 TDI (42108421084210842108421084210842108421084210842108421084210842108421084210842108);
SIR 10 TDI (036);
RUNTEST 18 TCK;
SIR 10 TDI (022);
RUNTEST 8 TCK;
SDR 64 TDI (FFFFFFFFFFFFFFFF) TDO (BFFFFFFFF7FFFFFF) MASK (FFFFFFFFFFFFFFFF);
SIR 10 TDI (032);
RUNTEST 18 TCK;
SIR 10 TDI (022);
RUNTEST 8 TCK;
SDR 64 TDI (FFFFFFFFFFFFFFFF) TDO (BFFFFFFFF7FFFFFF);
SIR 10 TDI (016);
RUNTEST 8 TCK;
SDR 320 TDI (21084210842108421084210842108421084210842108421084210842108421084210842108421084);
SIR 10 TDI (036);
RUNTEST 18 TCK;
SIR 10 TDI (022);
RUNTEST 8 TCK;
SDR 64 TDI (FFFFFFFFFFFFFFFF) TDO (1057DFFEDEFF7BFD) MASK (FFFFFFFFFFFFFFFF);
SIR 10 TDI (032);
RUNTEST 18 TCK;
SIR 10 TDI (022);
RUNTEST 8 TCK;
SDR 64 TDI (FFFFFFFFFFFFFFFF) TDO (1057DFFEDEFF7BFD);
SIR 10 TDI (016);
RUNTEST 8 TCK;
SDR 320 TDI (10842108421084210842108421084210842108421084210842108421084210842108421084210842);
SIR 10 TDI (036);
RUNTEST 18 TCK;
SIR 10 TDI (022);
RUNTEST 8 TCK;
SDR 64 TDI (FFFFFFFFFFFFFFFF) TDO (FFFFFFFFFFFFFFFF) MASK (FFFFFFFFFFFFFFFF);
SIR 10 TDI (032);
RUNTEST 18 TCK;
SIR 10 TDI (022);
RUNTEST 8 TCK;
SDR 64 TDI (FFFFFFFFFFFFFFFF) TDO (FFFFFFFFFFFFFFFF);
SIR 10 TDI (016);
RUNTEST 8 TCK;
SDR 320 TDI (08421084210842108421084210842108421084210842108421084210842108421084210842108421);
SIR 10 TDI (036);
RUNTEST 18 TCK;
SIR 10 TDI (022);
RUNTEST 8 TCK;
SDR 64 TDI (FFFFFFFFFFFFFFFF) TDO (0053DFEE80D11BFD) MASK (FFFFFFFFFFFFFFFF);
SIR 10 TDI (032);
RUNTEST 18 TCK;
SIR 10 TDI (022);
RUNTEST 8 TCK;
SDR 64 TDI (FFFFFFFFFFFFFFFF) TDO (0053DFEE80D11BFD);
SIR 10 TDI (036);
RUNTEST 18 TCK;
SIR 10 TDI (026);
RUNTEST 8 TCK;
SDR 64 TDI (FFFFFFFFFFFFFFFF) TDO (FFFFFFFFFFFFFFFF);
SIR 10 TDI (032);
RUNTEST 18 TCK;
SIR 10 TDI (026);
RUNTEST 8 TCK;
SDR 64 TDI (FFFFFFFFFFFFFFFF) TDO (FFFFFFFFFFFFFFFF);
SIR 10 TDI (01A);
RUNTEST 8 TCK;
SDR 320 TDI (42108421084210842108421084210842108421084210842108421084210842108421084210842108);
SIR 10 TDI (036);
RUNTEST 18 TCK;
SIR 10 TDI (026);
RUNTEST 8 TCK;
SDR 64 TDI (FFFFFFFFFFFFFFFF) TDO (FFFEFBFFFFFFFFFF) MASK (FFFFFFFFFFFFFFFF);
SIR 10 TDI (032);
RUNTEST 18 TCK;
SIR 10 TDI (026);
RUNTEST 8 TCK;
SDR 64 TDI (FFFFFFFFFFFFFFFF) TDO (FFFEFBFFFFFFFFFF);
SIR 10 TDI (01A);
RUNTEST 8 TCK;
SDR 320 TDI (21084210842108421084210842108421084210842108421084210842108421084210842108421084);
SIR 10 TDI (036);
RUNTEST 18 TCK;
SIR 10 TDI (026);
RUNTEST 8 TCK;
SDR 64 TDI (FFFFFFFFFFFFFFFF) TDO (5FFEFFFFFFFF173B) MASK (FFFFFFFFFFFFFFFF);
SIR 10 TDI (032);
RUNTEST 18 TCK;
SIR 10 TDI (026);
RUNTEST 8 TCK;
SDR 64 TDI (FFFFFFFFFFFFFFFF) TDO (5FFEFFFFFFFF173B);
SIR 10 TDI (01A);
RUNTEST 8 TCK;
SDR 320 TDI (10842108421084210842108421084210842108421084210842108421084210842108421084210842);
SIR 10 TDI (036);
RUNTEST 18 TCK;
SIR 10 TDI (026);
RUNTEST 8 TCK;
SDR 64 TDI (FFFFFFFFFFFFFFFF) TDO (FFFFFFFFFFFFFFFF) MASK (FFFFFFFFFFFFFFFF);
SIR 10 TDI (032);
RUNTEST 18 TCK;
SIR 10 TDI (026);
RUNTEST 8 TCK;
SDR 64 TDI (FFFFFFFFFFFFFFFF) TDO (FFFFFFFFFFFFFFFF);
SIR 10 TDI (01A);
RUNTEST 8 TCK;
SDR 320 TDI (08421084210842108421084210842108421084210842108421084210842108421084210842108421);
SIR 10 TDI (036);
RUNTEST 18 TCK;
SIR 10 TDI (026);
RUNTEST 8 TCK;
SDR 64 TDI (FFFFFFFFFFFFFFFF) TDO (57F2FFFBDE5F152B) MASK (FFFFFFFFFFFFFFFF);
SIR 10 TDI (032);
RUNTEST 18 TCK;
SIR 10 TDI (026);
RUNTEST 8 TCK;
SDR 64 TDI (FFFFFFFFFFFFFFFF) TDO (57F2FFFBDE5F152B);
SIR 10 TDI (01E);
RUNTEST 8 TCK;
SDR 273 TDI (020000000000000000000000000000000000000000100000000000000000000000000);
SIR 10 TDI (012);
RUNTEST 8 TCK;
SIR 10 TDI (016);
RUNTEST 8 TCK;
SDR 320 TDI (84210842108421084210842108421084210842108421084210842108421084210842108421084210);
SIR 10 TDI (01A);
RUNTEST 8 TCK;
SDR 320 TDI (84210842108421084210842108421084210842108421084210842108421084210842108421084210);
SIR 10 TDI (036);
RUNTEST 18 TCK;
SIR 10 TDI (022);
RUNTEST 8 TCK;
SDR 64 TDI (FFFFFFFFFFFFFFFF) TDO (FFFFFFFFFFFFFFFF) MASK (FFFFFFFFFFFFFFFF);
SIR 10 TDI (032);
RUNTEST 18 TCK;
SIR 10 TDI (022);
RUNTEST 8 TCK;
SDR 64 TDI (FFFFFFFFFFFFFFFF) TDO (FFFFFFFFFFFFFFFF);
SIR 10 TDI (016);
RUNTEST 8 TCK;
SDR 320 TDI (42108421084210842108421084210842108421084210842108421084210842108421084210842108);
SIR 10 TDI (036);
RUNTEST 18 TCK;
SIR 10 TDI (022);
RUNTEST 8 TCK;
SDR 64 TDI (FFFFFFFFFFFFFFFF) TDO (EFFAFF7FBFFFDFFF) MASK (FFFFFFFFFFFFFFFF);
SIR 10 TDI (032);
RUNTEST 18 TCK;
SIR 10 TDI (022);
RUNTEST 8 TCK;
SDR 64 TDI (FFFFFFFFFFFFFFFF) TDO (EFFAFF7FBFFFDFFF);
SIR 10 TDI (016);
RUNTEST 8 TCK;
SDR 320 TDI (21084210842108421084210842108421084210842108421084210842108421084210842108421084);
SIR 10 TDI (036);
RUNTEST 18 TCK;
SIR 10 TDI (022);
RUNTEST 8 TCK;
SDR 64 TDI (FFFFFFFFFFFFFFFF) TDO (1057DFFEDEFF7BFD) MASK (FFFFFFFFFFFFFFFF);
SIR 10 TDI (032);
RUNTEST 18 TCK;
SIR 10 TDI (022);
RUNTEST 8 TCK;
SDR 64 TDI (FFFFFFFFFFFFFFFF) TDO (1057DFFEDEFF7BFD);
SIR 10 TDI (016);
RUNTEST 8 TCK;
SDR 320 TDI (10842108421084210842108421084210842108421084210842108421084210842108421084210842);
SIR 10 TDI (036);
RUNTEST 18 TCK;
SIR 10 TDI (022);
RUNTEST 8 TCK;
SDR 64 TDI (FFFFFFFFFFFFFFFF) TDO (FFFFFFFFFFFFFFFF) MASK (FFFFFFFFFFFFFFFF);
SIR 10 TDI (032);
RUNTEST 18 TCK;
SIR 10 TDI (022);
RUNTEST 8 TCK;
SDR 64 TDI (FFFFFFFFFFFFFFFF) TDO (FFFFFFFFFFFFFFFF);
SIR 10 TDI (016);
RUNTEST 8 TCK;
SDR 320 TDI (08421084210842108421084210842108421084210842108421084210842108421084210842108421);
SIR 10 TDI (036);
RUNTEST 18 TCK;
SIR 10 TDI (022);
RUNTEST 8 TCK;
SDR 64 TDI (FFFFFFFFFFFFFFFF) TDO (0053DFEE80D11BFD) MASK (FFFFFFFFFFFFFFFF);
SIR 10 TDI (032);
RUNTEST 18 TCK;
SIR 10 TDI (022);
RUNTEST 8 TCK;
SDR 64 TDI (FFFFFFFFFFFFFFFF) TDO (0053DFEE80D11BFD);
SIR 10 TDI (036);
RUNTEST 18 TCK;
SIR 10 TDI (026);
RUNTEST 8 TCK;
SDR 64 TDI (FFFFFFFFFFFFFFFF) TDO (FFFFFFFFFFFFFFFF);
SIR 10 TDI (032);
RUNTEST 18 TCK;
SIR 10 TDI (026);
RUNTEST 8 TCK;
SDR 64 TDI (FFFFFFFFFFFFFFFF) TDO (FFFFFFFFFFFFFFFF);
SIR 10 TDI (01A);
RUNTEST 8 TCK;
SDR 320 TDI (42108421084210842108421084210842108421084210842108421084210842108421084210842108);
SIR 10 TDI (036);
RUNTEST 18 TCK;
SIR 10 TDI (026);
RUNTEST 8 TCK;
SDR 64 TDI (FFFFFFFFFFFFFFFF) TDO (FFFEFFFFFFFFFFFF) MASK (FFFFFFFFFFFFFFFF);
SIR 10 TDI (032);
RUNTEST 18 TCK;
SIR 10 TDI (026);
RUNTEST 8 TCK;
SDR 64 TDI (FFFFFFFFFFFFFFFF) TDO (FFFEFFFFFFFFFFFF);
SIR 10 TDI (01A);
RUNTEST 8 TCK;
SDR 320 TDI (21084210842108421084210842108421084210842108421084210842108421084210842108421084);
SIR 10 TDI (036);
RUNTEST 18 TCK;
SIR 10 TDI (026);
RUNTEST 8 TCK;
SDR 64 TDI (FFFFFFFFFFFFFFFF) TDO (5FFEFFFFFFFF173B) MASK (FFFFFFFFFFFFFFFF);
SIR 10 TDI (032);
RUNTEST 18 TCK;
SIR 10 TDI (026);
RUNTEST 8 TCK;
SDR 64 TDI (FFFFFFFFFFFFFFFF) TDO (5FFEFFFFFFFF173B);
SIR 10 TDI (01A);
RUNTEST 8 TCK;
SDR 320 TDI (10842108421084210842108421084210842108421084210842108421084210842108421084210842);
SIR 10 TDI (036);
RUNTEST 18 TCK;
SIR 10 TDI (026);
RUNTEST 8 TCK;
SDR 64 TDI (FFFFFFFFFFFFFFFF) TDO (FFFFFEFF5FFFFFF7) MASK (FFFFFFFFFFFFFFFF);
SIR 10 TDI (032);
RUNTEST 18 TCK;
SIR 10 TDI (026);
RUNTEST 8 TCK;
SDR 64 TDI (FFFFFFFFFFFFFFFF) TDO (FFFFFEFF5FFFFFF7);
SIR 10 TDI (01A);
RUNTEST 8 TCK;
SDR 320 TDI (08421084210842108421084210842108421084210842108421084210842108421084210842108421);
SIR 10 TDI (036);
RUNTEST 18 TCK;
SIR 10 TDI (026);
RUNTEST 8 TCK;
SDR 64 TDI (FFFFFFFFFFFFFFFF) TDO (57D2FBFBFE5F152B) MASK (FFFFFFFFFFFFFFFF);
SIR 10 TDI (032);
RUNTEST 18 TCK;
SIR 10 TDI (026);
RUNTEST 8 TCK;
SDR 64 TDI (FFFFFFFFFFFFFFFF) TDO (57D2FBFBFE5F152B);
SIR 10 TDI (01E);
RUNTEST 8 TCK;
SDR 273 TDI (010000000000000000000000000000000000000000080000000000000000000000000);
SIR 10 TDI (012);
RUNTEST 8 TCK;
SIR 10 TDI (016);
RUNTEST 8 TCK;
SDR 320 TDI (84210842108421084210842108421084210842108421084210842108421084210842108421084210);
SIR 10 TDI (01A);
RUNTEST 8 TCK;
SDR 320 TDI (84210842108421084210842108421084210842108421084210842108421084210842108421084210);
SIR 10 TDI (036);
RUNTEST 18 TCK;
SIR 10 TDI (022);
RUNTEST 8 TCK;
SDR 64 TDI (FFFFFFFFFFFFFFFF) TDO (FFFFFFFFFFFFFFFF) MASK (FFFFFFFFFFFFFFFF);
SIR 10 TDI (032);
RUNTEST 18 TCK;
SIR 10 TDI (022);
RUNTEST 8 TCK;
SDR 64 TDI (FFFFFFFFFFFFFFFF) TDO (FFFFFFFFFFFFFFFF);
SIR 10 TDI (016);
RUNTEST 8 TCK;
SDR 320 TDI (42108421084210842108421084210842108421084210842108421084210842108421084210842108);
SIR 10 TDI (036);
RUNTEST 18 TCK;
SIR 10 TDI (022);
RUNTEST 8 TCK;
SDR 64 TDI (FFFFFFFFFFFFFFFF) TDO (FFFFFFFFFFFFFFFF) MASK (FFFFFFFFFFFFFFFF);
SIR 10 TDI (032);
RUNTEST 18 TCK;
SIR 10 TDI (022);
RUNTEST 8 TCK;
SDR 64 TDI (FFFFFFFFFFFFFFFF) TDO (FFFFFFFFFFFFFFFF);
SIR 10 TDI (016);
RUNTEST 8 TCK;
SDR 320 TDI (21084210842108421084210842108421084210842108421084210842108421084210842108421084);
SIR 10 TDI (036);
RUNTEST 18 TCK;
SIR 10 TDI (022);
RUNTEST 8 TCK;
SDR 64 TDI (FFFFFFFFFFFFFFFF) TDO (1057DFFEDEFF7BFD) MASK (FFFFFFFFFFFFFFFF);
SIR 10 TDI (032);
RUNTEST 18 TCK;
SIR 10 TDI (022);
RUNTEST 8 TCK;
SDR 64 TDI (FFFFFFFFFFFFFFFF) TDO (1057DFFEDEFF7BFD);
SIR 10 TDI (016);
RUNTEST 8 TCK;
SDR 320 TDI (10842108421084210842108421084210842108421084210842108421084210842108421084210842);
SIR 10 TDI (036);
RUNTEST 18 TCK;
SIR 10 TDI (022);
RUNTEST 8 TCK;
SDR 64 TDI (FFFFFFFFFFFFFFFF) TDO (FFFFFF7FFFFFFFFF) MASK (FFFFFFFFFFFFFFFF);
SIR 10 TDI (032);
RUNTEST 18 TCK;
SIR 10 TDI (022);
RUNTEST 8 TCK;
SDR 64 TDI (FFFFFFFFFFFFFFFF) TDO (FFFFFF7FFFFFFFFF);
SIR 10 TDI (016);
RUNTEST 8 TCK;
SDR 320 TDI (08421084210842108421084210842108421084210842108421084210842108421084210842108421);
SIR 10 TDI (036);
RUNTEST 18 TCK;
SIR 10 TDI (022);
RUNTEST 8 TCK;
SDR 64 TDI (FFFFFFFFFFFFFFFF) TDO (0053DFEE80D11BFD) MASK (FFFFFFFFFFFFFFFF);
SIR 10 TDI (032);
RUNTEST 18 TCK;
SIR 10 TDI (022);
RUNTEST 8 TCK;
SDR 64 TDI (FFFFFFFFFFFFFFFF) TDO (0053DFEE80D11BFD);
SIR 10 TDI (036);
RUNTEST 18 TCK;
SIR 10 TDI (026);
RUNTEST 8 TCK;
SDR 64 TDI (FFFFFFFFFFFFFFFF) TDO (FFFFFFFFFFFFFFFF);
SIR 10 TDI (032);
RUNTEST 18 TCK;
SIR 10 TDI (026);
RUNTEST 8 TCK;
SDR 64 TDI (FFFFFFFFFFFFFFFF) TDO (FFFFFFFFFFFFFFFF);
SIR 10 TDI (01A);
RUNTEST 8 TCK;
SDR 320 TDI (42108421084210842108421084210842108421084210842108421084210842108421084210842108);
SIR 10 TDI (036);
RUNTEST 18 TCK;
SIR 10 TDI (026);
RUNTEST 8 TCK;
SDR 64 TDI (FFFFFFFFFFFFFFFF) TDO (FFFEFEFFFFFFFFFF) MASK (FFFFFFFFFFFFFFFF);
SIR 10 TDI (032);
RUNTEST 18 TCK;
SIR 10 TDI (026);
RUNTEST 8 TCK;
SDR 64 TDI (FFFFFFFFFFFFFFFF) TDO (FFFEFEFFFFFFFFFF);
SIR 10 TDI (01A);
RUNTEST 8 TCK;
SDR 320 TDI (21084210842108421084210842108421084210842108421084210842108421084210842108421084);
SIR 10 TDI (036);
RUNTEST 18 TCK;
SIR 10 TDI (026);
RUNTEST 8 TCK;
SDR 64 TDI (FFFFFFFFFFFFFFFF) TDO (5FFEFFFFFFFF173B) MASK (FFFFFFFFFFFFFFFF);
SIR 10 TDI (032);
RUNTEST 18 TCK;
SIR 10 TDI (026);
RUNTEST 8 TCK;
SDR 64 TDI (FFFFFFFFFFFFFFFF) TDO (5FFEFFFFFFFF173B);
SIR 10 TDI (01A);
RUNTEST 8 TCK;
SDR 320 TDI (10842108421084210842108421084210842108421084210842108421084210842108421084210842);
SIR 10 TDI (036);
RUNTEST 18 TCK;
SIR 10 TDI (026);
RUNTEST 8 TCK;
SDR 64 TDI (FFFFFFFFFFFFFFFF) TDO (FFFFFFFFFFFFFFFF) MASK (FFFFFFFFFFFFFFFF);
SIR 10 TDI (032);
RUNTEST 18 TCK;
SIR 10 TDI (026);
RUNTEST 8 TCK;
SDR 64 TDI (FFFFFFFFFFFFFFFF) TDO (FFFFFFFFFFFFFFFF);
SIR 10 TDI (01A);
RUNTEST 8 TCK;
SDR 320 TDI (08421084210842108421084210842108421084210842108421084210842108421084210842108421);
SIR 10 TDI (036);
RUNTEST 18 TCK;
SIR 10 TDI (026);
RUNTEST 8 TCK;
SDR 64 TDI (FFFFFFFFFFFFFFFF) TDO (57F2FFFBFE5F152B) MASK (FFFFFFFFFFFFFFFF);
SIR 10 TDI (032);
RUNTEST 18 TCK;
SIR 10 TDI (026);
RUNTEST 8 TCK;
SDR 64 TDI (FFFFFFFFFFFFFFFF) TDO (57F2FFFBFE5F152B);
SIR 10 TDI (01E);
RUNTEST 8 TCK;
SDR 273 TDI (008000000000000000000000000000000000000000040000000000000000000000000);
SIR 10 TDI (012);
RUNTEST 8 TCK;
SIR 10 TDI (016);
RUNTEST 8 TCK;
SDR 320 TDI (84210842108421084210842108421084210842108421084210842108421084210842108421084210);
SIR 10 TDI (01A);
RUNTEST 8 TCK;
SDR 320 TDI (84210842108421084210842108421084210842108421084210842108421084210842108421084210);
SIR 10 TDI (036);
RUNTEST 18 TCK;
SIR 10 TDI (022);
RUNTEST 8 TCK;
SDR 64 TDI (FFFFFFFFFFFFFFFF) TDO (FFFFFFFFFFFFFFFF) MASK (FFFFFFFFFFFFFFFF);
SIR 10 TDI (032);
RUNTEST 18 TCK;
SIR 10 TDI (022);
RUNTEST 8 TCK;
SDR 64 TDI (FFFFFFFFFFFFFFFF) TDO (FFFFFFFFFFFFFFFF);
SIR 10 TDI (016);
RUNTEST 8 TCK;
SDR 320 TDI (42108421084210842108421084210842108421084210842108421084210842108421084210842108);
SIR 10 TDI (036);
RUNTEST 18 TCK;
SIR 10 TDI (022);
RUNTEST 8 TCK;
SDR 64 TDI (FFFFFFFFFFFFFFFF) TDO (FFFFEFFFFFFFFFFF) MASK (FFFFFFFFFFFFFFFF);
SIR 10 TDI (032);
RUNTEST 18 TCK;
SIR 10 TDI (022);
RUNTEST 8 TCK;
SDR 64 TDI (FFFFFFFFFFFFFFFF) TDO (FFFFEFFFFFFFFFFF);
SIR 10 TDI (016);
RUNTEST 8 TCK;
SDR 320 TDI (21084210842108421084210842108421084210842108421084210842108421084210842108421084);
SIR 10 TDI (036);
RUNTEST 18 TCK;
SIR 10 TDI (022);
RUNTEST 8 TCK;
SDR 64 TDI (FFFFFFFFFFFFFFFF) TDO (1057DFFEDEFF7BFD) MASK (FFFFFFFFFFFFFFFF);
SIR 10 TDI (032);
RUNTEST 18 TCK;
SIR 10 TDI (022);
RUNTEST 8 TCK;
SDR 64 TDI (FFFFFFFFFFFFFFFF) TDO (1057DFFEDEFF7BFD);
SIR 10 TDI (016);
RUNTEST 8 TCK;
SDR 320 TDI (10842108421084210842108421084210842108421084210842108421084210842108421084210842);
SIR 10 TDI (036);
RUNTEST 18 TCK;
SIR 10 TDI (022);
RUNTEST 8 TCK;
SDR 64 TDI (FFFFFFFFFFFFFFFF) TDO (FFFFFFFFFFFFFFFF) MASK (FFFFFFFFFFFFFFFF);
SIR 10 TDI (032);
RUNTEST 18 TCK;
SIR 10 TDI (022);
RUNTEST 8 TCK;
SDR 64 TDI (FFFFFFFFFFFFFFFF) TDO (FFFFFFFFFFFFFFFF);
SIR 10 TDI (016);
RUNTEST 8 TCK;
SDR 320 TDI (08421084210842108421084210842108421084210842108421084210842108421084210842108421);
SIR 10 TDI (036);
RUNTEST 18 TCK;
SIR 10 TDI (022);
RUNTEST 8 TCK;
SDR 64 TDI (FFFFFFFFFFFFFFFF) TDO (0053DFEE80D11BFD) MASK (FFFFFFFFFFFFFFFF);
SIR 10 TDI (032);
RUNTEST 18 TCK;
SIR 10 TDI (022);
RUNTEST 8 TCK;
SDR 64 TDI (FFFFFFFFFFFFFFFF) TDO (0053DFEE80D11BFD);
SIR 10 TDI (036);
RUNTEST 18 TCK;
SIR 10 TDI (026);
RUNTEST 8 TCK;
SDR 64 TDI (FFFFFFFFFFFFFFFF) TDO (FFFFFFFFFFFFFFFF);
SIR 10 TDI (032);
RUNTEST 18 TCK;
SIR 10 TDI (026);
RUNTEST 8 TCK;
SDR 64 TDI (FFFFFFFFFFFFFFFF) TDO (FFFFFFFFFFFFFFFF);
SIR 10 TDI (01A);
RUNTEST 8 TCK;
SDR 320 TDI (42108421084210842108421084210842108421084210842108421084210842108421084210842108);
SIR 10 TDI (036);
RUNTEST 18 TCK;
SIR 10 TDI (026);
RUNTEST 8 TCK;
SDR 64 TDI (FFFFFFFFFFFFFFFF) TDO (FFFEFFFFFFFFFFFF) MASK (FFFFFFFFFFFFFFFF);
SIR 10 TDI (032);
RUNTEST 18 TCK;
SIR 10 TDI (026);
RUNTEST 8 TCK;
SDR 64 TDI (FFFFFFFFFFFFFFFF) TDO (FFFEFFFFFFFFFFFF);
SIR 10 TDI (01A);
RUNTEST 8 TCK;
SDR 320 TDI (21084210842108421084210842108421084210842108421084210842108421084210842108421084);
SIR 10 TDI (036);
RUNTEST 18 TCK;
SIR 10 TDI (026);
RUNTEST 8 TCK;
SDR 64 TDI (FFFFFFFFFFFFFFFF) TDO (5FFEFFFFFFFF173B) MASK (FFFFFFFFFFFFFFFF);
SIR 10 TDI (032);
RUNTEST 18 TCK;
SIR 10 TDI (026);
RUNTEST 8 TCK;
SDR 64 TDI (FFFFFFFFFFFFFFFF) TDO (5FFEFFFFFFFF173B);
SIR 10 TDI (01A);
RUNTEST 8 TCK;
SDR 320 TDI (10842108421084210842108421084210842108421084210842108421084210842108421084210842);
SIR 10 TDI (036);
RUNTEST 18 TCK;
SIR 10 TDI (026);
RUNTEST 8 TCK;
SDR 64 TDI (FFFFFFFFFFFFFFFF) TDO (FE7DFFDFFFFFFFFF) MASK (FFFFFFFFFFFFFFFF);
SIR 10 TDI (032);
RUNTEST 18 TCK;
SIR 10 TDI (026);
RUNTEST 8 TCK;
SDR 64 TDI (FFFFFFFFFFFFFFFF) TDO (FE7DFFDFFFFFFFFF);
SIR 10 TDI (01A);
RUNTEST 8 TCK;
SDR 320 TDI (08421084210842108421084210842108421084210842108421084210842108421084210842108421);
SIR 10 TDI (036);
RUNTEST 18 TCK;
SIR 10 TDI (026);
RUNTEST 8 TCK;
SDR 64 TDI (FFFFFFFFFFFFFFFF) TDO (57F2FFFBDE5F152A) MASK (FFFFFFFFFFFFFFFF);
SIR 10 TDI (032);
RUNTEST 18 TCK;
SIR 10 TDI (026);
RUNTEST 8 TCK;
SDR 64 TDI (FFFFFFFFFFFFFFFF) TDO (57F2FFFBDE5F152A);
SIR 10 TDI (01E);
RUNTEST 8 TCK;
SDR 273 TDI (004000000000000000000000000000000000000000020000000000000000000000000);
SIR 10 TDI (012);
RUNTEST 8 TCK;
SIR 10 TDI (016);
RUNTEST 8 TCK;
SDR 320 TDI (84210842108421084210842108421084210842108421084210842108421084210842108421084210);
SIR 10 TDI (01A);
RUNTEST 8 TCK;
SDR 320 TDI (84210842108421084210842108421084210842108421084210842108421084210842108421084210);
SIR 10 TDI (036);
RUNTEST 18 TCK;
SIR 10 TDI (022);
RUNTEST 8 TCK;
SDR 64 TDI (FFFFFFFFFFFFFFFF) TDO (FFFFFFFFFFFFFFFF) MASK (FFFFFFFFFFFFFFFF);
SIR 10 TDI (032);
RUNTEST 18 TCK;
SIR 10 TDI (022);
RUNTEST 8 TCK;
SDR 64 TDI (FFFFFFFFFFFFFFFF) TDO (FFFFFFFFFFFFFFFF);
SIR 10 TDI (016);
RUNTEST 8 TCK;
SDR 320 TDI (42108421084210842108421084210842108421084210842108421084210842108421084210842108);
SIR 10 TDI (036);
RUNTEST 18 TCK;
SIR 10 TDI (022);
RUNTEST 8 TCK;
SDR 64 TDI (FFFFFFFFFFFFFFFF) TDO (FFFFFFFFFFFFFFFF) MASK (FFFFFFFFFFFFFFFF);
SIR 10 TDI (032);
RUNTEST 18 TCK;
SIR 10 TDI (022);
RUNTEST 8 TCK;
SDR 64 TDI (FFFFFFFFFFFFFFFF) TDO (FFFFFFFFFFFFFFFF);
SIR 10 TDI (016);
RUNTEST 8 TCK;
SDR 320 TDI (21084210842108421084210842108421084210842108421084210842108421084210842108421084);
SIR 10 TDI (036);
RUNTEST 18 TCK;
SIR 10 TDI (022);
RUNTEST 8 TCK;
SDR 64 TDI (FFFFFFFFFFFFFFFF) TDO (1057DFFEDEFF7BFD) MASK (FFFFFFFFFFFFFFFF);
SIR 10 TDI (032);
RUNTEST 18 TCK;
SIR 10 TDI (022);
RUNTEST 8 TCK;
SDR 64 TDI (FFFFFFFFFFFFFFFF) TDO (1057DFFEDEFF7BFD);
SIR 10 TDI (016);
RUNTEST 8 TCK;
SDR 320 TDI (10842108421084210842108421084210842108421084210842108421084210842108421084210842);
SIR 10 TDI (036);
RUNTEST 18 TCK;
SIR 10 TDI (022);
RUNTEST 8 TCK;
SDR 64 TDI (FFFFFFFFFFFFFFFF) TDO (FFFFEFFFFFFFFFFF) MASK (FFFFFFFFFFFFFFFF);
SIR 10 TDI (032);
RUNTEST 18 TCK;
SIR 10 TDI (022);
RUNTEST 8 TCK;
SDR 64 TDI (FFFFFFFFFFFFFFFF) TDO (FFFFEFFFFFFFFFFF);
SIR 10 TDI (016);
RUNTEST 8 TCK;
SDR 320 TDI (08421084210842108421084210842108421084210842108421084210842108421084210842108421);
SIR 10 TDI (036);
RUNTEST 18 TCK;
SIR 10 TDI (022);
RUNTEST 8 TCK;
SDR 64 TDI (FFFFFFFFFFFFFFFF) TDO (0053DFEE80D11BFD) MASK (FFFFFFFFFFFFFFFF);
SIR 10 TDI (032);
RUNTEST 18 TCK;
SIR 10 TDI (022);
RUNTEST 8 TCK;
SDR 64 TDI (FFFFFFFFFFFFFFFF) TDO (0053DFEE80D11BFD);
SIR 10 TDI (036);
RUNTEST 18 TCK;
SIR 10 TDI (026);
RUNTEST 8 TCK;
SDR 64 TDI (FFFFFFFFFFFFFFFF) TDO (FFFFFFFFFFFFFFFF);
SIR 10 TDI (032);
RUNTEST 18 TCK;
SIR 10 TDI (026);
RUNTEST 8 TCK;
SDR 64 TDI (FFFFFFFFFFFFFFFF) TDO (FFFFFFFFFFFFFFFF);
SIR 10 TDI (01A);
RUNTEST 8 TCK;
SDR 320 TDI (42108421084210842108421084210842108421084210842108421084210842108421084210842108);
SIR 10 TDI (036);
RUNTEST 18 TCK;
SIR 10 TDI (026);
RUNTEST 8 TCK;
SDR 64 TDI (FFFFFFFFFFFFFFFF) TDO (FFFEFFFFDFFFFFFF) MASK (FFFFFFFFFFFFFFFF);
SIR 10 TDI (032);
RUNTEST 18 TCK;
SIR 10 TDI (026);
RUNTEST 8 TCK;
SDR 64 TDI (FFFFFFFFFFFFFFFF) TDO (FFFEFFFFDFFFFFFF);
SIR 10 TDI (01A);
RUNTEST 8 TCK;
SDR 320 TDI (21084210842108421084210842108421084210842108421084210842108421084210842108421084);
SIR 10 TDI (036);
RUNTEST 18 TCK;
SIR 10 TDI (026);
RUNTEST 8 TCK;
SDR 64 TDI (FFFFFFFFFFFFFFFF) TDO (5FFEFFFFFFFF173B) MASK (FFFFFFFFFFFFFFFF);
SIR 10 TDI (032);
RUNTEST 18 TCK;
SIR 10 TDI (026);
RUNTEST 8 TCK;
SDR 64 TDI (FFFFFFFFFFFFFFFF) TDO (5FFEFFFFFFFF173B);
SIR 10 TDI (01A);
RUNTEST 8 TCK;
SDR 320 TDI (10842108421084210842108421084210842108421084210842108421084210842108421084210842);
SIR 10 TDI (036);
RUNTEST 18 TCK;
SIR 10 TDI (026);
RUNTEST 8 TCK;
SDR 64 TDI (FFFFFFFFFFFFFFFF) TDO (FFFFFFFFFFFFFFFF) MASK (FFFFFFFFFFFFFFFF);
SIR 10 TDI (032);
RUNTEST 18 TCK;
SIR 10 TDI (026);
RUNTEST 8 TCK;
SDR 64 TDI (FFFFFFFFFFFFFFFF) TDO (FFFFFFFFFFFFFFFF);
SIR 10 TDI (01A);
RUNTEST 8 TCK;
SDR 320 TDI (08421084210842108421084210842108421084210842108421084210842108421084210842108421);
SIR 10 TDI (036);
RUNTEST 18 TCK;
SIR 10 TDI (026);
RUNTEST 8 TCK;
SDR 64 TDI (FFFFFFFFFFFFFFFF) TDO (57F2FFFBFE5F152B) MASK (FFFFFFFFFFFFFFFF);
SIR 10 TDI (032);
RUNTEST 18 TCK;
SIR 10 TDI (026);
RUNTEST 8 TCK;
SDR 64 TDI (FFFFFFFFFFFFFFFF) TDO (57F2FFFBFE5F152B);
SIR 10 TDI (01E);
RUNTEST 8 TCK;
SDR 273 TDI (002000000000000000000000000000000000000000010000000000000000000000000);
SIR 10 TDI (012);
RUNTEST 8 TCK;
SIR 10 TDI (016);
RUNTEST 8 TCK;
SDR 320 TDI (84210842108421084210842108421084210842108421084210842108421084210842108421084210);
SIR 10 TDI (01A);
RUNTEST 8 TCK;
SDR 320 TDI (84210842108421084210842108421084210842108421084210842108421084210842108421084210);
SIR 10 TDI (036);
RUNTEST 18 TCK;
SIR 10 TDI (022);
RUNTEST 8 TCK;
SDR 64 TDI (FFFFFFFFFFFFFFFF) TDO (FFFFFEFFFFFFFFFF) MASK (FFFFFFFFFFFFFFFF);
SIR 10 TDI (032);
RUNTEST 18 TCK;
SIR 10 TDI (022);
RUNTEST 8 TCK;
SDR 64 TDI (FFFFFFFFFFFFFFFF) TDO (FFFFFEFFFFFFFFFF);
SIR 10 TDI (016);
RUNTEST 8 TCK;
SDR 320 TDI (42108421084210842108421084210842108421084210842108421084210842108421084210842108);
SIR 10 TDI (036);
RUNTEST 18 TCK;
SIR 10 TDI (022);
RUNTEST 8 TCK;
SDR 64 TDI (FFFFFFFFFFFFFFFF) TDO (FFFFFFFFFFFFBFFF) MASK (FFFFFFFFFFFFFFFF);
SIR 10 TDI (032);
RUNTEST 18 TCK;
SIR 10 TDI (022);
RUNTEST 8 TCK;
SDR 64 TDI (FFFFFFFFFFFFFFFF) TDO (FFFFFFFFFFFFBFFF);
SIR 10 TDI (016);
RUNTEST 8 TCK;
SDR 320 TDI (21084210842108421084210842108421084210842108421084210842108421084210842108421084);
SIR 10 TDI (036);
RUNTEST 18 TCK;
SIR 10 TDI (022);
RUNTEST 8 TCK;
SDR 64 TDI (FFFFFFFFFFFFFFFF) TDO (1057DDFEDEFF7BFD) MASK (FFFFFFFFFFFFFFFF);
SIR 10 TDI (032);
RUNTEST 18 TCK;
SIR 10 TDI (022);
RUNTEST 8 TCK;
SDR 64 TDI (FFFFFFFFFFFFFFFF) TDO (1057DDFEDEFF7BFD);
SIR 10 TDI (016);
RUNTEST 8 TCK;
SDR 320 TDI (10842108421084210842108421084210842108421084210842108421084210842108421084210842);
SIR 10 TDI (036);
RUNTEST 18 TCK;
SIR 10 TDI (022);
RUNTEST 8 TCK;
SDR 64 TDI (FFFFFFFFFFFFFFFF) TDO (FFFFFDFFA9D5FFFF) MASK (FFFFFFFFFFFFFFFF);
SIR 10 TDI (032);
RUNTEST 18 TCK;
SIR 10 TDI (022);
RUNTEST 8 TCK;
SDR 64 TDI (FFFFFFFFFFFFFFFF) TDO (FFFFFDFFA9D5FFFF);
SIR 10 TDI (016);
RUNTEST 8 TCK;
SDR 320 TDI (08421084210842108421084210842108421084210842108421084210842108421084210842108421);
SIR 10 TDI (036);
RUNTEST 18 TCK;
SIR 10 TDI (022);
RUNTEST 8 TCK;
SDR 64 TDI (FFFFFFFFFFFFFFFF) TDO (0053DCEE80D11BFD) MASK (FFFFFFFFFFFFFFFF);
SIR 10 TDI (032);
RUNTEST 18 TCK;
SIR 10 TDI (022);
RUNTEST 8 TCK;
SDR 64 TDI (FFFFFFFFFFFFFFFF) TDO (0053DCEE80D11BFD);
SIR 10 TDI (036);
RUNTEST 18 TCK;
SIR 10 TDI (026);
RUNTEST 8 TCK;
SDR 64 TDI (FFFFFFFFFFFFFFFF) TDO (FFFFFFFFFFFFFFF7);
SIR 10 TDI (032);
RUNTEST 18 TCK;
SIR 10 TDI (026);
RUNTEST 8 TCK;
SDR 64 TDI (FFFFFFFFFFFFFFFF) TDO (FFFFFFFFFFFFFFF7);
SIR 10 TDI (01A);
RUNTEST 8 TCK;
SDR 320 TDI (42108421084210842108421084210842108421084210842108421084210842108421084210842108);
SIR 10 TDI (036);
RUNTEST 18 TCK;
SIR 10 TDI (026);
RUNTEST 8 TCK;
SDR 64 TDI (FFFFFFFFFFFFFFFF) TDO (FFFEFFFFFFFFFFFF) MASK (FFFFFFFFFFFFFFFF);
SIR 10 TDI (032);
RUNTEST 18 TCK;
SIR 10 TDI (026);
RUNTEST 8 TCK;
SDR 64 TDI (FFFFFFFFFFFFFFFF) TDO (FFFEFFFFFFFFFFFF);
SIR 10 TDI (01A);
RUNTEST 8 TCK;
SDR 320 TDI (21084210842108421084210842108421084210842108421084210842108421084210842108421084);
SIR 10 TDI (036);
RUNTEST 18 TCK;
SIR 10 TDI (026);
RUNTEST 8 TCK;
SDR 64 TDI (FFFFFFFFFFFFFFFF) TDO (5FFEFFFFFFFF173B) MASK (FFFFFFFFFFFFFFFF);
SIR 10 TDI (032);
RUNTEST 18 TCK;
SIR 10 TDI (026);
RUNTEST 8 TCK;
SDR 64 TDI (FFFFFFFFFFFFFFFF) TDO (5FFEFFFFFFFF173B);
SIR 10 TDI (01A);
RUNTEST 8 TCK;
SDR 320 TDI (10842108421084210842108421084210842108421084210842108421084210842108421084210842);
SIR 10 TDI (036);
RUNTEST 18 TCK;
SIR 10 TDI (026);
RUNTEST 8 TCK;
SDR 64 TDI (FFFFFFFFFFFFFFFF) TDO (FFFFFFDFDFFFFFFF) MASK (FFFFFFFFFFFFFFFF);
SIR 10 TDI (032);
RUNTEST 18 TCK;
SIR 10 TDI (026);
RUNTEST 8 TCK;
SDR 64 TDI (FFFFFFFFFFFFFFFF) TDO (FFFFFFDFDFFFFFFF);
SIR 10 TDI (01A);
RUNTEST 8 TCK;
SDR 320 TDI (08421084210842108421084210842108421084210842108421084210842108421084210842108421);
SIR 10 TDI (036);
RUNTEST 18 TCK;
SIR 10 TDI (026);
RUNTEST 8 TCK;
SDR 64 TDI (FFFFFFFFFFFFFFFF) TDO (57F2FFFB7E5F152B) MASK (FFFFFFFFFFFFFFFF);
SIR 10 TDI (032);
RUNTEST 18 TCK;
SIR 10 TDI (026);
RUNTEST 8 TCK;
SDR 64 TDI (FFFFFFFFFFFFFFFF) TDO (57F2FFFB7E5F152B);
SIR 10 TDI (01E);
RUNTEST 8 TCK;
SDR 273 TDI (001000000000000000000000000000000000000000008000000000000000000000000);
SIR 10 TDI (012);
RUNTEST 8 TCK;
SIR 10 TDI (016);
RUNTEST 8 TCK;
SDR 320 TDI (84210842108421084210842108421084210842108421084210842108421084210842108421084210);
SIR 10 TDI (01A);
RUNTEST 8 TCK;
SDR 320 TDI (84210842108421084210842108421084210842108421084210842108421084210842108421084210);
SIR 10 TDI (036);
RUNTEST 18 TCK;
SIR 10 TDI (022);
RUNTEST 8 TCK;
SDR 64 TDI (FFFFFFFFFFFFFFFF) TDO (FFFFFFFFFFFFFDFA) MASK (FFFFFFFFFFFFFFFF);
SIR 10 TDI (032);
RUNTEST 18 TCK;
SIR 10 TDI (022);
RUNTEST 8 TCK;
SDR 64 TDI (FFFFFFFFFFFFFFFF) TDO (FFFFFFFFFFFFFDFA);
SIR 10 TDI (016);
RUNTEST 8 TCK;
SDR 320 TDI (42108421084210842108421084210842108421084210842108421084210842108421084210842108);
SIR 10 TDI (036);
RUNTEST 18 TCK;
SIR 10 TDI (022);
RUNTEST 8 TCK;
SDR 64 TDI (FFFFFFFFFFFFFFFF) TDO (FFFFFFFFF7FFFBFE) MASK (FFFFFFFFFFFFFFFF);
SIR 10 TDI (032);
RUNTEST 18 TCK;
SIR 10 TDI (022);
RUNTEST 8 TCK;
SDR 64 TDI (FFFFFFFFFFFFFFFF) TDO (FFFFFFFFF7FFFBFE);
SIR 10 TDI (016);
RUNTEST 8 TCK;
SDR 320 TDI (21084210842108421084210842108421084210842108421084210842108421084210842108421084);
SIR 10 TDI (036);
RUNTEST 18 TCK;
SIR 10 TDI (022);
RUNTEST 8 TCK;
SDR 64 TDI (FFFFFFFFFFFFFFFF) TDO (1057DFFEDEFF79F8) MASK (FFFFFFFFFFFFFFFF);
SIR 10 TDI (032);
RUNTEST 18 TCK;
SIR 10 TDI (022);
RUNTEST 8 TCK;
SDR 64 TDI (FFFFFFFFFFFFFFFF) TDO (1057DFFEDEFF79F8);
SIR 10 TDI (016);
RUNTEST 8 TCK;
SDR 320 TDI (10842108421084210842108421084210842108421084210842108421084210842108421084210842);
SIR 10 TDI (036);
RUNTEST 18 TCK;
SIR 10 TDI (022);
RUNTEST 8 TCK;
SDR 64 TDI (FFFFFFFFFFFFFFFF) TDO (FFFFFFFFFFFFFDFA) MASK (FFFFFFFFFFFFFFFF);
SIR 10 TDI (032);
RUNTEST 18 TCK;
SIR 10 TDI (022);
RUNTEST 8 TCK;
SDR 64 TDI (FFFFFFFFFFFFFFFF) TDO (FFFFFFFFFFFFFDFA);
SIR 10 TDI (016);
RUNTEST 8 TCK;
SDR 320 TDI (08421084210842108421084210842108421084210842108421084210842108421084210842108421);
SIR 10 TDI (036);
RUNTEST 18 TCK;
SIR 10 TDI (022);
RUNTEST 8 TCK;
SDR 64 TDI (FFFFFFFFFFFFFFFF) TDO (0053DFEE80D119F8) MASK (FFFFFFFFFFFFFFFF);
SIR 10 TDI (032);
RUNTEST 18 TCK;
SIR 10 TDI (022);
RUNTEST 8 TCK;
SDR 64 TDI (FFFFFFFFFFFFFFFF) TDO (0053DFEE80D119F8);
SIR 10 TDI (036);
RUNTEST 18 TCK;
SIR 10 TDI (026);
RUNTEST 8 TCK;
SDR 64 TDI (FFFFFFFFFFFFFFFF) TDO (FFFFFFFFFFFFFFFF);
SIR 10 TDI (032);
RUNTEST 18 TCK;
SIR 10 TDI (026);
RUNTEST 8 TCK;
SDR 64 TDI (FFFFFFFFFFFFFFFF) TDO (FFFFFFFFFFFFFFFF);
SIR 10 TDI (01A);
RUNTEST 8 TCK;
SDR 320 TDI (42108421084210842108421084210842108421084210842108421084210842108421084210842108);
SIR 10 TDI (036);
RUNTEST 18 TCK;
SIR 10 TDI (026);
RUNTEST 8 TCK;
SDR 64 TDI (FFFFFFFFFFFFFFFF) TDO (DFFEFFFF7FFFFFFF) MASK (FFFFFFFFFFFFFFFF);
SIR 10 TDI (032);
RUNTEST 18 TCK;
SIR 10 TDI (026);
RUNTEST 8 TCK;
SDR 64 TDI (FFFFFFFFFFFFFFFF) TDO (DFFEFFFF7FFFFFFF);
SIR 10 TDI (01A);
RUNTEST 8 TCK;
SDR 320 TDI (21084210842108421084210842108421084210842108421084210842108421084210842108421084);
SIR 10 TDI (036);
RUNTEST 18 TCK;
SIR 10 TDI (026);
RUNTEST 8 TCK;
SDR 64 TDI (FFFFFFFFFFFFFFFF) TDO (5FFEFFFFFFFF173B) MASK (FFFFFFFFFFFFFFFF);
SIR 10 TDI (032);
RUNTEST 18 TCK;
SIR 10 TDI (026);
RUNTEST 8 TCK;
SDR 64 TDI (FFFFFFFFFFFFFFFF) TDO (5FFEFFFFFFFF173B);
SIR 10 TDI (01A);
RUNTEST 8 TCK;
SDR 320 TDI (10842108421084210842108421084210842108421084210842108421084210842108421084210842);
SIR 10 TDI (036);
RUNTEST 18 TCK;
SIR 10 TDI (026);
RUNTEST 8 TCK;
SDR 64 TDI (FFFFFFFFFFFFFFFF) TDO (FFFFFFFFFFFFFFFF) MASK (FFFFFFFFFFFFFFFF);
SIR 10 TDI (032);
RUNTEST 18 TCK;
SIR 10 TDI (026);
RUNTEST 8 TCK;
SDR 64 TDI (FFFFFFFFFFFFFFFF) TDO (FFFFFFFFFFFFFFFF);
SIR 10 TDI (01A);
RUNTEST 8 TCK;
SDR 320 TDI (08421084210842108421084210842108421084210842108421084210842108421084210842108421);
SIR 10 TDI (036);
RUNTEST 18 TCK;
SIR 10 TDI (026);
RUNTEST 8 TCK;
SDR 64 TDI (FFFFFFFFFFFFFFFF) TDO (57F2FFFBFE5F152B) MASK (FFFFFFFFFFFFFFFF);
SIR 10 TDI (032);
RUNTEST 18 TCK;
SIR 10 TDI (026);
RUNTEST 8 TCK;
SDR 64 TDI (FFFFFFFFFFFFFFFF) TDO (57F2FFFBFE5F152B);
SIR 10 TDI (01E);
RUNTEST 8 TCK;
SDR 273 TDI (000800000000000000000000000000000000000000004000000000000000000000000);
SIR 10 TDI (012);
RUNTEST 8 TCK;
SIR 10 TDI (016);
RUNTEST 8 TCK;
SDR 320 TDI (84210842108421084210842108421084210842108421084210842108421084210842108421084210);
SIR 10 TDI (01A);
RUNTEST 8 TCK;
SDR 320 TDI (84210842108421084210842108421084210842108421084210842108421084210842108421084210);
SIR 10 TDI (036);
RUNTEST 18 TCK;
SIR 10 TDI (022);
RUNTEST 8 TCK;
SDR 64 TDI (FFFFFFFFFFFFFFFF) TDO (FFFFFFFFFFFFFFFF) MASK (FFFFFFFFFFFFFFFF);
SIR 10 TDI (032);
RUNTEST 18 TCK;
SIR 10 TDI (022);
RUNTEST 8 TCK;
SDR 64 TDI (FFFFFFFFFFFFFFFF) TDO (FFFFFFFFFFFFFFFF);
SIR 10 TDI (016);
RUNTEST 8 TCK;
SDR 320 TDI (42108421084210842108421084210842108421084210842108421084210842108421084210842108);
SIR 10 TDI (036);
RUNTEST 18 TCK;
SIR 10 TDI (022);
RUNTEST 8 TCK;
SDR 64 TDI (FFFFFFFFFFFFFFFF) TDO (FFFFBFFFFDFFFFFD) MASK (FFFFFFFFFFFFFFFF);
SIR 10 TDI (032);
RUNTEST 18 TCK;
SIR 10 TDI (022);
RUNTEST 8 TCK;
SDR 64 TDI (FFFFFFFFFFFFFFFF) TDO (FFFFBFFFFDFFFFFD);
SIR 10 TDI (016);
RUNTEST 8 TCK;
SDR 320 TDI (21084210842108421084210842108421084210842108421084210842108421084210842108421084);
SIR 10 TDI (036);
RUNTEST 18 TCK;
SIR 10 TDI (022);
RUNTEST 8 TCK;
SDR 64 TDI (FFFFFFFFFFFFFFFF) TDO (1057DFFEDEFF7BFD) MASK (FFFFFFFFFFFFFFFF);
SIR 10 TDI (032);
RUNTEST 18 TCK;
SIR 10 TDI (022);
RUNTEST 8 TCK;
SDR 64 TDI (FFFFFFFFFFFFFFFF) TDO (1057DFFEDEFF7BFD);
SIR 10 TDI (016);
RUNTEST 8 TCK;
SDR 320 TDI (10842108421084210842108421084210842108421084210842108421084210842108421084210842);
SIR 10 TDI (036);
RUNTEST 18 TCK;
SIR 10 TDI (022);
RUNTEST 8 TCK;
SDR 64 TDI (FFFFFFFFFFFFFFFF) TDO (FFFFFFFFFFFFFFFF) MASK (FFFFFFFFFFFFFFFF);
SIR 10 TDI (032);
RUNTEST 18 TCK;
SIR 10 TDI (022);
RUNTEST 8 TCK;
SDR 64 TDI (FFFFFFFFFFFFFFFF) TDO (FFFFFFFFFFFFFFFF);
SIR 10 TDI (016);
RUNTEST 8 TCK;
SDR 320 TDI (08421084210842108421084210842108421084210842108421084210842108421084210842108421);
SIR 10 TDI (036);
RUNTEST 18 TCK;
SIR 10 TDI (022);
RUNTEST 8 TCK;
SDR 64 TDI (FFFFFFFFFFFFFFFF) TDO (0053DFEE80D11BFC) MASK (FFFFFFFFFFFFFFFF);
SIR 10 TDI (032);
RUNTEST 18 TCK;
SIR 10 TDI (022);
RUNTEST 8 TCK;
SDR 64 TDI (FFFFFFFFFFFFFFFF) TDO (0053DFEE80D11BFC);
SIR 10 TDI (036);
RUNTEST 18 TCK;
SIR 10 TDI (026);
RUNTEST 8 TCK;
SDR 64 TDI (FFFFFFFFFFFFFFFF) TDO (FFFFFFFFFFFFFFFF);
SIR 10 TDI (032);
RUNTEST 18 TCK;
SIR 10 TDI (026);
RUNTEST 8 TCK;
SDR 64 TDI (FFFFFFFFFFFFFFFF) TDO (FFFFFFFFFFFFFFFF);
SIR 10 TDI (01A);
RUNTEST 8 TCK;
SDR 320 TDI (42108421084210842108421084210842108421084210842108421084210842108421084210842108);
SIR 10 TDI (036);
RUNTEST 18 TCK;
SIR 10 TDI (026);
RUNTEST 8 TCK;
SDR 64 TDI (FFFFFFFFFFFFFFFF) TDO (BE7CFFFF77FFFFFB) MASK (FFFFFFFFFFFFFFFF);
SIR 10 TDI (032);
RUNTEST 18 TCK;
SIR 10 TDI (026);
RUNTEST 8 TCK;
SDR 64 TDI (FFFFFFFFFFFFFFFF) TDO (BE7CFFFF77FFFFFB);
SIR 10 TDI (01A);
RUNTEST 8 TCK;
SDR 320 TDI (21084210842108421084210842108421084210842108421084210842108421084210842108421084);
SIR 10 TDI (036);
RUNTEST 18 TCK;
SIR 10 TDI (026);
RUNTEST 8 TCK;
SDR 64 TDI (FFFFFFFFFFFFFFFF) TDO (5FFEFFFFFFFF173B) MASK (FFFFFFFFFFFFFFFF);
SIR 10 TDI (032);
RUNTEST 18 TCK;
SIR 10 TDI (026);
RUNTEST 8 TCK;
SDR 64 TDI (FFFFFFFFFFFFFFFF) TDO (5FFEFFFFFFFF173B);
SIR 10 TDI (01A);
RUNTEST 8 TCK;
SDR 320 TDI (10842108421084210842108421084210842108421084210842108421084210842108421084210842);
SIR 10 TDI (036);
RUNTEST 18 TCK;
SIR 10 TDI (026);
RUNTEST 8 TCK;
SDR 64 TDI (FFFFFFFFFFFFFFFF) TDO (FFFFFFFFFFFFFFFF) MASK (FFFFFFFFFFFFFFFF);
SIR 10 TDI (032);
RUNTEST 18 TCK;
SIR 10 TDI (026);
RUNTEST 8 TCK;
SDR 64 TDI (FFFFFFFFFFFFFFFF) TDO (FFFFFFFFFFFFFFFF);
SIR 10 TDI (01A);
RUNTEST 8 TCK;
SDR 320 TDI (08421084210842108421084210842108421084210842108421084210842108421084210842108421);
SIR 10 TDI (036);
RUNTEST 18 TCK;
SIR 10 TDI (026);
RUNTEST 8 TCK;
SDR 64 TDI (FFFFFFFFFFFFFFFF) TDO (1672FFFBFE5F152B) MASK (FFFFFFFFFFFFFFFF);
SIR 10 TDI (032);
RUNTEST 18 TCK;
SIR 10 TDI (026);
RUNTEST 8 TCK;
SDR 64 TDI (FFFFFFFFFFFFFFFF) TDO (1672FFFBFE5F152B);
SIR 10 TDI (01E);
RUNTEST 8 TCK;
SDR 273 TDI (000400000000000000000000000000000000000000002000000000000000000000000);
SIR 10 TDI (012);
RUNTEST 8 TCK;
SIR 10 TDI (016);
RUNTEST 8 TCK;
SDR 320 TDI (84210842108421084210842108421084210842108421084210842108421084210842108421084210);
SIR 10 TDI (01A);
RUNTEST 8 TCK;
SDR 320 TDI (84210842108421084210842108421084210842108421084210842108421084210842108421084210);
SIR 10 TDI (036);
RUNTEST 18 TCK;
SIR 10 TDI (022);
RUNTEST 8 TCK;
SDR 64 TDI (FFFFFFFFFFFFFFFF) TDO (FFFFFFFFFFFFFFFF) MASK (FFFFFFFFFFFFFFFF);
SIR 10 TDI (032);
RUNTEST 18 TCK;
SIR 10 TDI (022);
RUNTEST 8 TCK;
SDR 64 TDI (FFFFFFFFFFFFFFFF) TDO (FFFFFFFFFFFFFFFF);
SIR 10 TDI (016);
RUNTEST 8 TCK;
SDR 320 TDI (42108421084210842108421084210842108421084210842108421084210842108421084210842108);
SIR 10 TDI (036);
RUNTEST 18 TCK;
SIR 10 TDI (022);
RUNTEST 8 TCK;
SDR 64 TDI (FFFFFFFFFFFFFFFF) TDO (FFFFFEFFFFFFFFFF) MASK (FFFFFFFFFFFFFFFF);
SIR 10 TDI (032);
RUNTEST 18 TCK;
SIR 10 TDI (022);
RUNTEST 8 TCK;
SDR 64 TDI (FFFFFFFFFFFFFFFF) TDO (FFFFFEFFFFFFFFFF);
SIR 10 TDI (016);
RUNTEST 8 TCK;
SDR 320 TDI (21084210842108421084210842108421084210842108421084210842108421084210842108421084);
SIR 10 TDI (036);
RUNTEST 18 TCK;
SIR 10 TDI (022);
RUNTEST 8 TCK;
SDR 64 TDI (FFFFFFFFFFFFFFFF) TDO (1057DFFEDEFF7BFD) MASK (FFFFFFFFFFFFFFFF);
SIR 10 TDI (032);
RUNTEST 18 TCK;
SIR 10 TDI (022);
RUNTEST 8 TCK;
SDR 64 TDI (FFFFFFFFFFFFFFFF) TDO (1057DFFEDEFF7BFD);
SIR 10 TDI (016);
RUNTEST 8 TCK;
SDR 320 TDI (10842108421084210842108421084210842108421084210842108421084210842108421084210842);
SIR 10 TDI (036);
RUNTEST 18 TCK;
SIR 10 TDI (022);
RUNTEST 8 TCK;
SDR 64 TDI (FFFFFFFFFFFFFFFF) TDO (FFFFBFFFFFFFFFFF) MASK (FFFFFFFFFFFFFFFF);
SIR 10 TDI (032);
RUNTEST 18 TCK;
SIR 10 TDI (022);
RUNTEST 8 TCK;
SDR 64 TDI (FFFFFFFFFFFFFFFF) TDO (FFFFBFFFFFFFFFFF);
SIR 10 TDI (016);
RUNTEST 8 TCK;
SDR 320 TDI (08421084210842108421084210842108421084210842108421084210842108421084210842108421);
SIR 10 TDI (036);
RUNTEST 18 TCK;
SIR 10 TDI (022);
RUNTEST 8 TCK;
SDR 64 TDI (FFFFFFFFFFFFFFFF) TDO (0053DFEE80D11BFD) MASK (FFFFFFFFFFFFFFFF);
SIR 10 TDI (032);
RUNTEST 18 TCK;
SIR 10 TDI (022);
RUNTEST 8 TCK;
SDR 64 TDI (FFFFFFFFFFFFFFFF) TDO (0053DFEE80D11BFD);
SIR 10 TDI (036);
RUNTEST 18 TCK;
SIR 10 TDI (026);
RUNTEST 8 TCK;
SDR 64 TDI (FFFFFFFFFFFFFFFF) TDO (FFFFFFFFFFFFFFFF);
SIR 10 TDI (032);
RUNTEST 18 TCK;
SIR 10 TDI (026);
RUNTEST 8 TCK;
SDR 64 TDI (FFFFFFFFFFFFFFFF) TDO (FFFFFFFFFFFFFFFF);
SIR 10 TDI (01A);
RUNTEST 8 TCK;
SDR 320 TDI (42108421084210842108421084210842108421084210842108421084210842108421084210842108);
SIR 10 TDI (036);
RUNTEST 18 TCK;
SIR 10 TDI (026);
RUNTEST 8 TCK;
SDR 64 TDI (FFFFFFFFFFFFFFFF) TDO (FFFEFFFFFFFFFFFF) MASK (FFFFFFFFFFFFFFFF);
SIR 10 TDI (032);
RUNTEST 18 TCK;
SIR 10 TDI (026);
RUNTEST 8 TCK;
SDR 64 TDI (FFFFFFFFFFFFFFFF) TDO (FFFEFFFFFFFFFFFF);
SIR 10 TDI (01A);
RUNTEST 8 TCK;
SDR 320 TDI (21084210842108421084210842108421084210842108421084210842108421084210842108421084);
SIR 10 TDI (036);
RUNTEST 18 TCK;
SIR 10 TDI (026);
RUNTEST 8 TCK;
SDR 64 TDI (FFFFFFFFFFFFFFFF) TDO (5FFEFFFFFFFF173B) MASK (FFFFFFFFFFFFFFFF);
SIR 10 TDI (032);
RUNTEST 18 TCK;
SIR 10 TDI (026);
RUNTEST 8 TCK;
SDR 64 TDI (FFFFFFFFFFFFFFFF) TDO (5FFEFFFFFFFF173B);
SIR 10 TDI (01A);
RUNTEST 8 TCK;
SDR 320 TDI (10842108421084210842108421084210842108421084210842108421084210842108421084210842);
SIR 10 TDI (036);
RUNTEST 18 TCK;
SIR 10 TDI (026);
RUNTEST 8 TCK;
SDR 64 TDI (FFFFFFFFFFFFFFFF) TDO (FFFFFFFFFFFFFFFF) MASK (FFFFFFFFFFFFFFFF);
SIR 10 TDI (032);
RUNTEST 18 TCK;
SIR 10 TDI (026);
RUNTEST 8 TCK;
SDR 64 TDI (FFFFFFFFFFFFFFFF) TDO (FFFFFFFFFFFFFFFF);
SIR 10 TDI (01A);
RUNTEST 8 TCK;
SDR 320 TDI (08421084210842108421084210842108421084210842108421084210842108421084210842108421);
SIR 10 TDI (036);
RUNTEST 18 TCK;
SIR 10 TDI (026);
RUNTEST 8 TCK;
SDR 64 TDI (FFFFFFFFFFFFFFFF) TDO (57F2FFFB765F152B) MASK (FFFFFFFFFFFFFFFF);
SIR 10 TDI (032);
RUNTEST 18 TCK;
SIR 10 TDI (026);
RUNTEST 8 TCK;
SDR 64 TDI (FFFFFFFFFFFFFFFF) TDO (57F2FFFB765F152B);
SIR 10 TDI (01E);
RUNTEST 8 TCK;
SDR 273 TDI (000200000000000000000000000000000000000000001000000000000000000000000);
SIR 10 TDI (012);
RUNTEST 8 TCK;
SIR 10 TDI (016);
RUNTEST 8 TCK;
SDR 320 TDI (84210842108421084210842108421084210842108421084210842108421084210842108421084210);
SIR 10 TDI (01A);
RUNTEST 8 TCK;
SDR 320 TDI (84210842108421084210842108421084210842108421084210842108421084210842108421084210);
SIR 10 TDI (036);
RUNTEST 18 TCK;
SIR 10 TDI (022);
RUNTEST 8 TCK;
SDR 64 TDI (FFFFFFFFFFFFFFFF) TDO (FFFFFFFFFFFFFFFF) MASK (FFFFFFFFFFFFFFFF);
SIR 10 TDI (032);
RUNTEST 18 TCK;
SIR 10 TDI (022);
RUNTEST 8 TCK;
SDR 64 TDI (FFFFFFFFFFFFFFFF) TDO (FFFFFFFFFFFFFFFF);
SIR 10 TDI (016);
RUNTEST 8 TCK;
SDR 320 TDI (42108421084210842108421084210842108421084210842108421084210842108421084210842108);
SIR 10 TDI (036);
RUNTEST 18 TCK;
SIR 10 TDI (022);
RUNTEST 8 TCK;
SDR 64 TDI (FFFFFFFFFFFFFFFF) TDO (FFFFFDFFFFFFBFFF) MASK (FFFFFFFFFFFFFFFF);
SIR 10 TDI (032);
RUNTEST 18 TCK;
SIR 10 TDI (022);
RUNTEST 8 TCK;
SDR 64 TDI (FFFFFFFFFFFFFFFF) TDO (FFFFFDFFFFFFBFFF);
SIR 10 TDI (016);
RUNTEST 8 TCK;
SDR 320 TDI (21084210842108421084210842108421084210842108421084210842108421084210842108421084);
SIR 10 TDI (036);
RUNTEST 18 TCK;
SIR 10 TDI (022);
RUNTEST 8 TCK;
SDR 64 TDI (FFFFFFFFFFFFFFFF) TDO (0056DFFEDEFF7BFD) MASK (FFFFFFFFFFFFFFFF);
SIR 10 TDI (032);
RUNTEST 18 TCK;
SIR 10 TDI (022);
RUNTEST 8 TCK;
SDR 64 TDI (FFFFFFFFFFFFFFFF) TDO (0056DFFEDEFF7BFD);
SIR 10 TDI (016);
RUNTEST 8 TCK;
SDR 320 TDI (10842108421084210842108421084210842108421084210842108421084210842108421084210842);
SIR 10 TDI (036);
RUNTEST 18 TCK;
SIR 10 TDI (022);
RUNTEST 8 TCK;
SDR 64 TDI (FFFFFFFFFFFFFFFF) TDO (FBADDDFFFFFFFFFF) MASK (FFFFFFFFFFFFFFFF);
SIR 10 TDI (032);
RUNTEST 18 TCK;
SIR 10 TDI (022);
RUNTEST 8 TCK;
SDR 64 TDI (FFFFFFFFFFFFFFFF) TDO (FBADDDFFFFFFFFFF);
SIR 10 TDI (016);
RUNTEST 8 TCK;
SDR 320 TDI (08421084210842108421084210842108421084210842108421084210842108421084210842108421);
SIR 10 TDI (036);
RUNTEST 18 TCK;
SIR 10 TDI (022);
RUNTEST 8 TCK;
SDR 64 TDI (FFFFFFFFFFFFFFFF) TDO (00520F2E80911BFD) MASK (FFFFFFFFFFFFFFFF);
SIR 10 TDI (032);
RUNTEST 18 TCK;
SIR 10 TDI (022);
RUNTEST 8 TCK;
SDR 64 TDI (FFFFFFFFFFFFFFFF) TDO (00520F2E80911BFD);
SIR 10 TDI (036);
RUNTEST 18 TCK;
SIR 10 TDI (026);
RUNTEST 8 TCK;
SDR 64 TDI (FFFFFFFFFFFFFFFF) TDO (FFFFF7FFFFFFFFFF);
SIR 10 TDI (032);
RUNTEST 18 TCK;
SIR 10 TDI (026);
RUNTEST 8 TCK;
SDR 64 TDI (FFFFFFFFFFFFFFFF) TDO (FFFFF7FFFFFFFFFF);
SIR 10 TDI (01A);
RUNTEST 8 TCK;
SDR 320 TDI (42108421084210842108421084210842108421084210842108421084210842108421084210842108);
SIR 10 TDI (036);
RUNTEST 18 TCK;
SIR 10 TDI (026);
RUNTEST 8 TCK;
SDR 64 TDI (FFFFFFFFFFFFFFFF) TDO (FFF6FFFFFFFFFFFF) MASK (FFFFFFFFFFFFFFFF);
SIR 10 TDI (032);
RUNTEST 18 TCK;
SIR 10 TDI (026);
RUNTEST 8 TCK;
SDR 64 TDI (FFFFFFFFFFFFFFFF) TDO (FFF6FFFFFFFFFFFF);
SIR 10 TDI (01A);
RUNTEST 8 TCK;
SDR 320 TDI (21084210842108421084210842108421084210842108421084210842108421084210842108421084);
SIR 10 TDI (036);
RUNTEST 18 TCK;
SIR 10 TDI (026);
RUNTEST 8 TCK;
SDR 64 TDI (FFFFFFFFFFFFFFFF) TDO (5FFEFFFFFFFF173B) MASK (FFFFFFFFFFFFFFFF);
SIR 10 TDI (032);
RUNTEST 18 TCK;
SIR 10 TDI (026);
RUNTEST 8 TCK;
SDR 64 TDI (FFFFFFFFFFFFFFFF) TDO (5FFEFFFFFFFF173B);
SIR 10 TDI (01A);
RUNTEST 8 TCK;
SDR 320 TDI (10842108421084210842108421084210842108421084210842108421084210842108421084210842);
SIR 10 TDI (036);
RUNTEST 18 TCK;
SIR 10 TDI (026);
RUNTEST 8 TCK;
SDR 64 TDI (FFFFFFFFFFFFFFFF) TDO (FFFFFFFFF7FFFFFF) MASK (FFFFFFFFFFFFFFFF);
SIR 10 TDI (032);
RUNTEST 18 TCK;
SIR 10 TDI (026);
RUNTEST 8 TCK;
SDR 64 TDI (FFFFFFFFFFFFFFFF) TDO (FFFFFFFFF7FFFFFF);
SIR 10 TDI (01A);
RUNTEST 8 TCK;
SDR 320 TDI (08421084210842108421084210842108421084210842108421084210842108421084210842108421);
SIR 10 TDI (036);
RUNTEST 18 TCK;
SIR 10 TDI (026);
RUNTEST 8 TCK;
SDR 64 TDI (FFFFFFFFFFFFFFFF) TDO (57F2F7FBFE5F152B) MASK (FFFFFFFFFFFFFFFF);
SIR 10 TDI (032);
RUNTEST 18 TCK;
SIR 10 TDI (026);
RUNTEST 8 TCK;
SDR 64 TDI (FFFFFFFFFFFFFFFF) TDO (57F2F7FBFE5F152B);
SIR 10 TDI (01E);
RUNTEST 8 TCK;
SDR 273 TDI (000100000000000000000000000000000000000000000800000000000000000000000);
SIR 10 TDI (012);
RUNTEST 8 TCK;
SIR 10 TDI (016);
RUNTEST 8 TCK;
SDR 320 TDI (84210842108421084210842108421084210842108421084210842108421084210842108421084210);
SIR 10 TDI (01A);
RUNTEST 8 TCK;
SDR 320 TDI (84210842108421084210842108421084210842108421084210842108421084210842108421084210);
SIR 10 TDI (036);
RUNTEST 18 TCK;
SIR 10 TDI (022);
RUNTEST 8 TCK;
SDR 64 TDI (FFFFFFFFFFFFFFFF) TDO (FFFF7EFFFFFFFFFF) MASK (FFFFFFFFFFFFFFFF);
SIR 10 TDI (032);
RUNTEST 18 TCK;
SIR 10 TDI (022);
RUNTEST 8 TCK;
SDR 64 TDI (FFFFFFFFFFFFFFFF) TDO (FFFF7EFFFFFFFFFF);
SIR 10 TDI (016);
RUNTEST 8 TCK;
SDR 320 TDI (42108421084210842108421084210842108421084210842108421084210842108421084210842108);
SIR 10 TDI (036);
RUNTEST 18 TCK;
SIR 10 TDI (022);
RUNTEST 8 TCK;
SDR 64 TDI (FFFFFFFFFFFFFFFF) TDO (FFAD2E3FFFBFFFFF) MASK (FFFFFFFFFFFFFFFF);
SIR 10 TDI (032);
RUNTEST 18 TCK;
SIR 10 TDI (022);
RUNTEST 8 TCK;
SDR 64 TDI (FFFFFFFFFFFFFFFF) TDO (FFAD2E3FFFBFFFFF);
SIR 10 TDI (016);
RUNTEST 8 TCK;
SDR 320 TDI (21084210842108421084210842108421084210842108421084210842108421084210842108421084);
SIR 10 TDI (036);
RUNTEST 18 TCK;
SIR 10 TDI (022);
RUNTEST 8 TCK;
SDR 64 TDI (FFFFFFFFFFFFFFFF) TDO (1057DFFEDEFF7BFD) MASK (FFFFFFFFFFFFFFFF);
SIR 10 TDI (032);
RUNTEST 18 TCK;
SIR 10 TDI (022);
RUNTEST 8 TCK;
SDR 64 TDI (FFFFFFFFFFFFFFFF) TDO (1057DFFEDEFF7BFD);
SIR 10 TDI (016);
RUNTEST 8 TCK;
SDR 320 TDI (10842108421084210842108421084210842108421084210842108421084210842108421084210842);
SIR 10 TDI (036);
RUNTEST 18 TCK;
SIR 10 TDI (022);
RUNTEST 8 TCK;
SDR 64 TDI (FFFFFFFFFFFFFFFF) TDO (EFFB2F2FA8D1FFFF) MASK (FFFFFFFFFFFFFFFF);
SIR 10 TDI (032);
RUNTEST 18 TCK;
SIR 10 TDI (022);
RUNTEST 8 TCK;
SDR 64 TDI (FFFFFFFFFFFFFFFF) TDO (EFFB2F2FA8D1FFFF);
SIR 10 TDI (016);
RUNTEST 8 TCK;
SDR 320 TDI (08421084210842108421084210842108421084210842108421084210842108421084210842108421);
SIR 10 TDI (036);
RUNTEST 18 TCK;
SIR 10 TDI (022);
RUNTEST 8 TCK;
SDR 64 TDI (FFFFFFFFFFFFFFFF) TDO (0001DEEE80D11BFD) MASK (FFFFFFFFFFFFFFFF);
SIR 10 TDI (032);
RUNTEST 18 TCK;
SIR 10 TDI (022);
RUNTEST 8 TCK;
SDR 64 TDI (FFFFFFFFFFFFFFFF) TDO (0001DEEE80D11BFD);
SIR 10 TDI (036);
RUNTEST 18 TCK;
SIR 10 TDI (026);
RUNTEST 8 TCK;
SDR 64 TDI (FFFFFFFFFFFFFFFF) TDO (FFFFFFFFFFFFFFFF);
SIR 10 TDI (032);
RUNTEST 18 TCK;
SIR 10 TDI (026);
RUNTEST 8 TCK;
SDR 64 TDI (FFFFFFFFFFFFFFFF) TDO (FFFFFFFFFFFFFFFF);
SIR 10 TDI (01A);
RUNTEST 8 TCK;
SDR 320 TDI (42108421084210842108421084210842108421084210842108421084210842108421084210842108);
SIR 10 TDI (036);
RUNTEST 18 TCK;
SIR 10 TDI (026);
RUNTEST 8 TCK;
SDR 64 TDI (FFFFFFFFFFFFFFFF) TDO (FFFEFFFFFFFFFFFF) MASK (FFFFFFFFFFFFFFFF);
SIR 10 TDI (032);
RUNTEST 18 TCK;
SIR 10 TDI (026);
RUNTEST 8 TCK;
SDR 64 TDI (FFFFFFFFFFFFFFFF) TDO (FFFEFFFFFFFFFFFF);
SIR 10 TDI (01A);
RUNTEST 8 TCK;
SDR 320 TDI (21084210842108421084210842108421084210842108421084210842108421084210842108421084);
SIR 10 TDI (036);
RUNTEST 18 TCK;
SIR 10 TDI (026);
RUNTEST 8 TCK;
SDR 64 TDI (FFFFFFFFFFFFFFFF) TDO (5FFEFFFFFFFF173B) MASK (FFFFFFFFFFFFFFFF);
SIR 10 TDI (032);
RUNTEST 18 TCK;
SIR 10 TDI (026);
RUNTEST 8 TCK;
SDR 64 TDI (FFFFFFFFFFFFFFFF) TDO (5FFEFFFFFFFF173B);
SIR 10 TDI (01A);
RUNTEST 8 TCK;
SDR 320 TDI (10842108421084210842108421084210842108421084210842108421084210842108421084210842);
SIR 10 TDI (036);
RUNTEST 18 TCK;
SIR 10 TDI (026);
RUNTEST 8 TCK;
SDR 64 TDI (FFFFFFFFFFFFFFFF) TDO (FFFFFFFFFFFFFFFF) MASK (FFFFFFFFFFFFFFFF);
SIR 10 TDI (032);
RUNTEST 18 TCK;
SIR 10 TDI (026);
RUNTEST 8 TCK;
SDR 64 TDI (FFFFFFFFFFFFFFFF) TDO (FFFFFFFFFFFFFFFF);
SIR 10 TDI (01A);
RUNTEST 8 TCK;
SDR 320 TDI (08421084210842108421084210842108421084210842108421084210842108421084210842108421);
SIR 10 TDI (036);
RUNTEST 18 TCK;
SIR 10 TDI (026);
RUNTEST 8 TCK;
SDR 64 TDI (FFFFFFFFFFFFFFFF) TDO (57F2FFFBFE5F152B) MASK (FFFFFFFFFFFFFFFF);
SIR 10 TDI (032);
RUNTEST 18 TCK;
SIR 10 TDI (026);
RUNTEST 8 TCK;
SDR 64 TDI (FFFFFFFFFFFFFFFF) TDO (57F2FFFBFE5F152B);
SIR 10 TDI (01E);
RUNTEST 8 TCK;
SDR 273 TDI (000080000000000000000000000000000000000000000400000000000000000000000);
SIR 10 TDI (012);
RUNTEST 8 TCK;
SIR 10 TDI (016);
RUNTEST 8 TCK;
SDR 320 TDI (84210842108421084210842108421084210842108421084210842108421084210842108421084210);
SIR 10 TDI (01A);
RUNTEST 8 TCK;
SDR 320 TDI (84210842108421084210842108421084210842108421084210842108421084210842108421084210);
SIR 10 TDI (036);
RUNTEST 18 TCK;
SIR 10 TDI (022);
RUNTEST 8 TCK;
SDR 64 TDI (FFFFFFFFFFFFFFFF) TDO (FFFFFFFFFFFFFFFF) MASK (FFFFFFFFFFFFFFFF);
SIR 10 TDI (032);
RUNTEST 18 TCK;
SIR 10 TDI (022);
RUNTEST 8 TCK;
SDR 64 TDI (FFFFFFFFFFFFFFFF) TDO (FFFFFFFFFFFFFFFF);
SIR 10 TDI (016);
RUNTEST 8 TCK;
SDR 320 TDI (42108421084210842108421084210842108421084210842108421084210842108421084210842108);
SIR 10 TDI (036);
RUNTEST 18 TCK;
SIR 10 TDI (022);
RUNTEST 8 TCK;
SDR 64 TDI (FFFFFFFFFFFFFFFF) TDO (FFFFFFFFFFFFFFFF) MASK (FFFFFFFFFFFFFFFF);
SIR 10 TDI (032);
RUNTEST 18 TCK;
SIR 10 TDI (022);
RUNTEST 8 TCK;
SDR 64 TDI (FFFFFFFFFFFFFFFF) TDO (FFFFFFFFFFFFFFFF);
SIR 10 TDI (016);
RUNTEST 8 TCK;
SDR 320 TDI (21084210842108421084210842108421084210842108421084210842108421084210842108421084);
SIR 10 TDI (036);
RUNTEST 18 TCK;
SIR 10 TDI (022);
RUNTEST 8 TCK;
SDR 64 TDI (FFFFFFFFFFFFFFFF) TDO (1057DFFEDEFF7BFD) MASK (FFFFFFFFFFFFFFFF);
SIR 10 TDI (032);
RUNTEST 18 TCK;
SIR 10 TDI (022);
RUNTEST 8 TCK;
SDR 64 TDI (FFFFFFFFFFFFFFFF) TDO (1057DFFEDEFF7BFD);
SIR 10 TDI (016);
RUNTEST 8 TCK;
SDR 320 TDI (10842108421084210842108421084210842108421084210842108421084210842108421084210842);
SIR 10 TDI (036);
RUNTEST 18 TCK;
SIR 10 TDI (022);
RUNTEST 8 TCK;
SDR 64 TDI (FFFFFFFFFFFFFFFF) TDO (FFFFDFFFFFFFFFFF) MASK (FFFFFFFFFFFFFFFF);
SIR 10 TDI (032);
RUNTEST 18 TCK;
SIR 10 TDI (022);
RUNTEST 8 TCK;
SDR 64 TDI (FFFFFFFFFFFFFFFF) TDO (FFFFDFFFFFFFFFFF);
SIR 10 TDI (016);
RUNTEST 8 TCK;
SDR 320 TDI (08421084210842108421084210842108421084210842108421084210842108421084210842108421);
SIR 10 TDI (036);
RUNTEST 18 TCK;
SIR 10 TDI (022);
RUNTEST 8 TCK;
SDR 64 TDI (FFFFFFFFFFFFFFFF) TDO (0053DFEE80D11BFD) MASK (FFFFFFFFFFFFFFFF);
SIR 10 TDI (032);
RUNTEST 18 TCK;
SIR 10 TDI (022);
RUNTEST 8 TCK;
SDR 64 TDI (FFFFFFFFFFFFFFFF) TDO (0053DFEE80D11BFD);
SIR 10 TDI (036);
RUNTEST 18 TCK;
SIR 10 TDI (026);
RUNTEST 8 TCK;
SDR 64 TDI (FFFFFFFFFFFFFFFF) TDO (FFFFFFFFFFFFFFFF);
SIR 10 TDI (032);
RUNTEST 18 TCK;
SIR 10 TDI (026);
RUNTEST 8 TCK;
SDR 64 TDI (FFFFFFFFFFFFFFFF) TDO (FFFFFFFFFFFFFFFF);
SIR 10 TDI (01A);
RUNTEST 8 TCK;
SDR 320 TDI (42108421084210842108421084210842108421084210842108421084210842108421084210842108);
SIR 10 TDI (036);
RUNTEST 18 TCK;
SIR 10 TDI (026);
RUNTEST 8 TCK;
SDR 64 TDI (FFFFFFFFFFFFFFFF) TDO (FFFEFFDFFEFFFEDF) MASK (FFFFFFFFFFFFFFFF);
SIR 10 TDI (032);
RUNTEST 18 TCK;
SIR 10 TDI (026);
RUNTEST 8 TCK;
SDR 64 TDI (FFFFFFFFFFFFFFFF) TDO (FFFEFFDFFEFFFEDF);
SIR 10 TDI (01A);
RUNTEST 8 TCK;
SDR 320 TDI (21084210842108421084210842108421084210842108421084210842108421084210842108421084);
SIR 10 TDI (036);
RUNTEST 18 TCK;
SIR 10 TDI (026);
RUNTEST 8 TCK;
SDR 64 TDI (FFFFFFFFFFFFFFFF) TDO (57FEFFFFFFFF173B) MASK (FFFFFFFFFFFFFFFF);
SIR 10 TDI (032);
RUNTEST 18 TCK;
SIR 10 TDI (026);
RUNTEST 8 TCK;
SDR 64 TDI (FFFFFFFFFFFFFFFF) TDO (57FEFFFFFFFF173B);
SIR 10 TDI (01A);
RUNTEST 8 TCK;
SDR 320 TDI (10842108421084210842108421084210842108421084210842108421084210842108421084210842);
SIR 10 TDI (036);
RUNTEST 18 TCK;
SIR 10 TDI (026);
RUNTEST 8 TCK;
SDR 64 TDI (FFFFFFFFFFFFFFFF) TDO (FFFFFFFFFFFFFBEF) MASK (FFFFFFFFFFFFFFFF);
SIR 10 TDI (032);
RUNTEST 18 TCK;
SIR 10 TDI (026);
RUNTEST 8 TCK;
SDR 64 TDI (FFFFFFFFFFFFFFFF) TDO (FFFFFFFFFFFFFBEF);
SIR 10 TDI (01A);
RUNTEST 8 TCK;
SDR 320 TDI (08421084210842108421084210842108421084210842108421084210842108421084210842108421);
SIR 10 TDI (036);
RUNTEST 18 TCK;
SIR 10 TDI (026);
RUNTEST 8 TCK;
SDR 64 TDI (FFFFFFFFFFFFFFFF) TDO (57F2FFFBFE5F142B) MASK (FFFFFFFFFFFFFFFF);
SIR 10 TDI (032);
RUNTEST 18 TCK;
SIR 10 TDI (026);
RUNTEST 8 TCK;
SDR 64 TDI (FFFFFFFFFFFFFFFF) TDO (57F2FFFBFE5F142B);
SIR 10 TDI (01E);
RUNTEST 8 TCK;
SDR 273 TDI (000040000000000000000000000000000000000000000200000000000000000000000);
SIR 10 TDI (012);
RUNTEST 8 TCK;
SIR 10 TDI (016);
RUNTEST 8 TCK;
SDR 320 TDI (84210842108421084210842108421084210842108421084210842108421084210842108421084210);
SIR 10 TDI (01A);
RUNTEST 8 TCK;
SDR 320 TDI (84210842108421084210842108421084210842108421084210842108421084210842108421084210);
SIR 10 TDI (036);
RUNTEST 18 TCK;
SIR 10 TDI (022);
RUNTEST 8 TCK;
SDR 64 TDI (FFFFFFFFFFFFFFFF) TDO (FFFFFFFFFFFFFFFF) MASK (FFFFFFFFFFFFFFFF);
SIR 10 TDI (032);
RUNTEST 18 TCK;
SIR 10 TDI (022);
RUNTEST 8 TCK;
SDR 64 TDI (FFFFFFFFFFFFFFFF) TDO (FFFFFFFFFFFFFFFF);
SIR 10 TDI (016);
RUNTEST 8 TCK;
SDR 320 TDI (42108421084210842108421084210842108421084210842108421084210842108421084210842108);
SIR 10 TDI (036);
RUNTEST 18 TCK;
SIR 10 TDI (022);
RUNTEST 8 TCK;
SDR 64 TDI (FFFFFFFFFFFFFFFF) TDO (FFFFFFFFFFFFFFFF) MASK (FFFFFFFFFFFFFFFF);
SIR 10 TDI (032);
RUNTEST 18 TCK;
SIR 10 TDI (022);
RUNTEST 8 TCK;
SDR 64 TDI (FFFFFFFFFFFFFFFF) TDO (FFFFFFFFFFFFFFFF);
SIR 10 TDI (016);
RUNTEST 8 TCK;
SDR 320 TDI (21084210842108421084210842108421084210842108421084210842108421084210842108421084);
SIR 10 TDI (036);
RUNTEST 18 TCK;
SIR 10 TDI (022);
RUNTEST 8 TCK;
SDR 64 TDI (FFFFFFFFFFFFFFFF) TDO (10050E2E88953BFD) MASK (FFFFFFFFFFFFFFFF);
SIR 10 TDI (032);
RUNTEST 18 TCK;
SIR 10 TDI (022);
RUNTEST 8 TCK;
SDR 64 TDI (FFFFFFFFFFFFFFFF) TDO (10050E2E88953BFD);
SIR 10 TDI (016);
RUNTEST 8 TCK;
SDR 320 TDI (10842108421084210842108421084210842108421084210842108421084210842108421084210842);
SIR 10 TDI (036);
RUNTEST 18 TCK;
SIR 10 TDI (022);
RUNTEST 8 TCK;
SDR 64 TDI (FFFFFFFFFFFFFFFF) TDO (FFFFFFFFFFFFFFFF) MASK (FFFFFFFFFFFFFFFF);
SIR 10 TDI (032);
RUNTEST 18 TCK;
SIR 10 TDI (022);
RUNTEST 8 TCK;
SDR 64 TDI (FFFFFFFFFFFFFFFF) TDO (FFFFFFFFFFFFFFFF);
SIR 10 TDI (016);
RUNTEST 8 TCK;
SDR 320 TDI (08421084210842108421084210842108421084210842108421084210842108421084210842108421);
SIR 10 TDI (036);
RUNTEST 18 TCK;
SIR 10 TDI (022);
RUNTEST 8 TCK;
SDR 64 TDI (FFFFFFFFFFFFFFFF) TDO (0053DFEE80D11BFD) MASK (FFFFFFFFFFFFFFFF);
SIR 10 TDI (032);
RUNTEST 18 TCK;
SIR 10 TDI (022);
RUNTEST 8 TCK;
SDR 64 TDI (FFFFFFFFFFFFFFFF) TDO (0053DFEE80D11BFD);
SIR 10 TDI (036);
RUNTEST 18 TCK;
SIR 10 TDI (026);
RUNTEST 8 TCK;
SDR 64 TDI (FFFFFFFFFFFFFFFF) TDO (FFFFFFFFFFFFFBD6);
SIR 10 TDI (032);
RUNTEST 18 TCK;
SIR 10 TDI (026);
RUNTEST 8 TCK;
SDR 64 TDI (FFFFFFFFFFFFFFFF) TDO (FFFFFFFFFFFFFBD6);
SIR 10 TDI (01A);
RUNTEST 8 TCK;
SDR 320 TDI (42108421084210842108421084210842108421084210842108421084210842108421084210842108);
SIR 10 TDI (036);
RUNTEST 18 TCK;
SIR 10 TDI (026);
RUNTEST 8 TCK;
SDR 64 TDI (FFFFFFFFFFFFFFFF) TDO (FFFEFFFFFFFF1B7F) MASK (FFFFFFFFFFFFFFFF);
SIR 10 TDI (032);
RUNTEST 18 TCK;
SIR 10 TDI (026);
RUNTEST 8 TCK;
SDR 64 TDI (FFFFFFFFFFFFFFFF) TDO (FFFEFFFFFFFF1B7F);
SIR 10 TDI (01A);
RUNTEST 8 TCK;
SDR 320 TDI (21084210842108421084210842108421084210842108421084210842108421084210842108421084);
SIR 10 TDI (036);
RUNTEST 18 TCK;
SIR 10 TDI (026);
RUNTEST 8 TCK;
SDR 64 TDI (FFFFFFFFFFFFFFFF) TDO (5FFEFFFFFFFF1532) MASK (FFFFFFFFFFFFFFFF);
SIR 10 TDI (032);
RUNTEST 18 TCK;
SIR 10 TDI (026);
RUNTEST 8 TCK;
SDR 64 TDI (FFFFFFFFFFFFFFFF) TDO (5FFEFFFFFFFF1532);
SIR 10 TDI (01A);
RUNTEST 8 TCK;
SDR 320 TDI (10842108421084210842108421084210842108421084210842108421084210842108421084210842);
SIR 10 TDI (036);
RUNTEST 18 TCK;
SIR 10 TDI (026);
RUNTEST 8 TCK;
SDR 64 TDI (FFFFFFFFFFFFFFFF) TDO (FFFFFFFFFFFFFFF6) MASK (FFFFFFFFFFFFFFFF);
SIR 10 TDI (032);
RUNTEST 18 TCK;
SIR 10 TDI (026);
RUNTEST 8 TCK;
SDR 64 TDI (FFFFFFFFFFFFFFFF) TDO (FFFFFFFFFFFFFFF6);
SIR 10 TDI (01A);
RUNTEST 8 TCK;
SDR 320 TDI (08421084210842108421084210842108421084210842108421084210842108421084210842108421);
SIR 10 TDI (036);
RUNTEST 18 TCK;
SIR 10 TDI (026);
RUNTEST 8 TCK;
SDR 64 TDI (FFFFFFFFFFFFFFFF) TDO (57F2FFDBFE5F1102) MASK (FFFFFFFFFFFFFFFF);
SIR 10 TDI (032);
RUNTEST 18 TCK;
SIR 10 TDI (026);
RUNTEST 8 TCK;
SDR 64 TDI (FFFFFFFFFFFFFFFF) TDO (57F2FFDBFE5F1102);
SIR 10 TDI (01E);
RUNTEST 8 TCK;
SDR 273 TDI (000020000000000000000000000000000000000000000100000000000000000000000);
SIR 10 TDI (012);
RUNTEST 8 TCK;
SIR 10 TDI (016);
RUNTEST 8 TCK;
SDR 320 TDI (84210842108421084210842108421084210842108421084210842108421084210842108421084210);
SIR 10 TDI (01A);
RUNTEST 8 TCK;
SDR 320 TDI (84210842108421084210842108421084210842108421084210842108421084210842108421084210);
SIR 10 TDI (036);
RUNTEST 18 TCK;
SIR 10 TDI (022);
RUNTEST 8 TCK;
SDR 64 TDI (FFFFFFFFFFFFFFFF) TDO (FFFFFFFFFFFFFFFF) MASK (FFFFFFFFFFFFFFFF);
SIR 10 TDI (032);
RUNTEST 18 TCK;
SIR 10 TDI (022);
RUNTEST 8 TCK;
SDR 64 TDI (FFFFFFFFFFFFFFFF) TDO (FFFFFFFFFFFFFFFF);
SIR 10 TDI (016);
RUNTEST 8 TCK;
SDR 320 TDI (42108421084210842108421084210842108421084210842108421084210842108421084210842108);
SIR 10 TDI (036);
RUNTEST 18 TCK;
SIR 10 TDI (022);
RUNTEST 8 TCK;
SDR 64 TDI (FFFFFFFFFFFFFFFF) TDO (FFDFFFFFFFFFDFFF) MASK (FFFFFFFFFFFFFFFF);
SIR 10 TDI (032);
RUNTEST 18 TCK;
SIR 10 TDI (022);
RUNTEST 8 TCK;
SDR 64 TDI (FFFFFFFFFFFFFFFF) TDO (FFDFFFFFFFFFDFFF);
SIR 10 TDI (016);
RUNTEST 8 TCK;
SDR 320 TDI (21084210842108421084210842108421084210842108421084210842108421084210842108421084);
SIR 10 TDI (036);
RUNTEST 18 TCK;
SIR 10 TDI (022);
RUNTEST 8 TCK;
SDR 64 TDI (FFFFFFFFFFFFFFFF) TDO (1057DFFEDEFF7BFD) MASK (FFFFFFFFFFFFFFFF);
SIR 10 TDI (032);
RUNTEST 18 TCK;
SIR 10 TDI (022);
RUNTEST 8 TCK;
SDR 64 TDI (FFFFFFFFFFFFFFFF) TDO (1057DFFEDEFF7BFD);
SIR 10 TDI (016);
RUNTEST 8 TCK;
SDR 320 TDI (10842108421084210842108421084210842108421084210842108421084210842108421084210842);
SIR 10 TDI (036);
RUNTEST 18 TCK;
SIR 10 TDI (022);
RUNTEST 8 TCK;
SDR 64 TDI (FFFFFFFFFFFFFFFF) TDO (FFFFFFFFFFFFFFFF) MASK (FFFFFFFFFFFFFFFF);
SIR 10 TDI (032);
RUNTEST 18 TCK;
SIR 10 TDI (022);
RUNTEST 8 TCK;
SDR 64 TDI (FFFFFFFFFFFFFFFF) TDO (FFFFFFFFFFFFFFFF);
SIR 10 TDI (016);
RUNTEST 8 TCK;
SDR 320 TDI (08421084210842108421084210842108421084210842108421084210842108421084210842108421);
SIR 10 TDI (036);
RUNTEST 18 TCK;
SIR 10 TDI (022);
RUNTEST 8 TCK;
SDR 64 TDI (FFFFFFFFFFFFFFFF) TDO (0053DFEE80D11BFD) MASK (FFFFFFFFFFFFFFFF);
SIR 10 TDI (032);
RUNTEST 18 TCK;
SIR 10 TDI (022);
RUNTEST 8 TCK;
SDR 64 TDI (FFFFFFFFFFFFFFFF) TDO (0053DFEE80D11BFD);
SIR 10 TDI (036);
RUNTEST 18 TCK;
SIR 10 TDI (026);
RUNTEST 8 TCK;
SDR 64 TDI (FFFFFFFFFFFFFFFF) TDO (FFFFFFFFFFFFFFFF);
SIR 10 TDI (032);
RUNTEST 18 TCK;
SIR 10 TDI (026);
RUNTEST 8 TCK;
SDR 64 TDI (FFFFFFFFFFFFFFFF) TDO (FFFFFFFFFFFFFFFF);
SIR 10 TDI (01A);
RUNTEST 8 TCK;
SDR 320 TDI (42108421084210842108421084210842108421084210842108421084210842108421084210842108);
SIR 10 TDI (036);
RUNTEST 18 TCK;
SIR 10 TDI (026);
RUNTEST 8 TCK;
SDR 64 TDI (FFFFFFFFFFFFFFFF) TDO (FFF6FFF7FFFFFFFF) MASK (FFFFFFFFFFFFFFFF);
SIR 10 TDI (032);
RUNTEST 18 TCK;
SIR 10 TDI (026);
RUNTEST 8 TCK;
SDR 64 TDI (FFFFFFFFFFFFFFFF) TDO (FFF6FFF7FFFFFFFF);
SIR 10 TDI (01A);
RUNTEST 8 TCK;
SDR 320 TDI (21084210842108421084210842108421084210842108421084210842108421084210842108421084);
SIR 10 TDI (036);
RUNTEST 18 TCK;
SIR 10 TDI (026);
RUNTEST 8 TCK;
SDR 64 TDI (FFFFFFFFFFFFFFFF) TDO (57FEFFFBFE5F173B) MASK (FFFFFFFFFFFFFFFF);
SIR 10 TDI (032);
RUNTEST 18 TCK;
SIR 10 TDI (026);
RUNTEST 8 TCK;
SDR 64 TDI (FFFFFFFFFFFFFFFF) TDO (57FEFFFBFE5F173B);
SIR 10 TDI (01A);
RUNTEST 8 TCK;
SDR 320 TDI (10842108421084210842108421084210842108421084210842108421084210842108421084210842);
SIR 10 TDI (036);
RUNTEST 18 TCK;
SIR 10 TDI (026);
RUNTEST 8 TCK;
SDR 64 TDI (FFFFFFFFFFFFFFFF) TDO (FFFFFFFFFFFFFFFF) MASK (FFFFFFFFFFFFFFFF);
SIR 10 TDI (032);
RUNTEST 18 TCK;
SIR 10 TDI (026);
RUNTEST 8 TCK;
SDR 64 TDI (FFFFFFFFFFFFFFFF) TDO (FFFFFFFFFFFFFFFF);
SIR 10 TDI (01A);
RUNTEST 8 TCK;
SDR 320 TDI (08421084210842108421084210842108421084210842108421084210842108421084210842108421);
SIR 10 TDI (036);
RUNTEST 18 TCK;
SIR 10 TDI (026);
RUNTEST 8 TCK;
SDR 64 TDI (FFFFFFFFFFFFFFFF) TDO (57F2FFFBFE5F152B) MASK (FFFFFFFFFFFFFFFF);
SIR 10 TDI (032);
RUNTEST 18 TCK;
SIR 10 TDI (026);
RUNTEST 8 TCK;
SDR 64 TDI (FFFFFFFFFFFFFFFF) TDO (57F2FFFBFE5F152B);
SIR 10 TDI (01E);
RUNTEST 8 TCK;
SDR 273 TDI (000010000000000000000000000000000000000000000080000000000000000000000);
SIR 10 TDI (012);
RUNTEST 8 TCK;
SIR 10 TDI (016);
RUNTEST 8 TCK;
SDR 320 TDI (84210842108421084210842108421084210842108421084210842108421084210842108421084210);
SIR 10 TDI (01A);
RUNTEST 8 TCK;
SDR 320 TDI (84210842108421084210842108421084210842108421084210842108421084210842108421084210);
SIR 10 TDI (036);
RUNTEST 18 TCK;
SIR 10 TDI (022);
RUNTEST 8 TCK;
SDR 64 TDI (FFFFFFFFFFFFFFFF) TDO (FFFFFFFFFFFFFFFF) MASK (FFFFFFFFFFFFFFFF);
SIR 10 TDI (032);
RUNTEST 18 TCK;
SIR 10 TDI (022);
RUNTEST 8 TCK;
SDR 64 TDI (FFFFFFFFFFFFFFFF) TDO (FFFFFFFFFFFFFFFF);
SIR 10 TDI (016);
RUNTEST 8 TCK;
SDR 320 TDI (42108421084210842108421084210842108421084210842108421084210842108421084210842108);
SIR 10 TDI (036);
RUNTEST 18 TCK;
SIR 10 TDI (022);
RUNTEST 8 TCK;
SDR 64 TDI (FFFFFFFFFFFFFFFF) TDO (FFFFFFFFFFFFFFFF) MASK (FFFFFFFFFFFFFFFF);
SIR 10 TDI (032);
RUNTEST 18 TCK;
SIR 10 TDI (022);
RUNTEST 8 TCK;
SDR 64 TDI (FFFFFFFFFFFFFFFF) TDO (FFFFFFFFFFFFFFFF);
SIR 10 TDI (016);
RUNTEST 8 TCK;
SDR 320 TDI (21084210842108421084210842108421084210842108421084210842108421084210842108421084);
SIR 10 TDI (036);
RUNTEST 18 TCK;
SIR 10 TDI (022);
RUNTEST 8 TCK;
SDR 64 TDI (FFFFFFFFFFFFFFFF) TDO (1057DFFEDEFF7BFD) MASK (FFFFFFFFFFFFFFFF);
SIR 10 TDI (032);
RUNTEST 18 TCK;
SIR 10 TDI (022);
RUNTEST 8 TCK;
SDR 64 TDI (FFFFFFFFFFFFFFFF) TDO (1057DFFEDEFF7BFD);
SIR 10 TDI (016);
RUNTEST 8 TCK;
SDR 320 TDI (10842108421084210842108421084210842108421084210842108421084210842108421084210842);
SIR 10 TDI (036);
RUNTEST 18 TCK;
SIR 10 TDI (022);
RUNTEST 8 TCK;
SDR 64 TDI (FFFFFFFFFFFFFFFF) TDO (FFFFFFFFFFFFFFFF) MASK (FFFFFFFFFFFFFFFF);
SIR 10 TDI (032);
RUNTEST 18 TCK;
SIR 10 TDI (022);
RUNTEST 8 TCK;
SDR 64 TDI (FFFFFFFFFFFFFFFF) TDO (FFFFFFFFFFFFFFFF);
SIR 10 TDI (016);
RUNTEST 8 TCK;
SDR 320 TDI (08421084210842108421084210842108421084210842108421084210842108421084210842108421);
SIR 10 TDI (036);
RUNTEST 18 TCK;
SIR 10 TDI (022);
RUNTEST 8 TCK;
SDR 64 TDI (FFFFFFFFFFFFFFFF) TDO (0053DFEE80D11BFD) MASK (FFFFFFFFFFFFFFFF);
SIR 10 TDI (032);
RUNTEST 18 TCK;
SIR 10 TDI (022);
RUNTEST 8 TCK;
SDR 64 TDI (FFFFFFFFFFFFFFFF) TDO (0053DFEE80D11BFD);
SIR 10 TDI (036);
RUNTEST 18 TCK;
SIR 10 TDI (026);
RUNTEST 8 TCK;
SDR 64 TDI (FFFFFFFFFFFFFFFF) TDO (FFFFFFFFFFFFFFFF);
SIR 10 TDI (032);
RUNTEST 18 TCK;
SIR 10 TDI (026);
RUNTEST 8 TCK;
SDR 64 TDI (FFFFFFFFFFFFFFFF) TDO (FFFFFFFFFFFFFFFF);
SIR 10 TDI (01A);
RUNTEST 8 TCK;
SDR 320 TDI (42108421084210842108421084210842108421084210842108421084210842108421084210842108);
SIR 10 TDI (036);
RUNTEST 18 TCK;
SIR 10 TDI (026);
RUNTEST 8 TCK;
SDR 64 TDI (FFFFFFFFFFFFFFFF) TDO (F7FEFFFBFE5FFFFF) MASK (FFFFFFFFFFFFFFFF);
SIR 10 TDI (032);
RUNTEST 18 TCK;
SIR 10 TDI (026);
RUNTEST 8 TCK;
SDR 64 TDI (FFFFFFFFFFFFFFFF) TDO (F7FEFFFBFE5FFFFF);
SIR 10 TDI (01A);
RUNTEST 8 TCK;
SDR 320 TDI (21084210842108421084210842108421084210842108421084210842108421084210842108421084);
SIR 10 TDI (036);
RUNTEST 18 TCK;
SIR 10 TDI (026);
RUNTEST 8 TCK;
SDR 64 TDI (FFFFFFFFFFFFFFFF) TDO (5FF6FFF7FFFF173B) MASK (FFFFFFFFFFFFFFFF);
SIR 10 TDI (032);
RUNTEST 18 TCK;
SIR 10 TDI (026);
RUNTEST 8 TCK;
SDR 64 TDI (FFFFFFFFFFFFFFFF) TDO (5FF6FFF7FFFF173B);
SIR 10 TDI (01A);
RUNTEST 8 TCK;
SDR 320 TDI (10842108421084210842108421084210842108421084210842108421084210842108421084210842);
SIR 10 TDI (036);
RUNTEST 18 TCK;
SIR 10 TDI (026);
RUNTEST 8 TCK;
SDR 64 TDI (FFFFFFFFFFFFFFFF) TDO (FFF7FFFFFFFFFFFF) MASK (FFFFFFFFFFFFFFFF);
SIR 10 TDI (032);
RUNTEST 18 TCK;
SIR 10 TDI (026);
RUNTEST 8 TCK;
SDR 64 TDI (FFFFFFFFFFFFFFFF) TDO (FFF7FFFFFFFFFFFF);
SIR 10 TDI (01A);
RUNTEST 8 TCK;
SDR 320 TDI (08421084210842108421084210842108421084210842108421084210842108421084210842108421);
SIR 10 TDI (036);
RUNTEST 18 TCK;
SIR 10 TDI (026);
RUNTEST 8 TCK;
SDR 64 TDI (FFFFFFFFFFFFFFFF) TDO (57F2FFF3FE5F152B) MASK (FFFFFFFFFFFFFFFF);
SIR 10 TDI (032);
RUNTEST 18 TCK;
SIR 10 TDI (026);
RUNTEST 8 TCK;
SDR 64 TDI (FFFFFFFFFFFFFFFF) TDO (57F2FFF3FE5F152B);
SIR 10 TDI (01E);
RUNTEST 8 TCK;
SDR 273 TDI (000008000000000000000000000000000000000000000040000000000000000000000);
SIR 10 TDI (012);
RUNTEST 8 TCK;
SIR 10 TDI (016);
RUNTEST 8 TCK;
SDR 320 TDI (84210842108421084210842108421084210842108421084210842108421084210842108421084210);
SIR 10 TDI (01A);
RUNTEST 8 TCK;
SDR 320 TDI (84210842108421084210842108421084210842108421084210842108421084210842108421084210);
SIR 10 TDI (036);
RUNTEST 18 TCK;
SIR 10 TDI (022);
RUNTEST 8 TCK;
SDR 64 TDI (FFFFFFFFFFFFFFFF) TDO (FFFFFFFFFFFFFFFF) MASK (FFFFFFFFFFFFFFFF);
SIR 10 TDI (032);
RUNTEST 18 TCK;
SIR 10 TDI (022);
RUNTEST 8 TCK;
SDR 64 TDI (FFFFFFFFFFFFFFFF) TDO (FFFFFFFFFFFFFFFF);
SIR 10 TDI (016);
RUNTEST 8 TCK;
SDR 320 TDI (42108421084210842108421084210842108421084210842108421084210842108421084210842108);
SIR 10 TDI (036);
RUNTEST 18 TCK;
SIR 10 TDI (022);
RUNTEST 8 TCK;
SDR 64 TDI (FFFFFFFFFFFFFFFF) TDO (FBFFFDFFFFFFFFFF) MASK (FFFFFFFFFFFFFFFF);
SIR 10 TDI (032);
RUNTEST 18 TCK;
SIR 10 TDI (022);
RUNTEST 8 TCK;
SDR 64 TDI (FFFFFFFFFFFFFFFF) TDO (FBFFFDFFFFFFFFFF);
SIR 10 TDI (016);
RUNTEST 8 TCK;
SDR 320 TDI (21084210842108421084210842108421084210842108421084210842108421084210842108421084);
SIR 10 TDI (036);
RUNTEST 18 TCK;
SIR 10 TDI (022);
RUNTEST 8 TCK;
SDR 64 TDI (FFFFFFFFFFFFFFFF) TDO (1057DFFEDEFF7BFD) MASK (FFFFFFFFFFFFFFFF);
SIR 10 TDI (032);
RUNTEST 18 TCK;
SIR 10 TDI (022);
RUNTEST 8 TCK;
SDR 64 TDI (FFFFFFFFFFFFFFFF) TDO (1057DFFEDEFF7BFD);
SIR 10 TDI (016);
RUNTEST 8 TCK;
SDR 320 TDI (10842108421084210842108421084210842108421084210842108421084210842108421084210842);
SIR 10 TDI (036);
RUNTEST 18 TCK;
SIR 10 TDI (022);
RUNTEST 8 TCK;
SDR 64 TDI (FFFFFFFFFFFFFFFF) TDO (FFFFEFFFFFFFFFFF) MASK (FFFFFFFFFFFFFFFF);
SIR 10 TDI (032);
RUNTEST 18 TCK;
SIR 10 TDI (022);
RUNTEST 8 TCK;
SDR 64 TDI (FFFFFFFFFFFFFFFF) TDO (FFFFEFFFFFFFFFFF);
SIR 10 TDI (016);
RUNTEST 8 TCK;
SDR 320 TDI (08421084210842108421084210842108421084210842108421084210842108421084210842108421);
SIR 10 TDI (036);
RUNTEST 18 TCK;
SIR 10 TDI (022);
RUNTEST 8 TCK;
SDR 64 TDI (FFFFFFFFFFFFFFFF) TDO (00539F2E80D11BFD) MASK (FFFFFFFFFFFFFFFF);
SIR 10 TDI (032);
RUNTEST 18 TCK;
SIR 10 TDI (022);
RUNTEST 8 TCK;
SDR 64 TDI (FFFFFFFFFFFFFFFF) TDO (00539F2E80D11BFD);
SIR 10 TDI (036);
RUNTEST 18 TCK;
SIR 10 TDI (026);
RUNTEST 8 TCK;
SDR 64 TDI (FFFFFFFFFFFFFFFF) TDO (FFFFFFFFFFFFFFDE);
SIR 10 TDI (032);
RUNTEST 18 TCK;
SIR 10 TDI (026);
RUNTEST 8 TCK;
SDR 64 TDI (FFFFFFFFFFFFFFFF) TDO (FFFFFFFFFFFFFFDE);
SIR 10 TDI (01A);
RUNTEST 8 TCK;
SDR 320 TDI (42108421084210842108421084210842108421084210842108421084210842108421084210842108);
SIR 10 TDI (036);
RUNTEST 18 TCK;
SIR 10 TDI (026);
RUNTEST 8 TCK;
SDR 64 TDI (FFFFFFFFFFFFFFFF) TDO (DFFEFFFFFFFF3BFF) MASK (FFFFFFFFFFFFFFFF);
SIR 10 TDI (032);
RUNTEST 18 TCK;
SIR 10 TDI (026);
RUNTEST 8 TCK;
SDR 64 TDI (FFFFFFFFFFFFFFFF) TDO (DFFEFFFFFFFF3BFF);
SIR 10 TDI (01A);
RUNTEST 8 TCK;
SDR 320 TDI (21084210842108421084210842108421084210842108421084210842108421084210842108421084);
SIR 10 TDI (036);
RUNTEST 18 TCK;
SIR 10 TDI (026);
RUNTEST 8 TCK;
SDR 64 TDI (FFFFFFFFFFFFFFFF) TDO (5FFED7FFFFFF1532) MASK (FFFFFFFFFFFFFFFF);
SIR 10 TDI (032);
RUNTEST 18 TCK;
SIR 10 TDI (026);
RUNTEST 8 TCK;
SDR 64 TDI (FFFFFFFFFFFFFFFF) TDO (5FFED7FFFFFF1532);
SIR 10 TDI (01A);
RUNTEST 8 TCK;
SDR 320 TDI (10842108421084210842108421084210842108421084210842108421084210842108421084210842);
SIR 10 TDI (036);
RUNTEST 18 TCK;
SIR 10 TDI (026);
RUNTEST 8 TCK;
SDR 64 TDI (FFFFFFFFFFFFFFFF) TDO (FFFFD7FFFFFFFEEF) MASK (FFFFFFFFFFFFFFFF);
SIR 10 TDI (032);
RUNTEST 18 TCK;
SIR 10 TDI (026);
RUNTEST 8 TCK;
SDR 64 TDI (FFFFFFFFFFFFFFFF) TDO (FFFFD7FFFFFFFEEF);
SIR 10 TDI (01A);
RUNTEST 8 TCK;
SDR 320 TDI (08421084210842108421084210842108421084210842108421084210842108421084210842108421);
SIR 10 TDI (036);
RUNTEST 18 TCK;
SIR 10 TDI (026);
RUNTEST 8 TCK;
SDR 64 TDI (FFFFFFFFFFFFFFFF) TDO (57F2FAFBFE5F1103) MASK (FFFFFFFFFFFFFFFF);
SIR 10 TDI (032);
RUNTEST 18 TCK;
SIR 10 TDI (026);
RUNTEST 8 TCK;
SDR 64 TDI (FFFFFFFFFFFFFFFF) TDO (57F2FAFBFE5F1103);
SIR 10 TDI (01E);
RUNTEST 8 TCK;
SDR 273 TDI (000004000000000000000000000000000000000000000020000000000000000000000);
SIR 10 TDI (012);
RUNTEST 8 TCK;
SIR 10 TDI (016);
RUNTEST 8 TCK;
SDR 320 TDI (84210842108421084210842108421084210842108421084210842108421084210842108421084210);
SIR 10 TDI (01A);
RUNTEST 8 TCK;
SDR 320 TDI (84210842108421084210842108421084210842108421084210842108421084210842108421084210);
SIR 10 TDI (036);
RUNTEST 18 TCK;
SIR 10 TDI (022);
RUNTEST 8 TCK;
SDR 64 TDI (FFFFFFFFFFFFFFFF) TDO (FFFFFFFFFFFFFFFF) MASK (FFFFFFFFFFFFFFFF);
SIR 10 TDI (032);
RUNTEST 18 TCK;
SIR 10 TDI (022);
RUNTEST 8 TCK;
SDR 64 TDI (FFFFFFFFFFFFFFFF) TDO (FFFFFFFFFFFFFFFF);
SIR 10 TDI (016);
RUNTEST 8 TCK;
SDR 320 TDI (42108421084210842108421084210842108421084210842108421084210842108421084210842108);
SIR 10 TDI (036);
RUNTEST 18 TCK;
SIR 10 TDI (022);
RUNTEST 8 TCK;
SDR 64 TDI (FFFFFFFFFFFFFFFF) TDO (FFFFEFFFFFFFFFFF) MASK (FFFFFFFFFFFFFFFF);
SIR 10 TDI (032);
RUNTEST 18 TCK;
SIR 10 TDI (022);
RUNTEST 8 TCK;
SDR 64 TDI (FFFFFFFFFFFFFFFF) TDO (FFFFEFFFFFFFFFFF);
SIR 10 TDI (016);
RUNTEST 8 TCK;
SDR 320 TDI (21084210842108421084210842108421084210842108421084210842108421084210842108421084);
SIR 10 TDI (036);
RUNTEST 18 TCK;
SIR 10 TDI (022);
RUNTEST 8 TCK;
SDR 64 TDI (FFFFFFFFFFFFFFFF) TDO (1057DFFEDEFF7BFD) MASK (FFFFFFFFFFFFFFFF);
SIR 10 TDI (032);
RUNTEST 18 TCK;
SIR 10 TDI (022);
RUNTEST 8 TCK;
SDR 64 TDI (FFFFFFFFFFFFFFFF) TDO (1057DFFEDEFF7BFD);
SIR 10 TDI (016);
RUNTEST 8 TCK;
SDR 320 TDI (10842108421084210842108421084210842108421084210842108421084210842108421084210842);
SIR 10 TDI (036);
RUNTEST 18 TCK;
SIR 10 TDI (022);
RUNTEST 8 TCK;
SDR 64 TDI (FFFFFFFFFFFFFFFF) TDO (FFFFFFFFFFFFFFFF) MASK (FFFFFFFFFFFFFFFF);
SIR 10 TDI (032);
RUNTEST 18 TCK;
SIR 10 TDI (022);
RUNTEST 8 TCK;
SDR 64 TDI (FFFFFFFFFFFFFFFF) TDO (FFFFFFFFFFFFFFFF);
SIR 10 TDI (016);
RUNTEST 8 TCK;
SDR 320 TDI (08421084210842108421084210842108421084210842108421084210842108421084210842108421);
SIR 10 TDI (036);
RUNTEST 18 TCK;
SIR 10 TDI (022);
RUNTEST 8 TCK;
SDR 64 TDI (FFFFFFFFFFFFFFFF) TDO (0053DFEE80D11BFD) MASK (FFFFFFFFFFFFFFFF);
SIR 10 TDI (032);
RUNTEST 18 TCK;
SIR 10 TDI (022);
RUNTEST 8 TCK;
SDR 64 TDI (FFFFFFFFFFFFFFFF) TDO (0053DFEE80D11BFD);
SIR 10 TDI (036);
RUNTEST 18 TCK;
SIR 10 TDI (026);
RUNTEST 8 TCK;
SDR 64 TDI (FFFFFFFFFFFFFFFF) TDO (FFFFF7FFFFFFFAF7);
SIR 10 TDI (032);
RUNTEST 18 TCK;
SIR 10 TDI (026);
RUNTEST 8 TCK;
SDR 64 TDI (FFFFFFFFFFFFFFFF) TDO (FFFFF7FFFFFFFAF7);
SIR 10 TDI (01A);
RUNTEST 8 TCK;
SDR 320 TDI (42108421084210842108421084210842108421084210842108421084210842108421084210842108);
SIR 10 TDI (036);
RUNTEST 18 TCK;
SIR 10 TDI (026);
RUNTEST 8 TCK;
SDR 64 TDI (FFFFFFFFFFFFFFFF) TDO (FFFEF28FFFFFDF5F) MASK (FFFFFFFFFFFFFFFF);
SIR 10 TDI (032);
RUNTEST 18 TCK;
SIR 10 TDI (026);
RUNTEST 8 TCK;
SDR 64 TDI (FFFFFFFFFFFFFFFF) TDO (FFFEF28FFFFFDF5F);
SIR 10 TDI (01A);
RUNTEST 8 TCK;
SDR 320 TDI (21084210842108421084210842108421084210842108421084210842108421084210842108421084);
SIR 10 TDI (036);
RUNTEST 18 TCK;
SIR 10 TDI (026);
RUNTEST 8 TCK;
SDR 64 TDI (FFFFFFFFFFFFFFFF) TDO (5FFEFFFFFFFF121B) MASK (FFFFFFFFFFFFFFFF);
SIR 10 TDI (032);
RUNTEST 18 TCK;
SIR 10 TDI (026);
RUNTEST 8 TCK;
SDR 64 TDI (FFFFFFFFFFFFFFFF) TDO (5FFEFFFFFFFF121B);
SIR 10 TDI (01A);
RUNTEST 8 TCK;
SDR 320 TDI (10842108421084210842108421084210842108421084210842108421084210842108421084210842);
SIR 10 TDI (036);
RUNTEST 18 TCK;
SIR 10 TDI (026);
RUNTEST 8 TCK;
SDR 64 TDI (FFFFFFFFFFFFFFFF) TDO (FFFFFA8FFFFFFBD6) MASK (FFFFFFFFFFFFFFFF);
SIR 10 TDI (032);
RUNTEST 18 TCK;
SIR 10 TDI (026);
RUNTEST 8 TCK;
SDR 64 TDI (FFFFFFFFFFFFFFFF) TDO (FFFFFA8FFFFFFBD6);
SIR 10 TDI (01A);
RUNTEST 8 TCK;
SDR 320 TDI (08421084210842108421084210842108421084210842108421084210842108421084210842108421);
SIR 10 TDI (036);
RUNTEST 18 TCK;
SIR 10 TDI (026);
RUNTEST 8 TCK;
SDR 64 TDI (FFFFFFFFFFFFFFFF) TDO (57F2FF8BFE5F142B) MASK (FFFFFFFFFFFFFFFF);
SIR 10 TDI (032);
RUNTEST 18 TCK;
SIR 10 TDI (026);
RUNTEST 8 TCK;
SDR 64 TDI (FFFFFFFFFFFFFFFF) TDO (57F2FF8BFE5F142B);
SIR 10 TDI (01E);
RUNTEST 8 TCK;
SDR 273 TDI (000002000000000000000000000000000000000000000010000000000000000000000);
SIR 10 TDI (012);
RUNTEST 8 TCK;
SIR 10 TDI (016);
RUNTEST 8 TCK;
SDR 320 TDI (84210842108421084210842108421084210842108421084210842108421084210842108421084210);
SIR 10 TDI (01A);
RUNTEST 8 TCK;
SDR 320 TDI (84210842108421084210842108421084210842108421084210842108421084210842108421084210);
SIR 10 TDI (036);
RUNTEST 18 TCK;
SIR 10 TDI (022);
RUNTEST 8 TCK;
SDR 64 TDI (FFFFFFFFFFFFFFFF) TDO (FFFFFFFFFFFFFFFF) MASK (FFFFFFFFFFFFFFFF);
SIR 10 TDI (032);
RUNTEST 18 TCK;
SIR 10 TDI (022);
RUNTEST 8 TCK;
SDR 64 TDI (FFFFFFFFFFFFFFFF) TDO (FFFFFFFFFFFFFFFF);
SIR 10 TDI (016);
RUNTEST 8 TCK;
SDR 320 TDI (42108421084210842108421084210842108421084210842108421084210842108421084210842108);
SIR 10 TDI (036);
RUNTEST 18 TCK;
SIR 10 TDI (022);
RUNTEST 8 TCK;
SDR 64 TDI (FFFFFFFFFFFFFFFF) TDO (F7EFFDFFFFDF7FFF) MASK (FFFFFFFFFFFFFFFF);
SIR 10 TDI (032);
RUNTEST 18 TCK;
SIR 10 TDI (022);
RUNTEST 8 TCK;
SDR 64 TDI (FFFFFFFFFFFFFFFF) TDO (F7EFFDFFFFDF7FFF);
SIR 10 TDI (016);
RUNTEST 8 TCK;
SDR 320 TDI (21084210842108421084210842108421084210842108421084210842108421084210842108421084);
SIR 10 TDI (036);
RUNTEST 18 TCK;
SIR 10 TDI (022);
RUNTEST 8 TCK;
SDR 64 TDI (FFFFFFFFFFFFFFFF) TDO (1057DFFEDEFF7BFD) MASK (FFFFFFFFFFFFFFFF);
SIR 10 TDI (032);
RUNTEST 18 TCK;
SIR 10 TDI (022);
RUNTEST 8 TCK;
SDR 64 TDI (FFFFFFFFFFFFFFFF) TDO (1057DFFEDEFF7BFD);
SIR 10 TDI (016);
RUNTEST 8 TCK;
SDR 320 TDI (10842108421084210842108421084210842108421084210842108421084210842108421084210842);
SIR 10 TDI (036);
RUNTEST 18 TCK;
SIR 10 TDI (022);
RUNTEST 8 TCK;
SDR 64 TDI (FFFFFFFFFFFFFFFF) TDO (FFFFFFFFFFFFFFFF) MASK (FFFFFFFFFFFFFFFF);
SIR 10 TDI (032);
RUNTEST 18 TCK;
SIR 10 TDI (022);
RUNTEST 8 TCK;
SDR 64 TDI (FFFFFFFFFFFFFFFF) TDO (FFFFFFFFFFFFFFFF);
SIR 10 TDI (016);
RUNTEST 8 TCK;
SDR 320 TDI (08421084210842108421084210842108421084210842108421084210842108421084210842108421);
SIR 10 TDI (036);
RUNTEST 18 TCK;
SIR 10 TDI (022);
RUNTEST 8 TCK;
SDR 64 TDI (FFFFFFFFFFFFFFFF) TDO (00530F2E80D11BFD) MASK (FFFFFFFFFFFFFFFF);
SIR 10 TDI (032);
RUNTEST 18 TCK;
SIR 10 TDI (022);
RUNTEST 8 TCK;
SDR 64 TDI (FFFFFFFFFFFFFFFF) TDO (00530F2E80D11BFD);
SIR 10 TDI (036);
RUNTEST 18 TCK;
SIR 10 TDI (026);
RUNTEST 8 TCK;
SDR 64 TDI (FFFFFFFFFFFFFFFF) TDO (FFFFFFFFFFFFFBFF);
SIR 10 TDI (032);
RUNTEST 18 TCK;
SIR 10 TDI (026);
RUNTEST 8 TCK;
SDR 64 TDI (FFFFFFFFFFFFFFFF) TDO (FFFFFFFFFFFFFBFF);
SIR 10 TDI (01A);
RUNTEST 8 TCK;
SDR 320 TDI (42108421084210842108421084210842108421084210842108421084210842108421084210842108);
SIR 10 TDI (036);
RUNTEST 18 TCK;
SIR 10 TDI (026);
RUNTEST 8 TCK;
SDR 64 TDI (FFFFFFFFFFFFFFFF) TDO (FFFEFFFFFFFFFFFF) MASK (FFFFFFFFFFFFFFFF);
SIR 10 TDI (032);
RUNTEST 18 TCK;
SIR 10 TDI (026);
RUNTEST 8 TCK;
SDR 64 TDI (FFFFFFFFFFFFFFFF) TDO (FFFEFFFFFFFFFFFF);
SIR 10 TDI (01A);
RUNTEST 8 TCK;
SDR 320 TDI (21084210842108421084210842108421084210842108421084210842108421084210842108421084);
SIR 10 TDI (036);
RUNTEST 18 TCK;
SIR 10 TDI (026);
RUNTEST 8 TCK;
SDR 64 TDI (FFFFFFFFFFFFFFFF) TDO (5FFEFFFFFFFF173B) MASK (FFFFFFFFFFFFFFFF);
SIR 10 TDI (032);
RUNTEST 18 TCK;
SIR 10 TDI (026);
RUNTEST 8 TCK;
SDR 64 TDI (FFFFFFFFFFFFFFFF) TDO (5FFEFFFFFFFF173B);
SIR 10 TDI (01A);
RUNTEST 8 TCK;
SDR 320 TDI (10842108421084210842108421084210842108421084210842108421084210842108421084210842);
SIR 10 TDI (036);
RUNTEST 18 TCK;
SIR 10 TDI (026);
RUNTEST 8 TCK;
SDR 64 TDI (FFFFFFFFFFFFFFFF) TDO (FFFFDFCFFFFFFFFF) MASK (FFFFFFFFFFFFFFFF);
SIR 10 TDI (032);
RUNTEST 18 TCK;
SIR 10 TDI (026);
RUNTEST 8 TCK;
SDR 64 TDI (FFFFFFFFFFFFFFFF) TDO (FFFFDFCFFFFFFFFF);
SIR 10 TDI (01A);
RUNTEST 8 TCK;
SDR 320 TDI (08421084210842108421084210842108421084210842108421084210842108421084210842108421);
SIR 10 TDI (036);
RUNTEST 18 TCK;
SIR 10 TDI (026);
RUNTEST 8 TCK;
SDR 64 TDI (FFFFFFFFFFFFFFFF) TDO (57F2FFFBFE5F152B) MASK (FFFFFFFFFFFFFFFF);
SIR 10 TDI (032);
RUNTEST 18 TCK;
SIR 10 TDI (026);
RUNTEST 8 TCK;
SDR 64 TDI (FFFFFFFFFFFFFFFF) TDO (57F2FFFBFE5F152B);
SIR 10 TDI (01E);
RUNTEST 8 TCK;
SDR 273 TDI (000001000000000000000000000000000000000000000008000000000000000000000);
SIR 10 TDI (012);
RUNTEST 8 TCK;
SIR 10 TDI (016);
RUNTEST 8 TCK;
SDR 320 TDI (84210842108421084210842108421084210842108421084210842108421084210842108421084210);
SIR 10 TDI (01A);
RUNTEST 8 TCK;
SDR 320 TDI (84210842108421084210842108421084210842108421084210842108421084210842108421084210);
SIR 10 TDI (036);
RUNTEST 18 TCK;
SIR 10 TDI (022);
RUNTEST 8 TCK;
SDR 64 TDI (FFFFFFFFFFFFFFFF) TDO (FFFFFFFFFFFFFFFF) MASK (FFFFFFFFFFFFFFFF);
SIR 10 TDI (032);
RUNTEST 18 TCK;
SIR 10 TDI (022);
RUNTEST 8 TCK;
SDR 64 TDI (FFFFFFFFFFFFFFFF) TDO (FFFFFFFFFFFFFFFF);
SIR 10 TDI (016);
RUNTEST 8 TCK;
SDR 320 TDI (42108421084210842108421084210842108421084210842108421084210842108421084210842108);
SIR 10 TDI (036);
RUNTEST 18 TCK;
SIR 10 TDI (022);
RUNTEST 8 TCK;
SDR 64 TDI (FFFFFFFFFFFFFFFF) TDO (FFFFFFFFFFFFFFFF) MASK (FFFFFFFFFFFFFFFF);
SIR 10 TDI (032);
RUNTEST 18 TCK;
SIR 10 TDI (022);
RUNTEST 8 TCK;
SDR 64 TDI (FFFFFFFFFFFFFFFF) TDO (FFFFFFFFFFFFFFFF);
SIR 10 TDI (016);
RUNTEST 8 TCK;
SDR 320 TDI (21084210842108421084210842108421084210842108421084210842108421084210842108421084);
SIR 10 TDI (036);
RUNTEST 18 TCK;
SIR 10 TDI (022);
RUNTEST 8 TCK;
SDR 64 TDI (FFFFFFFFFFFFFFFF) TDO (1057DFFEDEFF7BFD) MASK (FFFFFFFFFFFFFFFF);
SIR 10 TDI (032);
RUNTEST 18 TCK;
SIR 10 TDI (022);
RUNTEST 8 TCK;
SDR 64 TDI (FFFFFFFFFFFFFFFF) TDO (1057DFFEDEFF7BFD);
SIR 10 TDI (016);
RUNTEST 8 TCK;
SDR 320 TDI (10842108421084210842108421084210842108421084210842108421084210842108421084210842);
SIR 10 TDI (036);
RUNTEST 18 TCK;
SIR 10 TDI (022);
RUNTEST 8 TCK;
SDR 64 TDI (FFFFFFFFFFFFFFFF) TDO (FFFFFFFFFFFFFFFF) MASK (FFFFFFFFFFFFFFFF);
SIR 10 TDI (032);
RUNTEST 18 TCK;
SIR 10 TDI (022);
RUNTEST 8 TCK;
SDR 64 TDI (FFFFFFFFFFFFFFFF) TDO (FFFFFFFFFFFFFFFF);
SIR 10 TDI (016);
RUNTEST 8 TCK;
SDR 320 TDI (08421084210842108421084210842108421084210842108421084210842108421084210842108421);
SIR 10 TDI (036);
RUNTEST 18 TCK;
SIR 10 TDI (022);
RUNTEST 8 TCK;
SDR 64 TDI (FFFFFFFFFFFFFFFF) TDO (0043DFEE80D11BFD) MASK (FFFFFFFFFFFFFFFF);
SIR 10 TDI (032);
RUNTEST 18 TCK;
SIR 10 TDI (022);
RUNTEST 8 TCK;
SDR 64 TDI (FFFFFFFFFFFFFFFF) TDO (0043DFEE80D11BFD);
SIR 10 TDI (036);
RUNTEST 18 TCK;
SIR 10 TDI (026);
RUNTEST 8 TCK;
SDR 64 TDI (FFFFFFFFFFFFFFFF) TDO (FFFFFFFFFFFFFFFF);
SIR 10 TDI (032);
RUNTEST 18 TCK;
SIR 10 TDI (026);
RUNTEST 8 TCK;
SDR 64 TDI (FFFFFFFFFFFFFFFF) TDO (FFFFFFFFFFFFFFFF);
SIR 10 TDI (01A);
RUNTEST 8 TCK;
SDR 320 TDI (42108421084210842108421084210842108421084210842108421084210842108421084210842108);
SIR 10 TDI (036);
RUNTEST 18 TCK;
SIR 10 TDI (026);
RUNTEST 8 TCK;
SDR 64 TDI (FFFFFFFFFFFFFFFF) TDO (DFFEFFFFFFFFFFFF) MASK (FFFFFFFFFFFFFFFF);
SIR 10 TDI (032);
RUNTEST 18 TCK;
SIR 10 TDI (026);
RUNTEST 8 TCK;
SDR 64 TDI (FFFFFFFFFFFFFFFF) TDO (DFFEFFFFFFFFFFFF);
SIR 10 TDI (01A);
RUNTEST 8 TCK;
SDR 320 TDI (21084210842108421084210842108421084210842108421084210842108421084210842108421084);
SIR 10 TDI (036);
RUNTEST 18 TCK;
SIR 10 TDI (026);
RUNTEST 8 TCK;
SDR 64 TDI (FFFFFFFFFFFFFFFF) TDO (5FFEFFFFFFFF173B) MASK (FFFFFFFFFFFFFFFF);
SIR 10 TDI (032);
RUNTEST 18 TCK;
SIR 10 TDI (026);
RUNTEST 8 TCK;
SDR 64 TDI (FFFFFFFFFFFFFFFF) TDO (5FFEFFFFFFFF173B);
SIR 10 TDI (01A);
RUNTEST 8 TCK;
SDR 320 TDI (10842108421084210842108421084210842108421084210842108421084210842108421084210842);
SIR 10 TDI (036);
RUNTEST 18 TCK;
SIR 10 TDI (026);
RUNTEST 8 TCK;
SDR 64 TDI (FFFFFFFFFFFFFFFF) TDO (FFFFFFFFFFFFFFFF) MASK (FFFFFFFFFFFFFFFF);
SIR 10 TDI (032);
RUNTEST 18 TCK;
SIR 10 TDI (026);
RUNTEST 8 TCK;
SDR 64 TDI (FFFFFFFFFFFFFFFF) TDO (FFFFFFFFFFFFFFFF);
SIR 10 TDI (01A);
RUNTEST 8 TCK;
SDR 320 TDI (08421084210842108421084210842108421084210842108421084210842108421084210842108421);
SIR 10 TDI (036);
RUNTEST 18 TCK;
SIR 10 TDI (026);
RUNTEST 8 TCK;
SDR 64 TDI (FFFFFFFFFFFFFFFF) TDO (57F2FFFBFE5F152B) MASK (FFFFFFFFFFFFFFFF);
SIR 10 TDI (032);
RUNTEST 18 TCK;
SIR 10 TDI (026);
RUNTEST 8 TCK;
SDR 64 TDI (FFFFFFFFFFFFFFFF) TDO (57F2FFFBFE5F152B);
SIR 10 TDI (01E);
RUNTEST 8 TCK;
SDR 273 TDI (000000800000000000000000000000000000000000000004000000000000000000000);
SIR 10 TDI (012);
RUNTEST 8 TCK;
SIR 10 TDI (016);
RUNTEST 8 TCK;
SDR 320 TDI (84210842108421084210842108421084210842108421084210842108421084210842108421084210);
SIR 10 TDI (01A);
RUNTEST 8 TCK;
SDR 320 TDI (84210842108421084210842108421084210842108421084210842108421084210842108421084210);
SIR 10 TDI (036);
RUNTEST 18 TCK;
SIR 10 TDI (022);
RUNTEST 8 TCK;
SDR 64 TDI (FFFFFFFFFFFFFFFF) TDO (FFFFFFFFFFFFFFFF) MASK (FFFFFFFFFFFFFFFF);
SIR 10 TDI (032);
RUNTEST 18 TCK;
SIR 10 TDI (022);
RUNTEST 8 TCK;
SDR 64 TDI (FFFFFFFFFFFFFFFF) TDO (FFFFFFFFFFFFFFFF);
SIR 10 TDI (016);
RUNTEST 8 TCK;
SDR 320 TDI (42108421084210842108421084210842108421084210842108421084210842108421084210842108);
SIR 10 TDI (036);
RUNTEST 18 TCK;
SIR 10 TDI (022);
RUNTEST 8 TCK;
SDR 64 TDI (FFFFFFFFFFFFFFFF) TDO (FF7FFDFFFBFFFFFF) MASK (FFFFFFFFFFFFFFFF);
SIR 10 TDI (032);
RUNTEST 18 TCK;
SIR 10 TDI (022);
RUNTEST 8 TCK;
SDR 64 TDI (FFFFFFFFFFFFFFFF) TDO (FF7FFDFFFBFFFFFF);
SIR 10 TDI (016);
RUNTEST 8 TCK;
SDR 320 TDI (21084210842108421084210842108421084210842108421084210842108421084210842108421084);
SIR 10 TDI (036);
RUNTEST 18 TCK;
SIR 10 TDI (022);
RUNTEST 8 TCK;
SDR 64 TDI (FFFFFFFFFFFFFFFF) TDO (1057DFFEDEFF7BFD) MASK (FFFFFFFFFFFFFFFF);
SIR 10 TDI (032);
RUNTEST 18 TCK;
SIR 10 TDI (022);
RUNTEST 8 TCK;
SDR 64 TDI (FFFFFFFFFFFFFFFF) TDO (1057DFFEDEFF7BFD);
SIR 10 TDI (016);
RUNTEST 8 TCK;
SDR 320 TDI (10842108421084210842108421084210842108421084210842108421084210842108421084210842);
SIR 10 TDI (036);
RUNTEST 18 TCK;
SIR 10 TDI (022);
RUNTEST 8 TCK;
SDR 64 TDI (FFFFFFFFFFFFFFFF) TDO (FFFFFFFFFFFFFFFF) MASK (FFFFFFFFFFFFFFFF);
SIR 10 TDI (032);
RUNTEST 18 TCK;
SIR 10 TDI (022);
RUNTEST 8 TCK;
SDR 64 TDI (FFFFFFFFFFFFFFFF) TDO (FFFFFFFFFFFFFFFF);
SIR 10 TDI (016);
RUNTEST 8 TCK;
SDR 320 TDI (08421084210842108421084210842108421084210842108421084210842108421084210842108421);
SIR 10 TDI (036);
RUNTEST 18 TCK;
SIR 10 TDI (022);
RUNTEST 8 TCK;
SDR 64 TDI (FFFFFFFFFFFFFFFF) TDO (00530F2E80D11BFD) MASK (FFFFFFFFFFFFFFFF);
SIR 10 TDI (032);
RUNTEST 18 TCK;
SIR 10 TDI (022);
RUNTEST 8 TCK;
SDR 64 TDI (FFFFFFFFFFFFFFFF) TDO (00530F2E80D11BFD);
SIR 10 TDI (036);
RUNTEST 18 TCK;
SIR 10 TDI (026);
RUNTEST 8 TCK;
SDR 64 TDI (FFFFFFFFFFFFFFFF) TDO (FFFFFFFFFFFFFFFF);
SIR 10 TDI (032);
RUNTEST 18 TCK;
SIR 10 TDI (026);
RUNTEST 8 TCK;
SDR 64 TDI (FFFFFFFFFFFFFFFF) TDO (FFFFFFFFFFFFFFFF);
SIR 10 TDI (01A);
RUNTEST 8 TCK;
SDR 320 TDI (42108421084210842108421084210842108421084210842108421084210842108421084210842108);
SIR 10 TDI (036);
RUNTEST 18 TCK;
SIR 10 TDI (026);
RUNTEST 8 TCK;
SDR 64 TDI (FFFFFFFFFFFFFFFF) TDO (FFFEFFFFFFFFFFFF) MASK (FFFFFFFFFFFFFFFF);
SIR 10 TDI (032);
RUNTEST 18 TCK;
SIR 10 TDI (026);
RUNTEST 8 TCK;
SDR 64 TDI (FFFFFFFFFFFFFFFF) TDO (FFFEFFFFFFFFFFFF);
SIR 10 TDI (01A);
RUNTEST 8 TCK;
SDR 320 TDI (21084210842108421084210842108421084210842108421084210842108421084210842108421084);
SIR 10 TDI (036);
RUNTEST 18 TCK;
SIR 10 TDI (026);
RUNTEST 8 TCK;
SDR 64 TDI (FFFFFFFFFFFFFFFF) TDO (5FFEFFFFFFFF173B) MASK (FFFFFFFFFFFFFFFF);
SIR 10 TDI (032);
RUNTEST 18 TCK;
SIR 10 TDI (026);
RUNTEST 8 TCK;
SDR 64 TDI (FFFFFFFFFFFFFFFF) TDO (5FFEFFFFFFFF173B);
SIR 10 TDI (01A);
RUNTEST 8 TCK;
SDR 320 TDI (10842108421084210842108421084210842108421084210842108421084210842108421084210842);
SIR 10 TDI (036);
RUNTEST 18 TCK;
SIR 10 TDI (026);
RUNTEST 8 TCK;
SDR 64 TDI (FFFFFFFFFFFFFFFF) TDO (FF7DFFDFFFFFFFFF) MASK (FFFFFFFFFFFFFFFF);
SIR 10 TDI (032);
RUNTEST 18 TCK;
SIR 10 TDI (026);
RUNTEST 8 TCK;
SDR 64 TDI (FFFFFFFFFFFFFFFF) TDO (FF7DFFDFFFFFFFFF);
SIR 10 TDI (01A);
RUNTEST 8 TCK;
SDR 320 TDI (08421084210842108421084210842108421084210842108421084210842108421084210842108421);
SIR 10 TDI (036);
RUNTEST 18 TCK;
SIR 10 TDI (026);
RUNTEST 8 TCK;
SDR 64 TDI (FFFFFFFFFFFFFFFF) TDO (56F2FFFBF65F1523) MASK (FFFFFFFFFFFFFFFF);
SIR 10 TDI (032);
RUNTEST 18 TCK;
SIR 10 TDI (026);
RUNTEST 8 TCK;
SDR 64 TDI (FFFFFFFFFFFFFFFF) TDO (56F2FFFBF65F1523);
SIR 10 TDI (01E);
RUNTEST 8 TCK;
SDR 273 TDI (000000400000000000000000000000000000000000000002000000000000000000000);
SIR 10 TDI (012);
RUNTEST 8 TCK;
SIR 10 TDI (016);
RUNTEST 8 TCK;
SDR 320 TDI (84210842108421084210842108421084210842108421084210842108421084210842108421084210);
SIR 10 TDI (01A);
RUNTEST 8 TCK;
SDR 320 TDI (84210842108421084210842108421084210842108421084210842108421084210842108421084210);
SIR 10 TDI (036);
RUNTEST 18 TCK;
SIR 10 TDI (022);
RUNTEST 8 TCK;
SDR 64 TDI (FFFFFFFFFFFFFFFF) TDO (FFFFFFFFFFFFFFFF) MASK (FFFFFFFFFFFFFFFF);
SIR 10 TDI (032);
RUNTEST 18 TCK;
SIR 10 TDI (022);
RUNTEST 8 TCK;
SDR 64 TDI (FFFFFFFFFFFFFFFF) TDO (FFFFFFFFFFFFFFFF);
SIR 10 TDI (016);
RUNTEST 8 TCK;
SDR 320 TDI (42108421084210842108421084210842108421084210842108421084210842108421084210842108);
SIR 10 TDI (036);
RUNTEST 18 TCK;
SIR 10 TDI (022);
RUNTEST 8 TCK;
SDR 64 TDI (FFFFFFFFFFFFFFFF) TDO (FFFFFFFFFFFFFFFF) MASK (FFFFFFFFFFFFFFFF);
SIR 10 TDI (032);
RUNTEST 18 TCK;
SIR 10 TDI (022);
RUNTEST 8 TCK;
SDR 64 TDI (FFFFFFFFFFFFFFFF) TDO (FFFFFFFFFFFFFFFF);
SIR 10 TDI (016);
RUNTEST 8 TCK;
SDR 320 TDI (21084210842108421084210842108421084210842108421084210842108421084210842108421084);
SIR 10 TDI (036);
RUNTEST 18 TCK;
SIR 10 TDI (022);
RUNTEST 8 TCK;
SDR 64 TDI (FFFFFFFFFFFFFFFF) TDO (1057DFFEDEFF7BFD) MASK (FFFFFFFFFFFFFFFF);
SIR 10 TDI (032);
RUNTEST 18 TCK;
SIR 10 TDI (022);
RUNTEST 8 TCK;
SDR 64 TDI (FFFFFFFFFFFFFFFF) TDO (1057DFFEDEFF7BFD);
SIR 10 TDI (016);
RUNTEST 8 TCK;
SDR 320 TDI (10842108421084210842108421084210842108421084210842108421084210842108421084210842);
SIR 10 TDI (036);
RUNTEST 18 TCK;
SIR 10 TDI (022);
RUNTEST 8 TCK;
SDR 64 TDI (FFFFFFFFFFFFFFFF) TDO (FFFFFFFFFFFFFFFF) MASK (FFFFFFFFFFFFFFFF);
SIR 10 TDI (032);
RUNTEST 18 TCK;
SIR 10 TDI (022);
RUNTEST 8 TCK;
SDR 64 TDI (FFFFFFFFFFFFFFFF) TDO (FFFFFFFFFFFFFFFF);
SIR 10 TDI (016);
RUNTEST 8 TCK;
SDR 320 TDI (08421084210842108421084210842108421084210842108421084210842108421084210842108421);
SIR 10 TDI (036);
RUNTEST 18 TCK;
SIR 10 TDI (022);
RUNTEST 8 TCK;
SDR 64 TDI (FFFFFFFFFFFFFFFF) TDO (0053DFEE80D11BFD) MASK (FFFFFFFFFFFFFFFF);
SIR 10 TDI (032);
RUNTEST 18 TCK;
SIR 10 TDI (022);
RUNTEST 8 TCK;
SDR 64 TDI (FFFFFFFFFFFFFFFF) TDO (0053DFEE80D11BFD);
SIR 10 TDI (036);
RUNTEST 18 TCK;
SIR 10 TDI (026);
RUNTEST 8 TCK;
SDR 64 TDI (FFFFFFFFFFFFFFFF) TDO (FFFFFFFFFFFFFFFF);
SIR 10 TDI (032);
RUNTEST 18 TCK;
SIR 10 TDI (026);
RUNTEST 8 TCK;
SDR 64 TDI (FFFFFFFFFFFFFFFF) TDO (FFFFFFFFFFFFFFFF);
SIR 10 TDI (01A);
RUNTEST 8 TCK;
SDR 320 TDI (42108421084210842108421084210842108421084210842108421084210842108421084210842108);
SIR 10 TDI (036);
RUNTEST 18 TCK;
SIR 10 TDI (026);
RUNTEST 8 TCK;
SDR 64 TDI (FFFFFFFFFFFFFFFF) TDO (FEFEFFFFF7FFFFFF) MASK (FFFFFFFFFFFFFFFF);
SIR 10 TDI (032);
RUNTEST 18 TCK;
SIR 10 TDI (026);
RUNTEST 8 TCK;
SDR 64 TDI (FFFFFFFFFFFFFFFF) TDO (FEFEFFFFF7FFFFFF);
SIR 10 TDI (01A);
RUNTEST 8 TCK;
SDR 320 TDI (21084210842108421084210842108421084210842108421084210842108421084210842108421084);
SIR 10 TDI (036);
RUNTEST 18 TCK;
SIR 10 TDI (026);
RUNTEST 8 TCK;
SDR 64 TDI (FFFFFFFFFFFFFFFF) TDO (5FFEFFFFFFFF173B) MASK (FFFFFFFFFFFFFFFF);
SIR 10 TDI (032);
RUNTEST 18 TCK;
SIR 10 TDI (026);
RUNTEST 8 TCK;
SDR 64 TDI (FFFFFFFFFFFFFFFF) TDO (5FFEFFFFFFFF173B);
SIR 10 TDI (01A);
RUNTEST 8 TCK;
SDR 320 TDI (10842108421084210842108421084210842108421084210842108421084210842108421084210842);
SIR 10 TDI (036);
RUNTEST 18 TCK;
SIR 10 TDI (026);
RUNTEST 8 TCK;
SDR 64 TDI (FFFFFFFFFFFFFFFF) TDO (FFFFFFFFFFFFFFFF) MASK (FFFFFFFFFFFFFFFF);
SIR 10 TDI (032);
RUNTEST 18 TCK;
SIR 10 TDI (026);
RUNTEST 8 TCK;
SDR 64 TDI (FFFFFFFFFFFFFFFF) TDO (FFFFFFFFFFFFFFFF);
SIR 10 TDI (01A);
RUNTEST 8 TCK;
SDR 320 TDI (08421084210842108421084210842108421084210842108421084210842108421084210842108421);
SIR 10 TDI (036);
RUNTEST 18 TCK;
SIR 10 TDI (026);
RUNTEST 8 TCK;
SDR 64 TDI (FFFFFFFFFFFFFFFF) TDO (57F2FFFBFE5F152B) MASK (FFFFFFFFFFFFFFFF);
SIR 10 TDI (032);
RUNTEST 18 TCK;
SIR 10 TDI (026);
RUNTEST 8 TCK;
SDR 64 TDI (FFFFFFFFFFFFFFFF) TDO (57F2FFFBFE5F152B);
SIR 10 TDI (01E);
RUNTEST 8 TCK;
SDR 273 TDI (000000200000000000000000000000000000000000000001000000000000000000000);
SIR 10 TDI (012);
RUNTEST 8 TCK;
SIR 10 TDI (016);
RUNTEST 8 TCK;
SDR 320 TDI (84210842108421084210842108421084210842108421084210842108421084210842108421084210);
SIR 10 TDI (01A);
RUNTEST 8 TCK;
SDR 320 TDI (84210842108421084210842108421084210842108421084210842108421084210842108421084210);
SIR 10 TDI (036);
RUNTEST 18 TCK;
SIR 10 TDI (022);
RUNTEST 8 TCK;
SDR 64 TDI (FFFFFFFFFFFFFFFF) TDO (FFFFFFFFFFFFFFFF) MASK (FFFFFFFFFFFFFFFF);
SIR 10 TDI (032);
RUNTEST 18 TCK;
SIR 10 TDI (022);
RUNTEST 8 TCK;
SDR 64 TDI (FFFFFFFFFFFFFFFF) TDO (FFFFFFFFFFFFFFFF);
SIR 10 TDI (016);
RUNTEST 8 TCK;
SDR 320 TDI (42108421084210842108421084210842108421084210842108421084210842108421084210842108);
SIR 10 TDI (036);
RUNTEST 18 TCK;
SIR 10 TDI (022);
RUNTEST 8 TCK;
SDR 64 TDI (FFFFFFFFFFFFFFFF) TDO (FDFFFCFFFFFFFFFF) MASK (FFFFFFFFFFFFFFFF);
SIR 10 TDI (032);
RUNTEST 18 TCK;
SIR 10 TDI (022);
RUNTEST 8 TCK;
SDR 64 TDI (FFFFFFFFFFFFFFFF) TDO (FDFFFCFFFFFFFFFF);
SIR 10 TDI (016);
RUNTEST 8 TCK;
SDR 320 TDI (21084210842108421084210842108421084210842108421084210842108421084210842108421084);
SIR 10 TDI (036);
RUNTEST 18 TCK;
SIR 10 TDI (022);
RUNTEST 8 TCK;
SDR 64 TDI (FFFFFFFFFFFFFFFF) TDO (1057DFFEDEFB7BFD) MASK (FFFFFFFFFFFFFFFF);
SIR 10 TDI (032);
RUNTEST 18 TCK;
SIR 10 TDI (022);
RUNTEST 8 TCK;
SDR 64 TDI (FFFFFFFFFFFFFFFF) TDO (1057DFFEDEFB7BFD);
SIR 10 TDI (016);
RUNTEST 8 TCK;
SDR 320 TDI (10842108421084210842108421084210842108421084210842108421084210842108421084210842);
SIR 10 TDI (036);
RUNTEST 18 TCK;
SIR 10 TDI (022);
RUNTEST 8 TCK;
SDR 64 TDI (FFFFFFFFFFFFFFFF) TDO (FFFFBFFFFFFFFFFB) MASK (FFFFFFFFFFFFFFFF);
SIR 10 TDI (032);
RUNTEST 18 TCK;
SIR 10 TDI (022);
RUNTEST 8 TCK;
SDR 64 TDI (FFFFFFFFFFFFFFFF) TDO (FFFFBFFFFFFFFFFB);
SIR 10 TDI (016);
RUNTEST 8 TCK;
SDR 320 TDI (08421084210842108421084210842108421084210842108421084210842108421084210842108421);
SIR 10 TDI (036);
RUNTEST 18 TCK;
SIR 10 TDI (022);
RUNTEST 8 TCK;
SDR 64 TDI (FFFFFFFFFFFFFFFF) TDO (0053DFEE80D11BFD) MASK (FFFFFFFFFFFFFFFF);
SIR 10 TDI (032);
RUNTEST 18 TCK;
SIR 10 TDI (022);
RUNTEST 8 TCK;
SDR 64 TDI (FFFFFFFFFFFFFFFF) TDO (0053DFEE80D11BFD);
SIR 10 TDI (036);
RUNTEST 18 TCK;
SIR 10 TDI (026);
RUNTEST 8 TCK;
SDR 64 TDI (FFFFFFFFFFFFFFFF) TDO (FFFFFFFFFFFFFFFF);
SIR 10 TDI (032);
RUNTEST 18 TCK;
SIR 10 TDI (026);
RUNTEST 8 TCK;
SDR 64 TDI (FFFFFFFFFFFFFFFF) TDO (FFFFFFFFFFFFFFFF);
SIR 10 TDI (01A);
RUNTEST 8 TCK;
SDR 320 TDI (42108421084210842108421084210842108421084210842108421084210842108421084210842108);
SIR 10 TDI (036);
RUNTEST 18 TCK;
SIR 10 TDI (026);
RUNTEST 8 TCK;
SDR 64 TDI (FFFFFFFFFFFFFFFF) TDO (FEFEFBEFFFFFFFEF) MASK (FFFFFFFFFFFFFFFF);
SIR 10 TDI (032);
RUNTEST 18 TCK;
SIR 10 TDI (026);
RUNTEST 8 TCK;
SDR 64 TDI (FFFFFFFFFFFFFFFF) TDO (FEFEFBEFFFFFFFEF);
SIR 10 TDI (01A);
RUNTEST 8 TCK;
SDR 320 TDI (21084210842108421084210842108421084210842108421084210842108421084210842108421084);
SIR 10 TDI (036);
RUNTEST 18 TCK;
SIR 10 TDI (026);
RUNTEST 8 TCK;
SDR 64 TDI (FFFFFFFFFFFFFFFF) TDO (5FFEFFFFFFFF173B) MASK (FFFFFFFFFFFFFFFF);
SIR 10 TDI (032);
RUNTEST 18 TCK;
SIR 10 TDI (026);
RUNTEST 8 TCK;
SDR 64 TDI (FFFFFFFFFFFFFFFF) TDO (5FFEFFFFFFFF173B);
SIR 10 TDI (01A);
RUNTEST 8 TCK;
SDR 320 TDI (10842108421084210842108421084210842108421084210842108421084210842108421084210842);
SIR 10 TDI (036);
RUNTEST 18 TCK;
SIR 10 TDI (026);
RUNTEST 8 TCK;
SDR 64 TDI (FFFFFFFFFFFFFFFF) TDO (FFFFFFFFFFFFFFFF) MASK (FFFFFFFFFFFFFFFF);
SIR 10 TDI (032);
RUNTEST 18 TCK;
SIR 10 TDI (026);
RUNTEST 8 TCK;
SDR 64 TDI (FFFFFFFFFFFFFFFF) TDO (FFFFFFFFFFFFFFFF);
SIR 10 TDI (01A);
RUNTEST 8 TCK;
SDR 320 TDI (08421084210842108421084210842108421084210842108421084210842108421084210842108421);
SIR 10 TDI (036);
RUNTEST 18 TCK;
SIR 10 TDI (026);
RUNTEST 8 TCK;
SDR 64 TDI (FFFFFFFFFFFFFFFF) TDO (57F2FFFBFE5F152B) MASK (FFFFFFFFFFFFFFFF);
SIR 10 TDI (032);
RUNTEST 18 TCK;
SIR 10 TDI (026);
RUNTEST 8 TCK;
SDR 64 TDI (FFFFFFFFFFFFFFFF) TDO (57F2FFFBFE5F152B);
SIR 10 TDI (01E);
RUNTEST 8 TCK;
SDR 273 TDI (000000100000000000000000000000000000000000000000800000000000000000000);
SIR 10 TDI (012);
RUNTEST 8 TCK;
SIR 10 TDI (016);
RUNTEST 8 TCK;
SDR 320 TDI (84210842108421084210842108421084210842108421084210842108421084210842108421084210);
SIR 10 TDI (01A);
RUNTEST 8 TCK;
SDR 320 TDI (84210842108421084210842108421084210842108421084210842108421084210842108421084210);
SIR 10 TDI (036);
RUNTEST 18 TCK;
SIR 10 TDI (022);
RUNTEST 8 TCK;
SDR 64 TDI (FFFFFFFFFFFFFFFF) TDO (FFFFFFFFFFFFFFFF) MASK (FFFFFFFFFFFFFFFF);
SIR 10 TDI (032);
RUNTEST 18 TCK;
SIR 10 TDI (022);
RUNTEST 8 TCK;
SDR 64 TDI (FFFFFFFFFFFFFFFF) TDO (FFFFFFFFFFFFFFFF);
SIR 10 TDI (016);
RUNTEST 8 TCK;
SDR 320 TDI (42108421084210842108421084210842108421084210842108421084210842108421084210842108);
SIR 10 TDI (036);
RUNTEST 18 TCK;
SIR 10 TDI (022);
RUNTEST 8 TCK;
SDR 64 TDI (FFFFFFFFFFFFFFFF) TDO (EFFABFFFFFFFFFFF) MASK (FFFFFFFFFFFFFFFF);
SIR 10 TDI (032);
RUNTEST 18 TCK;
SIR 10 TDI (022);
RUNTEST 8 TCK;
SDR 64 TDI (FFFFFFFFFFFFFFFF) TDO (EFFABFFFFFFFFFFF);
SIR 10 TDI (016);
RUNTEST 8 TCK;
SDR 320 TDI (21084210842108421084210842108421084210842108421084210842108421084210842108421084);
SIR 10 TDI (036);
RUNTEST 18 TCK;
SIR 10 TDI (022);
RUNTEST 8 TCK;
SDR 64 TDI (FFFFFFFFFFFFFFFF) TDO (1057DFFEDEFF7BFD) MASK (FFFFFFFFFFFFFFFF);
SIR 10 TDI (032);
RUNTEST 18 TCK;
SIR 10 TDI (022);
RUNTEST 8 TCK;
SDR 64 TDI (FFFFFFFFFFFFFFFF) TDO (1057DFFEDEFF7BFD);
SIR 10 TDI (016);
RUNTEST 8 TCK;
SDR 320 TDI (10842108421084210842108421084210842108421084210842108421084210842108421084210842);
SIR 10 TDI (036);
RUNTEST 18 TCK;
SIR 10 TDI (022);
RUNTEST 8 TCK;
SDR 64 TDI (FFFFFFFFFFFFFFFF) TDO (FFFFFFFFFFFFFFFF) MASK (FFFFFFFFFFFFFFFF);
SIR 10 TDI (032);
RUNTEST 18 TCK;
SIR 10 TDI (022);
RUNTEST 8 TCK;
SDR 64 TDI (FFFFFFFFFFFFFFFF) TDO (FFFFFFFFFFFFFFFF);
SIR 10 TDI (016);
RUNTEST 8 TCK;
SDR 320 TDI (08421084210842108421084210842108421084210842108421084210842108421084210842108421);
SIR 10 TDI (036);
RUNTEST 18 TCK;
SIR 10 TDI (022);
RUNTEST 8 TCK;
SDR 64 TDI (FFFFFFFFFFFFFFFF) TDO (0053DFEE80D11BFD) MASK (FFFFFFFFFFFFFFFF);
SIR 10 TDI (032);
RUNTEST 18 TCK;
SIR 10 TDI (022);
RUNTEST 8 TCK;
SDR 64 TDI (FFFFFFFFFFFFFFFF) TDO (0053DFEE80D11BFD);
SIR 10 TDI (036);
RUNTEST 18 TCK;
SIR 10 TDI (026);
RUNTEST 8 TCK;
SDR 64 TDI (FFFFFFFFFFFFFFFF) TDO (FFFFFFFFFFFFFFFF);
SIR 10 TDI (032);
RUNTEST 18 TCK;
SIR 10 TDI (026);
RUNTEST 8 TCK;
SDR 64 TDI (FFFFFFFFFFFFFFFF) TDO (FFFFFFFFFFFFFFFF);
SIR 10 TDI (01A);
RUNTEST 8 TCK;
SDR 320 TDI (42108421084210842108421084210842108421084210842108421084210842108421084210842108);
SIR 10 TDI (036);
RUNTEST 18 TCK;
SIR 10 TDI (026);
RUNTEST 8 TCK;
SDR 64 TDI (FFFFFFFFFFFFFFFF) TDO (FFFEFFFFFFFFFFFF) MASK (FFFFFFFFFFFFFFFF);
SIR 10 TDI (032);
RUNTEST 18 TCK;
SIR 10 TDI (026);
RUNTEST 8 TCK;
SDR 64 TDI (FFFFFFFFFFFFFFFF) TDO (FFFEFFFFFFFFFFFF);
SIR 10 TDI (01A);
RUNTEST 8 TCK;
SDR 320 TDI (21084210842108421084210842108421084210842108421084210842108421084210842108421084);
SIR 10 TDI (036);
RUNTEST 18 TCK;
SIR 10 TDI (026);
RUNTEST 8 TCK;
SDR 64 TDI (FFFFFFFFFFFFFFFF) TDO (5FFEFFFFFFFF173B) MASK (FFFFFFFFFFFFFFFF);
SIR 10 TDI (032);
RUNTEST 18 TCK;
SIR 10 TDI (026);
RUNTEST 8 TCK;
SDR 64 TDI (FFFFFFFFFFFFFFFF) TDO (5FFEFFFFFFFF173B);
SIR 10 TDI (01A);
RUNTEST 8 TCK;
SDR 320 TDI (10842108421084210842108421084210842108421084210842108421084210842108421084210842);
SIR 10 TDI (036);
RUNTEST 18 TCK;
SIR 10 TDI (026);
RUNTEST 8 TCK;
SDR 64 TDI (FFFFFFFFFFFFFFFF) TDO (FFFFFBFFFFFFFFFF) MASK (FFFFFFFFFFFFFFFF);
SIR 10 TDI (032);
RUNTEST 18 TCK;
SIR 10 TDI (026);
RUNTEST 8 TCK;
SDR 64 TDI (FFFFFFFFFFFFFFFF) TDO (FFFFFBFFFFFFFFFF);
SIR 10 TDI (01A);
RUNTEST 8 TCK;
SDR 320 TDI (08421084210842108421084210842108421084210842108421084210842108421084210842108421);
SIR 10 TDI (036);
RUNTEST 18 TCK;
SIR 10 TDI (026);
RUNTEST 8 TCK;
SDR 64 TDI (FFFFFFFFFFFFFFFF) TDO (56F2FFEBFE5F152B) MASK (FFFFFFFFFFFFFFFF);
SIR 10 TDI (032);
RUNTEST 18 TCK;
SIR 10 TDI (026);
RUNTEST 8 TCK;
SDR 64 TDI (FFFFFFFFFFFFFFFF) TDO (56F2FFEBFE5F152B);
SIR 10 TDI (01E);
RUNTEST 8 TCK;
SDR 273 TDI (000000080000000000000000000000000000000000000000400000000000000000000);
SIR 10 TDI (012);
RUNTEST 8 TCK;
SIR 10 TDI (016);
RUNTEST 8 TCK;
SDR 320 TDI (84210842108421084210842108421084210842108421084210842108421084210842108421084210);
SIR 10 TDI (01A);
RUNTEST 8 TCK;
SDR 320 TDI (84210842108421084210842108421084210842108421084210842108421084210842108421084210);
SIR 10 TDI (036);
RUNTEST 18 TCK;
SIR 10 TDI (022);
RUNTEST 8 TCK;
SDR 64 TDI (FFFFFFFFFFFFFFFF) TDO (FFFFFFFFFFFFFDFF) MASK (FFFFFFFFFFFFFFFF);
SIR 10 TDI (032);
RUNTEST 18 TCK;
SIR 10 TDI (022);
RUNTEST 8 TCK;
SDR 64 TDI (FFFFFFFFFFFFFFFF) TDO (FFFFFFFFFFFFFDFF);
SIR 10 TDI (016);
RUNTEST 8 TCK;
SDR 320 TDI (42108421084210842108421084210842108421084210842108421084210842108421084210842108);
SIR 10 TDI (036);
RUNTEST 18 TCK;
SIR 10 TDI (022);
RUNTEST 8 TCK;
SDR 64 TDI (FFFFFFFFFFFFFFFF) TDO (FFFFFFFFFFFEFFFF) MASK (FFFFFFFFFFFFFFFF);
SIR 10 TDI (032);
RUNTEST 18 TCK;
SIR 10 TDI (022);
RUNTEST 8 TCK;
SDR 64 TDI (FFFFFFFFFFFFFFFF) TDO (FFFFFFFFFFFEFFFF);
SIR 10 TDI (016);
RUNTEST 8 TCK;
SDR 320 TDI (21084210842108421084210842108421084210842108421084210842108421084210842108421084);
SIR 10 TDI (036);
RUNTEST 18 TCK;
SIR 10 TDI (022);
RUNTEST 8 TCK;
SDR 64 TDI (FFFFFFFFFFFFFFFF) TDO (1057DFFEDEFF7BFD) MASK (FFFFFFFFFFFFFFFF);
SIR 10 TDI (032);
RUNTEST 18 TCK;
SIR 10 TDI (022);
RUNTEST 8 TCK;
SDR 64 TDI (FFFFFFFFFFFFFFFF) TDO (1057DFFEDEFF7BFD);
SIR 10 TDI (016);
RUNTEST 8 TCK;
SDR 320 TDI (10842108421084210842108421084210842108421084210842108421084210842108421084210842);
SIR 10 TDI (036);
RUNTEST 18 TCK;
SIR 10 TDI (022);
RUNTEST 8 TCK;
SDR 64 TDI (FFFFFFFFFFFFFFFF) TDO (FFFFFFFFFFFEFFFF) MASK (FFFFFFFFFFFFFFFF);
SIR 10 TDI (032);
RUNTEST 18 TCK;
SIR 10 TDI (022);
RUNTEST 8 TCK;
SDR 64 TDI (FFFFFFFFFFFFFFFF) TDO (FFFFFFFFFFFEFFFF);
SIR 10 TDI (016);
RUNTEST 8 TCK;
SDR 320 TDI (08421084210842108421084210842108421084210842108421084210842108421084210842108421);
SIR 10 TDI (036);
RUNTEST 18 TCK;
SIR 10 TDI (022);
RUNTEST 8 TCK;
SDR 64 TDI (FFFFFFFFFFFFFFFF) TDO (0053DFEE80D11BFD) MASK (FFFFFFFFFFFFFFFF);
SIR 10 TDI (032);
RUNTEST 18 TCK;
SIR 10 TDI (022);
RUNTEST 8 TCK;
SDR 64 TDI (FFFFFFFFFFFFFFFF) TDO (0053DFEE80D11BFD);
SIR 10 TDI (036);
RUNTEST 18 TCK;
SIR 10 TDI (026);
RUNTEST 8 TCK;
SDR 64 TDI (FFFFFFFFFFFFFFFF) TDO (FFFFFFFFFFFFFFFF);
SIR 10 TDI (032);
RUNTEST 18 TCK;
SIR 10 TDI (026);
RUNTEST 8 TCK;
SDR 64 TDI (FFFFFFFFFFFFFFFF) TDO (FFFFFFFFFFFFFFFF);
SIR 10 TDI (01A);
RUNTEST 8 TCK;
SDR 320 TDI (42108421084210842108421084210842108421084210842108421084210842108421084210842108);
SIR 10 TDI (036);
RUNTEST 18 TCK;
SIR 10 TDI (026);
RUNTEST 8 TCK;
SDR 64 TDI (FFFFFFFFFFFFFFFF) TDO (7F7EFFFF5FFFFFFE) MASK (FFFFFFFFFFFFFFFF);
SIR 10 TDI (032);
RUNTEST 18 TCK;
SIR 10 TDI (026);
RUNTEST 8 TCK;
SDR 64 TDI (FFFFFFFFFFFFFFFF) TDO (7F7EFFFF5FFFFFFE);
SIR 10 TDI (01A);
RUNTEST 8 TCK;
SDR 320 TDI (21084210842108421084210842108421084210842108421084210842108421084210842108421084);
SIR 10 TDI (036);
RUNTEST 18 TCK;
SIR 10 TDI (026);
RUNTEST 8 TCK;
SDR 64 TDI (FFFFFFFFFFFFFFFF) TDO (5FFEFFFFFFFF173A) MASK (FFFFFFFFFFFFFFFF);
SIR 10 TDI (032);
RUNTEST 18 TCK;
SIR 10 TDI (026);
RUNTEST 8 TCK;
SDR 64 TDI (FFFFFFFFFFFFFFFF) TDO (5FFEFFFFFFFF173A);
SIR 10 TDI (01A);
RUNTEST 8 TCK;
SDR 320 TDI (10842108421084210842108421084210842108421084210842108421084210842108421084210842);
SIR 10 TDI (036);
RUNTEST 18 TCK;
SIR 10 TDI (026);
RUNTEST 8 TCK;
SDR 64 TDI (FFFFFFFFFFFFFFFF) TDO (FFFFFFFFFFFFFFFF) MASK (FFFFFFFFFFFFFFFF);
SIR 10 TDI (032);
RUNTEST 18 TCK;
SIR 10 TDI (026);
RUNTEST 8 TCK;
SDR 64 TDI (FFFFFFFFFFFFFFFF) TDO (FFFFFFFFFFFFFFFF);
SIR 10 TDI (01A);
RUNTEST 8 TCK;
SDR 320 TDI (08421084210842108421084210842108421084210842108421084210842108421084210842108421);
SIR 10 TDI (036);
RUNTEST 18 TCK;
SIR 10 TDI (026);
RUNTEST 8 TCK;
SDR 64 TDI (FFFFFFFFFFFFFFFF) TDO (57F2FFFB5E5F152B) MASK (FFFFFFFFFFFFFFFF);
SIR 10 TDI (032);
RUNTEST 18 TCK;
SIR 10 TDI (026);
RUNTEST 8 TCK;
SDR 64 TDI (FFFFFFFFFFFFFFFF) TDO (57F2FFFB5E5F152B);
SIR 10 TDI (01E);
RUNTEST 8 TCK;
SDR 273 TDI (000000040000000000000000000000000000000000000000200000000000000000000);
SIR 10 TDI (012);
RUNTEST 8 TCK;
SIR 10 TDI (016);
RUNTEST 8 TCK;
SDR 320 TDI (84210842108421084210842108421084210842108421084210842108421084210842108421084210);
SIR 10 TDI (01A);
RUNTEST 8 TCK;
SDR 320 TDI (84210842108421084210842108421084210842108421084210842108421084210842108421084210);
SIR 10 TDI (036);
RUNTEST 18 TCK;
SIR 10 TDI (022);
RUNTEST 8 TCK;
SDR 64 TDI (FFFFFFFFFFFFFFFF) TDO (FFFFFFFFFFFFFFFF) MASK (FFFFFFFFFFFFFFFF);
SIR 10 TDI (032);
RUNTEST 18 TCK;
SIR 10 TDI (022);
RUNTEST 8 TCK;
SDR 64 TDI (FFFFFFFFFFFFFFFF) TDO (FFFFFFFFFFFFFFFF);
SIR 10 TDI (016);
RUNTEST 8 TCK;
SDR 320 TDI (42108421084210842108421084210842108421084210842108421084210842108421084210842108);
SIR 10 TDI (036);
RUNTEST 18 TCK;
SIR 10 TDI (022);
RUNTEST 8 TCK;
SDR 64 TDI (FFFFFFFFFFFFFFFF) TDO (FFFFFFFFFFFFFFFF) MASK (FFFFFFFFFFFFFFFF);
SIR 10 TDI (032);
RUNTEST 18 TCK;
SIR 10 TDI (022);
RUNTEST 8 TCK;
SDR 64 TDI (FFFFFFFFFFFFFFFF) TDO (FFFFFFFFFFFFFFFF);
SIR 10 TDI (016);
RUNTEST 8 TCK;
SDR 320 TDI (21084210842108421084210842108421084210842108421084210842108421084210842108421084);
SIR 10 TDI (036);
RUNTEST 18 TCK;
SIR 10 TDI (022);
RUNTEST 8 TCK;
SDR 64 TDI (FFFFFFFFFFFFFFFF) TDO (1057DFFEDEFF7BFD) MASK (FFFFFFFFFFFFFFFF);
SIR 10 TDI (032);
RUNTEST 18 TCK;
SIR 10 TDI (022);
RUNTEST 8 TCK;
SDR 64 TDI (FFFFFFFFFFFFFFFF) TDO (1057DFFEDEFF7BFD);
SIR 10 TDI (016);
RUNTEST 8 TCK;
SDR 320 TDI (10842108421084210842108421084210842108421084210842108421084210842108421084210842);
SIR 10 TDI (036);
RUNTEST 18 TCK;
SIR 10 TDI (022);
RUNTEST 8 TCK;
SDR 64 TDI (FFFFFFFFFFFFFFFF) TDO (FBFFFFFFFF7FFFFF) MASK (FFFFFFFFFFFFFFFF);
SIR 10 TDI (032);
RUNTEST 18 TCK;
SIR 10 TDI (022);
RUNTEST 8 TCK;
SDR 64 TDI (FFFFFFFFFFFFFFFF) TDO (FBFFFFFFFF7FFFFF);
SIR 10 TDI (016);
RUNTEST 8 TCK;
SDR 320 TDI (08421084210842108421084210842108421084210842108421084210842108421084210842108421);
SIR 10 TDI (036);
RUNTEST 18 TCK;
SIR 10 TDI (022);
RUNTEST 8 TCK;
SDR 64 TDI (FFFFFFFFFFFFFFFF) TDO (0053DFEE80511BFD) MASK (FFFFFFFFFFFFFFFF);
SIR 10 TDI (032);
RUNTEST 18 TCK;
SIR 10 TDI (022);
RUNTEST 8 TCK;
SDR 64 TDI (FFFFFFFFFFFFFFFF) TDO (0053DFEE80511BFD);
SIR 10 TDI (036);
RUNTEST 18 TCK;
SIR 10 TDI (026);
RUNTEST 8 TCK;
SDR 64 TDI (FFFFFFFFFFFFFFFF) TDO (FFFFFFFFFFFFFFFF);
SIR 10 TDI (032);
RUNTEST 18 TCK;
SIR 10 TDI (026);
RUNTEST 8 TCK;
SDR 64 TDI (FFFFFFFFFFFFFFFF) TDO (FFFFFFFFFFFFFFFF);
SIR 10 TDI (01A);
RUNTEST 8 TCK;
SDR 320 TDI (42108421084210842108421084210842108421084210842108421084210842108421084210842108);
SIR 10 TDI (036);
RUNTEST 18 TCK;
SIR 10 TDI (026);
RUNTEST 8 TCK;
SDR 64 TDI (FFFFFFFFFFFFFFFF) TDO (FFFCFFFFFFFFFFFF) MASK (FFFFFFFFFFFFFFFF);
SIR 10 TDI (032);
RUNTEST 18 TCK;
SIR 10 TDI (026);
RUNTEST 8 TCK;
SDR 64 TDI (FFFFFFFFFFFFFFFF) TDO (FFFCFFFFFFFFFFFF);
SIR 10 TDI (01A);
RUNTEST 8 TCK;
SDR 320 TDI (21084210842108421084210842108421084210842108421084210842108421084210842108421084);
SIR 10 TDI (036);
RUNTEST 18 TCK;
SIR 10 TDI (026);
RUNTEST 8 TCK;
SDR 64 TDI (FFFFFFFFFFFFFFFF) TDO (5FFEFFFFFFFF173B) MASK (FFFFFFFFFFFFFFFF);
SIR 10 TDI (032);
RUNTEST 18 TCK;
SIR 10 TDI (026);
RUNTEST 8 TCK;
SDR 64 TDI (FFFFFFFFFFFFFFFF) TDO (5FFEFFFFFFFF173B);
SIR 10 TDI (01A);
RUNTEST 8 TCK;
SDR 320 TDI (10842108421084210842108421084210842108421084210842108421084210842108421084210842);
SIR 10 TDI (036);
RUNTEST 18 TCK;
SIR 10 TDI (026);
RUNTEST 8 TCK;
SDR 64 TDI (FFFFFFFFFFFFFFFF) TDO (FFFFFFFFFFFFFFFF) MASK (FFFFFFFFFFFFFFFF);
SIR 10 TDI (032);
RUNTEST 18 TCK;
SIR 10 TDI (026);
RUNTEST 8 TCK;
SDR 64 TDI (FFFFFFFFFFFFFFFF) TDO (FFFFFFFFFFFFFFFF);
SIR 10 TDI (01A);
RUNTEST 8 TCK;
SDR 320 TDI (08421084210842108421084210842108421084210842108421084210842108421084210842108421);
SIR 10 TDI (036);
RUNTEST 18 TCK;
SIR 10 TDI (026);
RUNTEST 8 TCK;
SDR 64 TDI (FFFFFFFFFFFFFFFF) TDO (5772FFFBFE5F152B) MASK (FFFFFFFFFFFFFFFF);
SIR 10 TDI (032);
RUNTEST 18 TCK;
SIR 10 TDI (026);
RUNTEST 8 TCK;
SDR 64 TDI (FFFFFFFFFFFFFFFF) TDO (5772FFFBFE5F152B);
SIR 10 TDI (01E);
RUNTEST 8 TCK;
SDR 273 TDI (000000020000000000000000000000000000000000000000100000000000000000000);
SIR 10 TDI (012);
RUNTEST 8 TCK;
SIR 10 TDI (016);
RUNTEST 8 TCK;
SDR 320 TDI (84210842108421084210842108421084210842108421084210842108421084210842108421084210);
SIR 10 TDI (01A);
RUNTEST 8 TCK;
SDR 320 TDI (84210842108421084210842108421084210842108421084210842108421084210842108421084210);
SIR 10 TDI (036);
RUNTEST 18 TCK;
SIR 10 TDI (022);
RUNTEST 8 TCK;
SDR 64 TDI (FFFFFFFFFFFFFFFF) TDO (FFFFFFFFFFFFFFFF) MASK (FFFFFFFFFFFFFFFF);
SIR 10 TDI (032);
RUNTEST 18 TCK;
SIR 10 TDI (022);
RUNTEST 8 TCK;
SDR 64 TDI (FFFFFFFFFFFFFFFF) TDO (FFFFFFFFFFFFFFFF);
SIR 10 TDI (016);
RUNTEST 8 TCK;
SDR 320 TDI (42108421084210842108421084210842108421084210842108421084210842108421084210842108);
SIR 10 TDI (036);
RUNTEST 18 TCK;
SIR 10 TDI (022);
RUNTEST 8 TCK;
SDR 64 TDI (FFFFFFFFFFFFFFFF) TDO (FFFFFDFFFFBFFDFF) MASK (FFFFFFFFFFFFFFFF);
SIR 10 TDI (032);
RUNTEST 18 TCK;
SIR 10 TDI (022);
RUNTEST 8 TCK;
SDR 64 TDI (FFFFFFFFFFFFFFFF) TDO (FFFFFDFFFFBFFDFF);
SIR 10 TDI (016);
RUNTEST 8 TCK;
SDR 320 TDI (21084210842108421084210842108421084210842108421084210842108421084210842108421084);
SIR 10 TDI (036);
RUNTEST 18 TCK;
SIR 10 TDI (022);
RUNTEST 8 TCK;
SDR 64 TDI (FFFFFFFFFFFFFFFF) TDO (1057DFFEDEFF7BFD) MASK (FFFFFFFFFFFFFFFF);
SIR 10 TDI (032);
RUNTEST 18 TCK;
SIR 10 TDI (022);
RUNTEST 8 TCK;
SDR 64 TDI (FFFFFFFFFFFFFFFF) TDO (1057DFFEDEFF7BFD);
SIR 10 TDI (016);
RUNTEST 8 TCK;
SDR 320 TDI (10842108421084210842108421084210842108421084210842108421084210842108421084210842);
SIR 10 TDI (036);
RUNTEST 18 TCK;
SIR 10 TDI (022);
RUNTEST 8 TCK;
SDR 64 TDI (FFFFFFFFFFFFFFFF) TDO (FFAD7FFFFFFFFDFF) MASK (FFFFFFFFFFFFFFFF);
SIR 10 TDI (032);
RUNTEST 18 TCK;
SIR 10 TDI (022);
RUNTEST 8 TCK;
SDR 64 TDI (FFFFFFFFFFFFFFFF) TDO (FFAD7FFFFFFFFDFF);
SIR 10 TDI (016);
RUNTEST 8 TCK;
SDR 320 TDI (08421084210842108421084210842108421084210842108421084210842108421084210842108421);
SIR 10 TDI (036);
RUNTEST 18 TCK;
SIR 10 TDI (022);
RUNTEST 8 TCK;
SDR 64 TDI (FFFFFFFFFFFFFFFF) TDO (00538F2E80D11BFD) MASK (FFFFFFFFFFFFFFFF);
SIR 10 TDI (032);
RUNTEST 18 TCK;
SIR 10 TDI (022);
RUNTEST 8 TCK;
SDR 64 TDI (FFFFFFFFFFFFFFFF) TDO (00538F2E80D11BFD);
SIR 10 TDI (036);
RUNTEST 18 TCK;
SIR 10 TDI (026);
RUNTEST 8 TCK;
SDR 64 TDI (FFFFFFFFFFFFFFFF) TDO (FFFFFFFFFFFFFFFF);
SIR 10 TDI (032);
RUNTEST 18 TCK;
SIR 10 TDI (026);
RUNTEST 8 TCK;
SDR 64 TDI (FFFFFFFFFFFFFFFF) TDO (FFFFFFFFFFFFFFFF);
SIR 10 TDI (01A);
RUNTEST 8 TCK;
SDR 320 TDI (42108421084210842108421084210842108421084210842108421084210842108421084210842108);
SIR 10 TDI (036);
RUNTEST 18 TCK;
SIR 10 TDI (026);
RUNTEST 8 TCK;
SDR 64 TDI (FFFFFFFFFFFFFFFF) TDO (FFFEFF8FFF7FFFFF) MASK (FFFFFFFFFFFFFFFF);
SIR 10 TDI (032);
RUNTEST 18 TCK;
SIR 10 TDI (026);
RUNTEST 8 TCK;
SDR 64 TDI (FFFFFFFFFFFFFFFF) TDO (FFFEFF8FFF7FFFFF);
SIR 10 TDI (01A);
RUNTEST 8 TCK;
SDR 320 TDI (21084210842108421084210842108421084210842108421084210842108421084210842108421084);
SIR 10 TDI (036);
RUNTEST 18 TCK;
SIR 10 TDI (026);
RUNTEST 8 TCK;
SDR 64 TDI (FFFFFFFFFFFFFFFF) TDO (5FFEFFFFFFFF173B) MASK (FFFFFFFFFFFFFFFF);
SIR 10 TDI (032);
RUNTEST 18 TCK;
SIR 10 TDI (026);
RUNTEST 8 TCK;
SDR 64 TDI (FFFFFFFFFFFFFFFF) TDO (5FFEFFFFFFFF173B);
SIR 10 TDI (01A);
RUNTEST 8 TCK;
SDR 320 TDI (10842108421084210842108421084210842108421084210842108421084210842108421084210842);
SIR 10 TDI (036);
RUNTEST 18 TCK;
SIR 10 TDI (026);
RUNTEST 8 TCK;
SDR 64 TDI (FFFFFFFFFFFFFFFF) TDO (FE7DFFBFFFFFFFEF) MASK (FFFFFFFFFFFFFFFF);
SIR 10 TDI (032);
RUNTEST 18 TCK;
SIR 10 TDI (026);
RUNTEST 8 TCK;
SDR 64 TDI (FFFFFFFFFFFFFFFF) TDO (FE7DFFBFFFFFFFEF);
SIR 10 TDI (01A);
RUNTEST 8 TCK;
SDR 320 TDI (08421084210842108421084210842108421084210842108421084210842108421084210842108421);
SIR 10 TDI (036);
RUNTEST 18 TCK;
SIR 10 TDI (026);
RUNTEST 8 TCK;
SDR 64 TDI (FFFFFFFFFFFFFFFF) TDO (57F2FFCBFE5F152B) MASK (FFFFFFFFFFFFFFFF);
SIR 10 TDI (032);
RUNTEST 18 TCK;
SIR 10 TDI (026);
RUNTEST 8 TCK;
SDR 64 TDI (FFFFFFFFFFFFFFFF) TDO (57F2FFCBFE5F152B);
SIR 10 TDI (01E);
RUNTEST 8 TCK;
SDR 273 TDI (000000010000000000000000000000000000000000000000080000000000000000000);
SIR 10 TDI (012);
RUNTEST 8 TCK;
SIR 10 TDI (016);
RUNTEST 8 TCK;
SDR 320 TDI (84210842108421084210842108421084210842108421084210842108421084210842108421084210);
SIR 10 TDI (01A);
RUNTEST 8 TCK;
SDR 320 TDI (84210842108421084210842108421084210842108421084210842108421084210842108421084210);
SIR 10 TDI (036);
RUNTEST 18 TCK;
SIR 10 TDI (022);
RUNTEST 8 TCK;
SDR 64 TDI (FFFFFFFFFFFFFFFF) TDO (FFFFFFFFFFFFFFFF) MASK (FFFFFFFFFFFFFFFF);
SIR 10 TDI (032);
RUNTEST 18 TCK;
SIR 10 TDI (022);
RUNTEST 8 TCK;
SDR 64 TDI (FFFFFFFFFFFFFFFF) TDO (FFFFFFFFFFFFFFFF);
SIR 10 TDI (016);
RUNTEST 8 TCK;
SDR 320 TDI (42108421084210842108421084210842108421084210842108421084210842108421084210842108);
SIR 10 TDI (036);
RUNTEST 18 TCK;
SIR 10 TDI (022);
RUNTEST 8 TCK;
SDR 64 TDI (FFFFFFFFFFFFFFFF) TDO (FFFF7FFFFFFFFFFF) MASK (FFFFFFFFFFFFFFFF);
SIR 10 TDI (032);
RUNTEST 18 TCK;
SIR 10 TDI (022);
RUNTEST 8 TCK;
SDR 64 TDI (FFFFFFFFFFFFFFFF) TDO (FFFF7FFFFFFFFFFF);
SIR 10 TDI (016);
RUNTEST 8 TCK;
SDR 320 TDI (21084210842108421084210842108421084210842108421084210842108421084210842108421084);
SIR 10 TDI (036);
RUNTEST 18 TCK;
SIR 10 TDI (022);
RUNTEST 8 TCK;
SDR 64 TDI (FFFFFFFFFFFFFFFF) TDO (1057DFFEDEFE7BFD) MASK (FFFFFFFFFFFFFFFF);
SIR 10 TDI (032);
RUNTEST 18 TCK;
SIR 10 TDI (022);
RUNTEST 8 TCK;
SDR 64 TDI (FFFFFFFFFFFFFFFF) TDO (1057DFFEDEFE7BFD);
SIR 10 TDI (016);
RUNTEST 8 TCK;
SDR 320 TDI (10842108421084210842108421084210842108421084210842108421084210842108421084210842);
SIR 10 TDI (036);
RUNTEST 18 TCK;
SIR 10 TDI (022);
RUNTEST 8 TCK;
SDR 64 TDI (FFFFFFFFFFFFFFFF) TDO (FFFFFFFFFFFFFFFF) MASK (FFFFFFFFFFFFFFFF);
SIR 10 TDI (032);
RUNTEST 18 TCK;
SIR 10 TDI (022);
RUNTEST 8 TCK;
SDR 64 TDI (FFFFFFFFFFFFFFFF) TDO (FFFFFFFFFFFFFFFF);
SIR 10 TDI (016);
RUNTEST 8 TCK;
SDR 320 TDI (08421084210842108421084210842108421084210842108421084210842108421084210842108421);
SIR 10 TDI (036);
RUNTEST 18 TCK;
SIR 10 TDI (022);
RUNTEST 8 TCK;
SDR 64 TDI (FFFFFFFFFFFFFFFF) TDO (0053DFEE80D11BFD) MASK (FFFFFFFFFFFFFFFF);
SIR 10 TDI (032);
RUNTEST 18 TCK;
SIR 10 TDI (022);
RUNTEST 8 TCK;
SDR 64 TDI (FFFFFFFFFFFFFFFF) TDO (0053DFEE80D11BFD);
SIR 10 TDI (036);
RUNTEST 18 TCK;
SIR 10 TDI (026);
RUNTEST 8 TCK;
SDR 64 TDI (FFFFFFFFFFFFFFFF) TDO (FFFFFFFFFFFFFAD6);
SIR 10 TDI (032);
RUNTEST 18 TCK;
SIR 10 TDI (026);
RUNTEST 8 TCK;
SDR 64 TDI (FFFFFFFFFFFFFFFF) TDO (FFFFFFFFFFFFFAD6);
SIR 10 TDI (01A);
RUNTEST 8 TCK;
SDR 320 TDI (42108421084210842108421084210842108421084210842108421084210842108421084210842108);
SIR 10 TDI (036);
RUNTEST 18 TCK;
SIR 10 TDI (026);
RUNTEST 8 TCK;
SDR 64 TDI (FFFFFFFFFFFFFFFF) TDO (FFFEFFFFFFFF1A5F) MASK (FFFFFFFFFFFFFFFF);
SIR 10 TDI (032);
RUNTEST 18 TCK;
SIR 10 TDI (026);
RUNTEST 8 TCK;
SDR 64 TDI (FFFFFFFFFFFFFFFF) TDO (FFFEFFFFFFFF1A5F);
SIR 10 TDI (01A);
RUNTEST 8 TCK;
SDR 320 TDI (21084210842108421084210842108421084210842108421084210842108421084210842108421084);
SIR 10 TDI (036);
RUNTEST 18 TCK;
SIR 10 TDI (026);
RUNTEST 8 TCK;
SDR 64 TDI (FFFFFFFFFFFFFFFF) TDO (5FFEFFFFFFFF1012) MASK (FFFFFFFFFFFFFFFF);
SIR 10 TDI (032);
RUNTEST 18 TCK;
SIR 10 TDI (026);
RUNTEST 8 TCK;
SDR 64 TDI (FFFFFFFFFFFFFFFF) TDO (5FFEFFFFFFFF1012);
SIR 10 TDI (01A);
RUNTEST 8 TCK;
SDR 320 TDI (10842108421084210842108421084210842108421084210842108421084210842108421084210842);
SIR 10 TDI (036);
RUNTEST 18 TCK;
SIR 10 TDI (026);
RUNTEST 8 TCK;
SDR 64 TDI (FFFFFFFFFFFFFFFF) TDO (FFFFFFFFFFFFFAD6) MASK (FFFFFFFFFFFFFFFF);
SIR 10 TDI (032);
RUNTEST 18 TCK;
SIR 10 TDI (026);
RUNTEST 8 TCK;
SDR 64 TDI (FFFFFFFFFFFFFFFF) TDO (FFFFFFFFFFFFFAD6);
SIR 10 TDI (01A);
RUNTEST 8 TCK;
SDR 320 TDI (08421084210842108421084210842108421084210842108421084210842108421084210842108421);
SIR 10 TDI (036);
RUNTEST 18 TCK;
SIR 10 TDI (026);
RUNTEST 8 TCK;
SDR 64 TDI (FFFFFFFFFFFFFFFF) TDO (57F2FFFBFE5F1002) MASK (FFFFFFFFFFFFFFFF);
SIR 10 TDI (032);
RUNTEST 18 TCK;
SIR 10 TDI (026);
RUNTEST 8 TCK;
SDR 64 TDI (FFFFFFFFFFFFFFFF) TDO (57F2FFFBFE5F1002);
SIR 10 TDI (01E);
RUNTEST 8 TCK;
SDR 273 TDI (000000008000000000000000000000000000000000000000040000000000000000000);
SIR 10 TDI (012);
RUNTEST 8 TCK;
SIR 10 TDI (016);
RUNTEST 8 TCK;
SDR 320 TDI (84210842108421084210842108421084210842108421084210842108421084210842108421084210);
SIR 10 TDI (01A);
RUNTEST 8 TCK;
SDR 320 TDI (84210842108421084210842108421084210842108421084210842108421084210842108421084210);
SIR 10 TDI (036);
RUNTEST 18 TCK;
SIR 10 TDI (022);
RUNTEST 8 TCK;
SDR 64 TDI (FFFFFFFFFFFFFFFF) TDO (FFFFFFFFFFFFFFFF) MASK (FFFFFFFFFFFFFFFF);
SIR 10 TDI (032);
RUNTEST 18 TCK;
SIR 10 TDI (022);
RUNTEST 8 TCK;
SDR 64 TDI (FFFFFFFFFFFFFFFF) TDO (FFFFFFFFFFFFFFFF);
SIR 10 TDI (016);
RUNTEST 8 TCK;
SDR 320 TDI (42108421084210842108421084210842108421084210842108421084210842108421084210842108);
SIR 10 TDI (036);
RUNTEST 18 TCK;
SIR 10 TDI (022);
RUNTEST 8 TCK;
SDR 64 TDI (FFFFFFFFFFFFFFFF) TDO (FEFF7FFFEFFFFFFF) MASK (FFFFFFFFFFFFFFFF);
SIR 10 TDI (032);
RUNTEST 18 TCK;
SIR 10 TDI (022);
RUNTEST 8 TCK;
SDR 64 TDI (FFFFFFFFFFFFFFFF) TDO (FEFF7FFFEFFFFFFF);
SIR 10 TDI (016);
RUNTEST 8 TCK;
SDR 320 TDI (21084210842108421084210842108421084210842108421084210842108421084210842108421084);
SIR 10 TDI (036);
RUNTEST 18 TCK;
SIR 10 TDI (022);
RUNTEST 8 TCK;
SDR 64 TDI (FFFFFFFFFFFFFFFF) TDO (1057DFFEDEFF79FD) MASK (FFFFFFFFFFFFFFFF);
SIR 10 TDI (032);
RUNTEST 18 TCK;
SIR 10 TDI (022);
RUNTEST 8 TCK;
SDR 64 TDI (FFFFFFFFFFFFFFFF) TDO (1057DFFEDEFF79FD);
SIR 10 TDI (016);
RUNTEST 8 TCK;
SDR 320 TDI (10842108421084210842108421084210842108421084210842108421084210842108421084210842);
SIR 10 TDI (036);
RUNTEST 18 TCK;
SIR 10 TDI (022);
RUNTEST 8 TCK;
SDR 64 TDI (FFFFFFFFFFFFFFFF) TDO (FFFFFFFFFFFFFFFF) MASK (FFFFFFFFFFFFFFFF);
SIR 10 TDI (032);
RUNTEST 18 TCK;
SIR 10 TDI (022);
RUNTEST 8 TCK;
SDR 64 TDI (FFFFFFFFFFFFFFFF) TDO (FFFFFFFFFFFFFFFF);
SIR 10 TDI (016);
RUNTEST 8 TCK;
SDR 320 TDI (08421084210842108421084210842108421084210842108421084210842108421084210842108421);
SIR 10 TDI (036);
RUNTEST 18 TCK;
SIR 10 TDI (022);
RUNTEST 8 TCK;
SDR 64 TDI (FFFFFFFFFFFFFFFF) TDO (0053DFEE80D11BFD) MASK (FFFFFFFFFFFFFFFF);
SIR 10 TDI (032);
RUNTEST 18 TCK;
SIR 10 TDI (022);
RUNTEST 8 TCK;
SDR 64 TDI (FFFFFFFFFFFFFFFF) TDO (0053DFEE80D11BFD);
SIR 10 TDI (036);
RUNTEST 18 TCK;
SIR 10 TDI (026);
RUNTEST 8 TCK;
SDR 64 TDI (FFFFFFFFFFFFFFFF) TDO (FFFFFFFFFFFFFFFF);
SIR 10 TDI (032);
RUNTEST 18 TCK;
SIR 10 TDI (026);
RUNTEST 8 TCK;
SDR 64 TDI (FFFFFFFFFFFFFFFF) TDO (FFFFFFFFFFFFFFFF);
SIR 10 TDI (01A);
RUNTEST 8 TCK;
SDR 320 TDI (42108421084210842108421084210842108421084210842108421084210842108421084210842108);
SIR 10 TDI (036);
RUNTEST 18 TCK;
SIR 10 TDI (026);
RUNTEST 8 TCK;
SDR 64 TDI (FFFFFFFFFFFFFFFF) TDO (FFFEFFFFFFFFFFFF) MASK (FFFFFFFFFFFFFFFF);
SIR 10 TDI (032);
RUNTEST 18 TCK;
SIR 10 TDI (026);
RUNTEST 8 TCK;
SDR 64 TDI (FFFFFFFFFFFFFFFF) TDO (FFFEFFFFFFFFFFFF);
SIR 10 TDI (01A);
RUNTEST 8 TCK;
SDR 320 TDI (21084210842108421084210842108421084210842108421084210842108421084210842108421084);
SIR 10 TDI (036);
RUNTEST 18 TCK;
SIR 10 TDI (026);
RUNTEST 8 TCK;
SDR 64 TDI (FFFFFFFFFFFFFFFF) TDO (5FFEFFFFFFFF173B) MASK (FFFFFFFFFFFFFFFF);
SIR 10 TDI (032);
RUNTEST 18 TCK;
SIR 10 TDI (026);
RUNTEST 8 TCK;
SDR 64 TDI (FFFFFFFFFFFFFFFF) TDO (5FFEFFFFFFFF173B);
SIR 10 TDI (01A);
RUNTEST 8 TCK;
SDR 320 TDI (10842108421084210842108421084210842108421084210842108421084210842108421084210842);
SIR 10 TDI (036);
RUNTEST 18 TCK;
SIR 10 TDI (026);
RUNTEST 8 TCK;
SDR 64 TDI (FFFFFFFFFFFFFFFF) TDO (FFFFFFFFFFFFFFFF) MASK (FFFFFFFFFFFFFFFF);
SIR 10 TDI (032);
RUNTEST 18 TCK;
SIR 10 TDI (026);
RUNTEST 8 TCK;
SDR 64 TDI (FFFFFFFFFFFFFFFF) TDO (FFFFFFFFFFFFFFFF);
SIR 10 TDI (01A);
RUNTEST 8 TCK;
SDR 320 TDI (08421084210842108421084210842108421084210842108421084210842108421084210842108421);
SIR 10 TDI (036);
RUNTEST 18 TCK;
SIR 10 TDI (026);
RUNTEST 8 TCK;
SDR 64 TDI (FFFFFFFFFFFFFFFF) TDO (57F2FFFBFE5F152B) MASK (FFFFFFFFFFFFFFFF);
SIR 10 TDI (032);
RUNTEST 18 TCK;
SIR 10 TDI (026);
RUNTEST 8 TCK;
SDR 64 TDI (FFFFFFFFFFFFFFFF) TDO (57F2FFFBFE5F152B);
SIR 10 TDI (01E);
RUNTEST 8 TCK;
SDR 273 TDI (000000004000000000000000000000000000000000000000020000000000000000000);
SIR 10 TDI (012);
RUNTEST 8 TCK;
SIR 10 TDI (016);
RUNTEST 8 TCK;
SDR 320 TDI (84210842108421084210842108421084210842108421084210842108421084210842108421084210);
SIR 10 TDI (01A);
RUNTEST 8 TCK;
SDR 320 TDI (84210842108421084210842108421084210842108421084210842108421084210842108421084210);
SIR 10 TDI (036);
RUNTEST 18 TCK;
SIR 10 TDI (022);
RUNTEST 8 TCK;
SDR 64 TDI (FFFFFFFFFFFFFFFF) TDO (FFFFFFFFFFFFFFFF) MASK (FFFFFFFFFFFFFFFF);
SIR 10 TDI (032);
RUNTEST 18 TCK;
SIR 10 TDI (022);
RUNTEST 8 TCK;
SDR 64 TDI (FFFFFFFFFFFFFFFF) TDO (FFFFFFFFFFFFFFFF);
SIR 10 TDI (016);
RUNTEST 8 TCK;
SDR 320 TDI (42108421084210842108421084210842108421084210842108421084210842108421084210842108);
SIR 10 TDI (036);
RUNTEST 18 TCK;
SIR 10 TDI (022);
RUNTEST 8 TCK;
SDR 64 TDI (FFFFFFFFFFFFFFFF) TDO (FFFFFFFFFFFFFFFF) MASK (FFFFFFFFFFFFFFFF);
SIR 10 TDI (032);
RUNTEST 18 TCK;
SIR 10 TDI (022);
RUNTEST 8 TCK;
SDR 64 TDI (FFFFFFFFFFFFFFFF) TDO (FFFFFFFFFFFFFFFF);
SIR 10 TDI (016);
RUNTEST 8 TCK;
SDR 320 TDI (21084210842108421084210842108421084210842108421084210842108421084210842108421084);
SIR 10 TDI (036);
RUNTEST 18 TCK;
SIR 10 TDI (022);
RUNTEST 8 TCK;
SDR 64 TDI (FFFFFFFFFFFFFFFF) TDO (1057DFFEDEFF7BFD) MASK (FFFFFFFFFFFFFFFF);
SIR 10 TDI (032);
RUNTEST 18 TCK;
SIR 10 TDI (022);
RUNTEST 8 TCK;
SDR 64 TDI (FFFFFFFFFFFFFFFF) TDO (1057DFFEDEFF7BFD);
SIR 10 TDI (016);
RUNTEST 8 TCK;
SDR 320 TDI (10842108421084210842108421084210842108421084210842108421084210842108421084210842);
SIR 10 TDI (036);
RUNTEST 18 TCK;
SIR 10 TDI (022);
RUNTEST 8 TCK;
SDR 64 TDI (FFFFFFFFFFFFFFFF) TDO (FFFF7FFFFFFFFFFF) MASK (FFFFFFFFFFFFFFFF);
SIR 10 TDI (032);
RUNTEST 18 TCK;
SIR 10 TDI (022);
RUNTEST 8 TCK;
SDR 64 TDI (FFFFFFFFFFFFFFFF) TDO (FFFF7FFFFFFFFFFF);
SIR 10 TDI (016);
RUNTEST 8 TCK;
SDR 320 TDI (08421084210842108421084210842108421084210842108421084210842108421084210842108421);
SIR 10 TDI (036);
RUNTEST 18 TCK;
SIR 10 TDI (022);
RUNTEST 8 TCK;
SDR 64 TDI (FFFFFFFFFFFFFFFF) TDO (0053DFEE80D11BFD) MASK (FFFFFFFFFFFFFFFF);
SIR 10 TDI (032);
RUNTEST 18 TCK;
SIR 10 TDI (022);
RUNTEST 8 TCK;
SDR 64 TDI (FFFFFFFFFFFFFFFF) TDO (0053DFEE80D11BFD);
SIR 10 TDI (036);
RUNTEST 18 TCK;
SIR 10 TDI (026);
RUNTEST 8 TCK;
SDR 64 TDI (FFFFFFFFFFFFFFFF) TDO (FFFFFFFFFFFFFFFF);
SIR 10 TDI (032);
RUNTEST 18 TCK;
SIR 10 TDI (026);
RUNTEST 8 TCK;
SDR 64 TDI (FFFFFFFFFFFFFFFF) TDO (FFFFFFFFFFFFFFFF);
SIR 10 TDI (01A);
RUNTEST 8 TCK;
SDR 320 TDI (42108421084210842108421084210842108421084210842108421084210842108421084210842108);
SIR 10 TDI (036);
RUNTEST 18 TCK;
SIR 10 TDI (026);
RUNTEST 8 TCK;
SDR 64 TDI (FFFFFFFFFFFFFFFF) TDO (FFFEFFFFFFFFFFFF) MASK (FFFFFFFFFFFFFFFF);
SIR 10 TDI (032);
RUNTEST 18 TCK;
SIR 10 TDI (026);
RUNTEST 8 TCK;
SDR 64 TDI (FFFFFFFFFFFFFFFF) TDO (FFFEFFFFFFFFFFFF);
SIR 10 TDI (01A);
RUNTEST 8 TCK;
SDR 320 TDI (21084210842108421084210842108421084210842108421084210842108421084210842108421084);
SIR 10 TDI (036);
RUNTEST 18 TCK;
SIR 10 TDI (026);
RUNTEST 8 TCK;
SDR 64 TDI (FFFFFFFFFFFFFFFF) TDO (1E5CFA8F57FF172B) MASK (FFFFFFFFFFFFFFFF);
SIR 10 TDI (032);
RUNTEST 18 TCK;
SIR 10 TDI (026);
RUNTEST 8 TCK;
SDR 64 TDI (FFFFFFFFFFFFFFFF) TDO (1E5CFA8F57FF172B);
SIR 10 TDI (01A);
RUNTEST 8 TCK;
SDR 320 TDI (10842108421084210842108421084210842108421084210842108421084210842108421084210842);
SIR 10 TDI (036);
RUNTEST 18 TCK;
SIR 10 TDI (026);
RUNTEST 8 TCK;
SDR 64 TDI (FFFFFFFFFFFFFFFF) TDO (FFFFFFFFFFFFFFFF) MASK (FFFFFFFFFFFFFFFF);
SIR 10 TDI (032);
RUNTEST 18 TCK;
SIR 10 TDI (026);
RUNTEST 8 TCK;
SDR 64 TDI (FFFFFFFFFFFFFFFF) TDO (FFFFFFFFFFFFFFFF);
SIR 10 TDI (01A);
RUNTEST 8 TCK;
SDR 320 TDI (08421084210842108421084210842108421084210842108421084210842108421084210842108421);
SIR 10 TDI (036);
RUNTEST 18 TCK;
SIR 10 TDI (026);
RUNTEST 8 TCK;
SDR 64 TDI (FFFFFFFFFFFFFFFF) TDO (57F2FFFBFE5F152B) MASK (FFFFFFFFFFFFFFFF);
SIR 10 TDI (032);
RUNTEST 18 TCK;
SIR 10 TDI (026);
RUNTEST 8 TCK;
SDR 64 TDI (FFFFFFFFFFFFFFFF) TDO (57F2FFFBFE5F152B);
SIR 10 TDI (01E);
RUNTEST 8 TCK;
SDR 273 TDI (000000002000000000000000000000000000000000000000010000000000000000000);
SIR 10 TDI (012);
RUNTEST 8 TCK;
SIR 10 TDI (016);
RUNTEST 8 TCK;
SDR 320 TDI (84210842108421084210842108421084210842108421084210842108421084210842108421084210);
SIR 10 TDI (01A);
RUNTEST 8 TCK;
SDR 320 TDI (84210842108421084210842108421084210842108421084210842108421084210842108421084210);
SIR 10 TDI (036);
RUNTEST 18 TCK;
SIR 10 TDI (022);
RUNTEST 8 TCK;
SDR 64 TDI (FFFFFFFFFFFFFFFF) TDO (FFFFFFFFFFFFFFFF) MASK (FFFFFFFFFFFFFFFF);
SIR 10 TDI (032);
RUNTEST 18 TCK;
SIR 10 TDI (022);
RUNTEST 8 TCK;
SDR 64 TDI (FFFFFFFFFFFFFFFF) TDO (FFFFFFFFFFFFFFFF);
SIR 10 TDI (016);
RUNTEST 8 TCK;
SDR 320 TDI (42108421084210842108421084210842108421084210842108421084210842108421084210842108);
SIR 10 TDI (036);
RUNTEST 18 TCK;
SIR 10 TDI (022);
RUNTEST 8 TCK;
SDR 64 TDI (FFFFFFFFFFFFFFFF) TDO (FFADFFFFFFFFFFFF) MASK (FFFFFFFFFFFFFFFF);
SIR 10 TDI (032);
RUNTEST 18 TCK;
SIR 10 TDI (022);
RUNTEST 8 TCK;
SDR 64 TDI (FFFFFFFFFFFFFFFF) TDO (FFADFFFFFFFFFFFF);
SIR 10 TDI (016);
RUNTEST 8 TCK;
SDR 320 TDI (21084210842108421084210842108421084210842108421084210842108421084210842108421084);
SIR 10 TDI (036);
RUNTEST 18 TCK;
SIR 10 TDI (022);
RUNTEST 8 TCK;
SDR 64 TDI (FFFFFFFFFFFFFFFF) TDO (1057DFFEDE7F5BFD) MASK (FFFFFFFFFFFFFFFF);
SIR 10 TDI (032);
RUNTEST 18 TCK;
SIR 10 TDI (022);
RUNTEST 8 TCK;
SDR 64 TDI (FFFFFFFFFFFFFFFF) TDO (1057DFFEDE7F5BFD);
SIR 10 TDI (016);
RUNTEST 8 TCK;
SDR 320 TDI (10842108421084210842108421084210842108421084210842108421084210842108421084210842);
SIR 10 TDI (036);
RUNTEST 18 TCK;
SIR 10 TDI (022);
RUNTEST 8 TCK;
SDR 64 TDI (FFFFFFFFFFFFFFFF) TDO (FFFFFFFFFFFFFFFF) MASK (FFFFFFFFFFFFFFFF);
SIR 10 TDI (032);
RUNTEST 18 TCK;
SIR 10 TDI (022);
RUNTEST 8 TCK;
SDR 64 TDI (FFFFFFFFFFFFFFFF) TDO (FFFFFFFFFFFFFFFF);
SIR 10 TDI (016);
RUNTEST 8 TCK;
SDR 320 TDI (08421084210842108421084210842108421084210842108421084210842108421084210842108421);
SIR 10 TDI (036);
RUNTEST 18 TCK;
SIR 10 TDI (022);
RUNTEST 8 TCK;
SDR 64 TDI (FFFFFFFFFFFFFFFF) TDO (0001DFEE80511BFD) MASK (FFFFFFFFFFFFFFFF);
SIR 10 TDI (032);
RUNTEST 18 TCK;
SIR 10 TDI (022);
RUNTEST 8 TCK;
SDR 64 TDI (FFFFFFFFFFFFFFFF) TDO (0001DFEE80511BFD);
SIR 10 TDI (036);
RUNTEST 18 TCK;
SIR 10 TDI (026);
RUNTEST 8 TCK;
SDR 64 TDI (FFFFFFFFFFFFFFFF) TDO (FFFFFFFFFFFFFFFF);
SIR 10 TDI (032);
RUNTEST 18 TCK;
SIR 10 TDI (026);
RUNTEST 8 TCK;
SDR 64 TDI (FFFFFFFFFFFFFFFF) TDO (FFFFFFFFFFFFFFFF);
SIR 10 TDI (01A);
RUNTEST 8 TCK;
SDR 320 TDI (42108421084210842108421084210842108421084210842108421084210842108421084210842108);
SIR 10 TDI (036);
RUNTEST 18 TCK;
SIR 10 TDI (026);
RUNTEST 8 TCK;
SDR 64 TDI (FFFFFFFFFFFFFFFF) TDO (FFFEDFFFFFFFFFFF) MASK (FFFFFFFFFFFFFFFF);
SIR 10 TDI (032);
RUNTEST 18 TCK;
SIR 10 TDI (026);
RUNTEST 8 TCK;
SDR 64 TDI (FFFFFFFFFFFFFFFF) TDO (FFFEDFFFFFFFFFFF);
SIR 10 TDI (01A);
RUNTEST 8 TCK;
SDR 320 TDI (21084210842108421084210842108421084210842108421084210842108421084210842108421084);
SIR 10 TDI (036);
RUNTEST 18 TCK;
SIR 10 TDI (026);
RUNTEST 8 TCK;
SDR 64 TDI (FFFFFFFFFFFFFFFF) TDO (5FFEFFFFFFFF173B) MASK (FFFFFFFFFFFFFFFF);
SIR 10 TDI (032);
RUNTEST 18 TCK;
SIR 10 TDI (026);
RUNTEST 8 TCK;
SDR 64 TDI (FFFFFFFFFFFFFFFF) TDO (5FFEFFFFFFFF173B);
SIR 10 TDI (01A);
RUNTEST 8 TCK;
SDR 320 TDI (10842108421084210842108421084210842108421084210842108421084210842108421084210842);
SIR 10 TDI (036);
RUNTEST 18 TCK;
SIR 10 TDI (026);
RUNTEST 8 TCK;
SDR 64 TDI (FFFFFFFFFFFFFFFF) TDO (FFFFFFFFF7FFFFFF) MASK (FFFFFFFFFFFFFFFF);
SIR 10 TDI (032);
RUNTEST 18 TCK;
SIR 10 TDI (026);
RUNTEST 8 TCK;
SDR 64 TDI (FFFFFFFFFFFFFFFF) TDO (FFFFFFFFF7FFFFFF);
SIR 10 TDI (01A);
RUNTEST 8 TCK;
SDR 320 TDI (08421084210842108421084210842108421084210842108421084210842108421084210842108421);
SIR 10 TDI (036);
RUNTEST 18 TCK;
SIR 10 TDI (026);
RUNTEST 8 TCK;
SDR 64 TDI (FFFFFFFFFFFFFFFF) TDO (57D0DFFBFE5F152B) MASK (FFFFFFFFFFFFFFFF);
SIR 10 TDI (032);
RUNTEST 18 TCK;
SIR 10 TDI (026);
RUNTEST 8 TCK;
SDR 64 TDI (FFFFFFFFFFFFFFFF) TDO (57D0DFFBFE5F152B);
SIR 10 TDI (01E);
RUNTEST 8 TCK;
SDR 273 TDI (000000001000000000000000000000000000000000000000008000000000000000000);
SIR 10 TDI (012);
RUNTEST 8 TCK;
SIR 10 TDI (016);
RUNTEST 8 TCK;
SDR 320 TDI (84210842108421084210842108421084210842108421084210842108421084210842108421084210);
SIR 10 TDI (01A);
RUNTEST 8 TCK;
SDR 320 TDI (84210842108421084210842108421084210842108421084210842108421084210842108421084210);
SIR 10 TDI (036);
RUNTEST 18 TCK;
SIR 10 TDI (022);
RUNTEST 8 TCK;
SDR 64 TDI (FFFFFFFFFFFFFFFF) TDO (FFFFFFFFFFFFFFFF) MASK (FFFFFFFFFFFFFFFF);
SIR 10 TDI (032);
RUNTEST 18 TCK;
SIR 10 TDI (022);
RUNTEST 8 TCK;
SDR 64 TDI (FFFFFFFFFFFFFFFF) TDO (FFFFFFFFFFFFFFFF);
SIR 10 TDI (016);
RUNTEST 8 TCK;
SDR 320 TDI (42108421084210842108421084210842108421084210842108421084210842108421084210842108);
SIR 10 TDI (036);
RUNTEST 18 TCK;
SIR 10 TDI (022);
RUNTEST 8 TCK;
SDR 64 TDI (FFFFFFFFFFFFFFFF) TDO (FFFFFFFFFFFF9FFF) MASK (FFFFFFFFFFFFFFFF);
SIR 10 TDI (032);
RUNTEST 18 TCK;
SIR 10 TDI (022);
RUNTEST 8 TCK;
SDR 64 TDI (FFFFFFFFFFFFFFFF) TDO (FFFFFFFFFFFF9FFF);
SIR 10 TDI (016);
RUNTEST 8 TCK;
SDR 320 TDI (21084210842108421084210842108421084210842108421084210842108421084210842108421084);
SIR 10 TDI (036);
RUNTEST 18 TCK;
SIR 10 TDI (022);
RUNTEST 8 TCK;
SDR 64 TDI (FFFFFFFFFFFFFFFF) TDO (1057DFFEDEFF7BFD) MASK (FFFFFFFFFFFFFFFF);
SIR 10 TDI (032);
RUNTEST 18 TCK;
SIR 10 TDI (022);
RUNTEST 8 TCK;
SDR 64 TDI (FFFFFFFFFFFFFFFF) TDO (1057DFFEDEFF7BFD);
SIR 10 TDI (016);
RUNTEST 8 TCK;
SDR 320 TDI (10842108421084210842108421084210842108421084210842108421084210842108421084210842);
SIR 10 TDI (036);
RUNTEST 18 TCK;
SIR 10 TDI (022);
RUNTEST 8 TCK;
SDR 64 TDI (FFFFFFFFFFFFFFFF) TDO (FFFFFFFFFFFFFFFF) MASK (FFFFFFFFFFFFFFFF);
SIR 10 TDI (032);
RUNTEST 18 TCK;
SIR 10 TDI (022);
RUNTEST 8 TCK;
SDR 64 TDI (FFFFFFFFFFFFFFFF) TDO (FFFFFFFFFFFFFFFF);
SIR 10 TDI (016);
RUNTEST 8 TCK;
SDR 320 TDI (08421084210842108421084210842108421084210842108421084210842108421084210842108421);
SIR 10 TDI (036);
RUNTEST 18 TCK;
SIR 10 TDI (022);
RUNTEST 8 TCK;
SDR 64 TDI (FFFFFFFFFFFFFFFF) TDO (0053DFEE80D01BFD) MASK (FFFFFFFFFFFFFFFF);
SIR 10 TDI (032);
RUNTEST 18 TCK;
SIR 10 TDI (022);
RUNTEST 8 TCK;
SDR 64 TDI (FFFFFFFFFFFFFFFF) TDO (0053DFEE80D01BFD);
SIR 10 TDI (036);
RUNTEST 18 TCK;
SIR 10 TDI (026);
RUNTEST 8 TCK;
SDR 64 TDI (FFFFFFFFFFFFFFFF) TDO (FFFDFFFFFFFFFFFF);
SIR 10 TDI (032);
RUNTEST 18 TCK;
SIR 10 TDI (026);
RUNTEST 8 TCK;
SDR 64 TDI (FFFFFFFFFFFFFFFF) TDO (FFFDFFFFFFFFFFFF);
SIR 10 TDI (01A);
RUNTEST 8 TCK;
SDR 320 TDI (42108421084210842108421084210842108421084210842108421084210842108421084210842108);
SIR 10 TDI (036);
RUNTEST 18 TCK;
SIR 10 TDI (026);
RUNTEST 8 TCK;
SDR 64 TDI (FFFFFFFFFFFFFFFF) TDO (BE5CFFFF57FFFFFF) MASK (FFFFFFFFFFFFFFFF);
SIR 10 TDI (032);
RUNTEST 18 TCK;
SIR 10 TDI (026);
RUNTEST 8 TCK;
SDR 64 TDI (FFFFFFFFFFFFFFFF) TDO (BE5CFFFF57FFFFFF);
SIR 10 TDI (01A);
RUNTEST 8 TCK;
SDR 320 TDI (21084210842108421084210842108421084210842108421084210842108421084210842108421084);
SIR 10 TDI (036);
RUNTEST 18 TCK;
SIR 10 TDI (026);
RUNTEST 8 TCK;
SDR 64 TDI (FFFFFFFFFFFFFFFF) TDO (5FFAFFFFFFFF173B) MASK (FFFFFFFFFFFFFFFF);
SIR 10 TDI (032);
RUNTEST 18 TCK;
SIR 10 TDI (026);
RUNTEST 8 TCK;
SDR 64 TDI (FFFFFFFFFFFFFFFF) TDO (5FFAFFFFFFFF173B);
SIR 10 TDI (01A);
RUNTEST 8 TCK;
SDR 320 TDI (10842108421084210842108421084210842108421084210842108421084210842108421084210842);
SIR 10 TDI (036);
RUNTEST 18 TCK;
SIR 10 TDI (026);
RUNTEST 8 TCK;
SDR 64 TDI (FFFFFFFFFFFFFFFF) TDO (BE5DFFFF5FFFFFEF) MASK (FFFFFFFFFFFFFFFF);
SIR 10 TDI (032);
RUNTEST 18 TCK;
SIR 10 TDI (026);
RUNTEST 8 TCK;
SDR 64 TDI (FFFFFFFFFFFFFFFF) TDO (BE5DFFFF5FFFFFEF);
SIR 10 TDI (01A);
RUNTEST 8 TCK;
SDR 320 TDI (08421084210842108421084210842108421084210842108421084210842108421084210842108421);
SIR 10 TDI (036);
RUNTEST 18 TCK;
SIR 10 TDI (026);
RUNTEST 8 TCK;
SDR 64 TDI (FFFFFFFFFFFFFFFF) TDO (1672FFFB565F152B) MASK (FFFFFFFFFFFFFFFF);
SIR 10 TDI (032);
RUNTEST 18 TCK;
SIR 10 TDI (026);
RUNTEST 8 TCK;
SDR 64 TDI (FFFFFFFFFFFFFFFF) TDO (1672FFFB565F152B);
SIR 10 TDI (01E);
RUNTEST 8 TCK;
SDR 273 TDI (000000000800000000000000000000000000000000000000004000000000000000000);
SIR 10 TDI (012);
RUNTEST 8 TCK;
SIR 10 TDI (016);
RUNTEST 8 TCK;
SDR 320 TDI (84210842108421084210842108421084210842108421084210842108421084210842108421084210);
SIR 10 TDI (01A);
RUNTEST 8 TCK;
SDR 320 TDI (84210842108421084210842108421084210842108421084210842108421084210842108421084210);
SIR 10 TDI (036);
RUNTEST 18 TCK;
SIR 10 TDI (022);
RUNTEST 8 TCK;
SDR 64 TDI (FFFFFFFFFFFFFFFF) TDO (FFFFFFFFFFFFFFFF) MASK (FFFFFFFFFFFFFFFF);
SIR 10 TDI (032);
RUNTEST 18 TCK;
SIR 10 TDI (022);
RUNTEST 8 TCK;
SDR 64 TDI (FFFFFFFFFFFFFFFF) TDO (FFFFFFFFFFFFFFFF);
SIR 10 TDI (016);
RUNTEST 8 TCK;
SDR 320 TDI (42108421084210842108421084210842108421084210842108421084210842108421084210842108);
SIR 10 TDI (036);
RUNTEST 18 TCK;
SIR 10 TDI (022);
RUNTEST 8 TCK;
SDR 64 TDI (FFFFFFFFFFFFFFFF) TDO (FFF7FFBFFEFFBFFF) MASK (FFFFFFFFFFFFFFFF);
SIR 10 TDI (032);
RUNTEST 18 TCK;
SIR 10 TDI (022);
RUNTEST 8 TCK;
SDR 64 TDI (FFFFFFFFFFFFFFFF) TDO (FFF7FFBFFEFFBFFF);
SIR 10 TDI (016);
RUNTEST 8 TCK;
SDR 320 TDI (21084210842108421084210842108421084210842108421084210842108421084210842108421084);
SIR 10 TDI (036);
RUNTEST 18 TCK;
SIR 10 TDI (022);
RUNTEST 8 TCK;
SDR 64 TDI (FFFFFFFFFFFFFFFF) TDO (1057DFFEDEFF7BFD) MASK (FFFFFFFFFFFFFFFF);
SIR 10 TDI (032);
RUNTEST 18 TCK;
SIR 10 TDI (022);
RUNTEST 8 TCK;
SDR 64 TDI (FFFFFFFFFFFFFFFF) TDO (1057DFFEDEFF7BFD);
SIR 10 TDI (016);
RUNTEST 8 TCK;
SDR 320 TDI (10842108421084210842108421084210842108421084210842108421084210842108421084210842);
SIR 10 TDI (036);
RUNTEST 18 TCK;
SIR 10 TDI (022);
RUNTEST 8 TCK;
SDR 64 TDI (FFFFFFFFFFFFFFFF) TDO (FFFFFFFFFFFFFFFE) MASK (FFFFFFFFFFFFFFFF);
SIR 10 TDI (032);
RUNTEST 18 TCK;
SIR 10 TDI (022);
RUNTEST 8 TCK;
SDR 64 TDI (FFFFFFFFFFFFFFFF) TDO (FFFFFFFFFFFFFFFE);
SIR 10 TDI (016);
RUNTEST 8 TCK;
SDR 320 TDI (08421084210842108421084210842108421084210842108421084210842108421084210842108421);
SIR 10 TDI (036);
RUNTEST 18 TCK;
SIR 10 TDI (022);
RUNTEST 8 TCK;
SDR 64 TDI (FFFFFFFFFFFFFFFF) TDO (0053DFEE80D119FD) MASK (FFFFFFFFFFFFFFFF);
SIR 10 TDI (032);
RUNTEST 18 TCK;
SIR 10 TDI (022);
RUNTEST 8 TCK;
SDR 64 TDI (FFFFFFFFFFFFFFFF) TDO (0053DFEE80D119FD);
SIR 10 TDI (036);
RUNTEST 18 TCK;
SIR 10 TDI (026);
RUNTEST 8 TCK;
SDR 64 TDI (FFFFFFFFFFFFFFFF) TDO (FFFFFFFFFFFFFFFF);
SIR 10 TDI (032);
RUNTEST 18 TCK;
SIR 10 TDI (026);
RUNTEST 8 TCK;
SDR 64 TDI (FFFFFFFFFFFFFFFF) TDO (FFFFFFFFFFFFFFFF);
SIR 10 TDI (01A);
RUNTEST 8 TCK;
SDR 320 TDI (42108421084210842108421084210842108421084210842108421084210842108421084210842108);
SIR 10 TDI (036);
RUNTEST 18 TCK;
SIR 10 TDI (026);
RUNTEST 8 TCK;
SDR 64 TDI (FFFFFFFFFFFFFFFF) TDO (FFFEFFF7F7FFFFFF) MASK (FFFFFFFFFFFFFFFF);
SIR 10 TDI (032);
RUNTEST 18 TCK;
SIR 10 TDI (026);
RUNTEST 8 TCK;
SDR 64 TDI (FFFFFFFFFFFFFFFF) TDO (FFFEFFF7F7FFFFFF);
SIR 10 TDI (01A);
RUNTEST 8 TCK;
SDR 320 TDI (21084210842108421084210842108421084210842108421084210842108421084210842108421084);
SIR 10 TDI (036);
RUNTEST 18 TCK;
SIR 10 TDI (026);
RUNTEST 8 TCK;
SDR 64 TDI (FFFFFFFFFFFFFFFF) TDO (5FFEFFFFFFFF163B) MASK (FFFFFFFFFFFFFFFF);
SIR 10 TDI (032);
RUNTEST 18 TCK;
SIR 10 TDI (026);
RUNTEST 8 TCK;
SDR 64 TDI (FFFFFFFFFFFFFFFF) TDO (5FFEFFFFFFFF163B);
SIR 10 TDI (01A);
RUNTEST 8 TCK;
SDR 320 TDI (10842108421084210842108421084210842108421084210842108421084210842108421084210842);
SIR 10 TDI (036);
RUNTEST 18 TCK;
SIR 10 TDI (026);
RUNTEST 8 TCK;
SDR 64 TDI (FFFFFFFFFFFFFFFF) TDO (FE7DFFFFFFFFFFFF) MASK (FFFFFFFFFFFFFFFF);
SIR 10 TDI (032);
RUNTEST 18 TCK;
SIR 10 TDI (026);
RUNTEST 8 TCK;
SDR 64 TDI (FFFFFFFFFFFFFFFF) TDO (FE7DFFFFFFFFFFFF);
SIR 10 TDI (01A);
RUNTEST 8 TCK;
SDR 320 TDI (08421084210842108421084210842108421084210842108421084210842108421084210842108421);
SIR 10 TDI (036);
RUNTEST 18 TCK;
SIR 10 TDI (026);
RUNTEST 8 TCK;
SDR 64 TDI (FFFFFFFFFFFFFFFF) TDO (17F2FFFBF65F152B) MASK (FFFFFFFFFFFFFFFF);
SIR 10 TDI (032);
RUNTEST 18 TCK;
SIR 10 TDI (026);
RUNTEST 8 TCK;
SDR 64 TDI (FFFFFFFFFFFFFFFF) TDO (17F2FFFBF65F152B);
SIR 10 TDI (01E);
RUNTEST 8 TCK;
SDR 273 TDI (000000000400000000000000000000000000000000000000002000000000000000000);
SIR 10 TDI (012);
RUNTEST 8 TCK;
SIR 10 TDI (016);
RUNTEST 8 TCK;
SDR 320 TDI (84210842108421084210842108421084210842108421084210842108421084210842108421084210);
SIR 10 TDI (01A);
RUNTEST 8 TCK;
SDR 320 TDI (84210842108421084210842108421084210842108421084210842108421084210842108421084210);
SIR 10 TDI (036);
RUNTEST 18 TCK;
SIR 10 TDI (022);
RUNTEST 8 TCK;
SDR 64 TDI (FFFFFFFFFFFFFFFF) TDO (FFFFFFFFFFFFFDFA) MASK (FFFFFFFFFFFFFFFF);
SIR 10 TDI (032);
RUNTEST 18 TCK;
SIR 10 TDI (022);
RUNTEST 8 TCK;
SDR 64 TDI (FFFFFFFFFFFFFFFF) TDO (FFFFFFFFFFFFFDFA);
SIR 10 TDI (016);
RUNTEST 8 TCK;
SDR 320 TDI (42108421084210842108421084210842108421084210842108421084210842108421084210842108);
SIR 10 TDI (036);
RUNTEST 18 TCK;
SIR 10 TDI (022);
RUNTEST 8 TCK;
SDR 64 TDI (FFFFFFFFFFFFFFFF) TDO (FFFFFFFFFFFFFBFF) MASK (FFFFFFFFFFFFFFFF);
SIR 10 TDI (032);
RUNTEST 18 TCK;
SIR 10 TDI (022);
RUNTEST 8 TCK;
SDR 64 TDI (FFFFFFFFFFFFFFFF) TDO (FFFFFFFFFFFFFBFF);
SIR 10 TDI (016);
RUNTEST 8 TCK;
SDR 320 TDI (21084210842108421084210842108421084210842108421084210842108421084210842108421084);
SIR 10 TDI (036);
RUNTEST 18 TCK;
SIR 10 TDI (022);
RUNTEST 8 TCK;
SDR 64 TDI (FFFFFFFFFFFFFFFF) TDO (1057DFFEDEFF79F9) MASK (FFFFFFFFFFFFFFFF);
SIR 10 TDI (032);
RUNTEST 18 TCK;
SIR 10 TDI (022);
RUNTEST 8 TCK;
SDR 64 TDI (FFFFFFFFFFFFFFFF) TDO (1057DFFEDEFF79F9);
SIR 10 TDI (016);
RUNTEST 8 TCK;
SDR 320 TDI (10842108421084210842108421084210842108421084210842108421084210842108421084210842);
SIR 10 TDI (036);
RUNTEST 18 TCK;
SIR 10 TDI (022);
RUNTEST 8 TCK;
SDR 64 TDI (FFFFFFFFFFFFFFFF) TDO (FFFFFFBFFFFFFDFB) MASK (FFFFFFFFFFFFFFFF);
SIR 10 TDI (032);
RUNTEST 18 TCK;
SIR 10 TDI (022);
RUNTEST 8 TCK;
SDR 64 TDI (FFFFFFFFFFFFFFFF) TDO (FFFFFFBFFFFFFDFB);
SIR 10 TDI (016);
RUNTEST 8 TCK;
SDR 320 TDI (08421084210842108421084210842108421084210842108421084210842108421084210842108421);
SIR 10 TDI (036);
RUNTEST 18 TCK;
SIR 10 TDI (022);
RUNTEST 8 TCK;
SDR 64 TDI (FFFFFFFFFFFFFFFF) TDO (0053DFEE80D11BF8) MASK (FFFFFFFFFFFFFFFF);
SIR 10 TDI (032);
RUNTEST 18 TCK;
SIR 10 TDI (022);
RUNTEST 8 TCK;
SDR 64 TDI (FFFFFFFFFFFFFFFF) TDO (0053DFEE80D11BF8);
SIR 10 TDI (036);
RUNTEST 18 TCK;
SIR 10 TDI (026);
RUNTEST 8 TCK;
SDR 64 TDI (FFFFFFFFFFFFFFFF) TDO (FFFFFFFFFFFFFFFF);
SIR 10 TDI (032);
RUNTEST 18 TCK;
SIR 10 TDI (026);
RUNTEST 8 TCK;
SDR 64 TDI (FFFFFFFFFFFFFFFF) TDO (FFFFFFFFFFFFFFFF);
SIR 10 TDI (01A);
RUNTEST 8 TCK;
SDR 320 TDI (42108421084210842108421084210842108421084210842108421084210842108421084210842108);
SIR 10 TDI (036);
RUNTEST 18 TCK;
SIR 10 TDI (026);
RUNTEST 8 TCK;
SDR 64 TDI (FFFFFFFFFFFFFFFF) TDO (BFFEFFFFFFFFFFFF) MASK (FFFFFFFFFFFFFFFF);
SIR 10 TDI (032);
RUNTEST 18 TCK;
SIR 10 TDI (026);
RUNTEST 8 TCK;
SDR 64 TDI (FFFFFFFFFFFFFFFF) TDO (BFFEFFFFFFFFFFFF);
SIR 10 TDI (01A);
RUNTEST 8 TCK;
SDR 320 TDI (21084210842108421084210842108421084210842108421084210842108421084210842108421084);
SIR 10 TDI (036);
RUNTEST 18 TCK;
SIR 10 TDI (026);
RUNTEST 8 TCK;
SDR 64 TDI (FFFFFFFFFFFFFFFF) TDO (5FFEFFFFFFFF173B) MASK (FFFFFFFFFFFFFFFF);
SIR 10 TDI (032);
RUNTEST 18 TCK;
SIR 10 TDI (026);
RUNTEST 8 TCK;
SDR 64 TDI (FFFFFFFFFFFFFFFF) TDO (5FFEFFFFFFFF173B);
SIR 10 TDI (01A);
RUNTEST 8 TCK;
SDR 320 TDI (10842108421084210842108421084210842108421084210842108421084210842108421084210842);
SIR 10 TDI (036);
RUNTEST 18 TCK;
SIR 10 TDI (026);
RUNTEST 8 TCK;
SDR 64 TDI (FFFFFFFFFFFFFFFF) TDO (FFFFFFFFFFFFFFFF) MASK (FFFFFFFFFFFFFFFF);
SIR 10 TDI (032);
RUNTEST 18 TCK;
SIR 10 TDI (026);
RUNTEST 8 TCK;
SDR 64 TDI (FFFFFFFFFFFFFFFF) TDO (FFFFFFFFFFFFFFFF);
SIR 10 TDI (01A);
RUNTEST 8 TCK;
SDR 320 TDI (08421084210842108421084210842108421084210842108421084210842108421084210842108421);
SIR 10 TDI (036);
RUNTEST 18 TCK;
SIR 10 TDI (026);
RUNTEST 8 TCK;
SDR 64 TDI (FFFFFFFFFFFFFFFF) TDO (57F2FFFBFE5F152B) MASK (FFFFFFFFFFFFFFFF);
SIR 10 TDI (032);
RUNTEST 18 TCK;
SIR 10 TDI (026);
RUNTEST 8 TCK;
SDR 64 TDI (FFFFFFFFFFFFFFFF) TDO (57F2FFFBFE5F152B);
SIR 10 TDI (01E);
RUNTEST 8 TCK;
SDR 273 TDI (000000000200000000000000000000000000000000000000001000000000000000000);
SIR 10 TDI (012);
RUNTEST 8 TCK;
SIR 10 TDI (016);
RUNTEST 8 TCK;
SDR 320 TDI (84210842108421084210842108421084210842108421084210842108421084210842108421084210);
SIR 10 TDI (01A);
RUNTEST 8 TCK;
SDR 320 TDI (84210842108421084210842108421084210842108421084210842108421084210842108421084210);
SIR 10 TDI (036);
RUNTEST 18 TCK;
SIR 10 TDI (022);
RUNTEST 8 TCK;
SDR 64 TDI (FFFFFFFFFFFFFFFF) TDO (FFFFFFFFFFFFFFFB) MASK (FFFFFFFFFFFFFFFF);
SIR 10 TDI (032);
RUNTEST 18 TCK;
SIR 10 TDI (022);
RUNTEST 8 TCK;
SDR 64 TDI (FFFFFFFFFFFFFFFF) TDO (FFFFFFFFFFFFFFFB);
SIR 10 TDI (016);
RUNTEST 8 TCK;
SDR 320 TDI (42108421084210842108421084210842108421084210842108421084210842108421084210842108);
SIR 10 TDI (036);
RUNTEST 18 TCK;
SIR 10 TDI (022);
RUNTEST 8 TCK;
SDR 64 TDI (FFFFFFFFFFFFFFFF) TDO (FFFFFFFFF7FFBBFF) MASK (FFFFFFFFFFFFFFFF);
SIR 10 TDI (032);
RUNTEST 18 TCK;
SIR 10 TDI (022);
RUNTEST 8 TCK;
SDR 64 TDI (FFFFFFFFFFFFFFFF) TDO (FFFFFFFFF7FFBBFF);
SIR 10 TDI (016);
RUNTEST 8 TCK;
SDR 320 TDI (21084210842108421084210842108421084210842108421084210842108421084210842108421084);
SIR 10 TDI (036);
RUNTEST 18 TCK;
SIR 10 TDI (022);
RUNTEST 8 TCK;
SDR 64 TDI (FFFFFFFFFFFFFFFF) TDO (1057DFFEDEFF7BF8) MASK (FFFFFFFFFFFFFFFF);
SIR 10 TDI (032);
RUNTEST 18 TCK;
SIR 10 TDI (022);
RUNTEST 8 TCK;
SDR 64 TDI (FFFFFFFFFFFFFFFF) TDO (1057DFFEDEFF7BF8);
SIR 10 TDI (016);
RUNTEST 8 TCK;
SDR 320 TDI (10842108421084210842108421084210842108421084210842108421084210842108421084210842);
SIR 10 TDI (036);
RUNTEST 18 TCK;
SIR 10 TDI (022);
RUNTEST 8 TCK;
SDR 64 TDI (FFFFFFFFFFFFFFFF) TDO (FFFFFFFFA9D5FDFF) MASK (FFFFFFFFFFFFFFFF);
SIR 10 TDI (032);
RUNTEST 18 TCK;
SIR 10 TDI (022);
RUNTEST 8 TCK;
SDR 64 TDI (FFFFFFFFFFFFFFFF) TDO (FFFFFFFFA9D5FDFF);
SIR 10 TDI (016);
RUNTEST 8 TCK;
SDR 320 TDI (08421084210842108421084210842108421084210842108421084210842108421084210842108421);
SIR 10 TDI (036);
RUNTEST 18 TCK;
SIR 10 TDI (022);
RUNTEST 8 TCK;
SDR 64 TDI (FFFFFFFFFFFFFFFF) TDO (0053DFEE80D119FC) MASK (FFFFFFFFFFFFFFFF);
SIR 10 TDI (032);
RUNTEST 18 TCK;
SIR 10 TDI (022);
RUNTEST 8 TCK;
SDR 64 TDI (FFFFFFFFFFFFFFFF) TDO (0053DFEE80D119FC);
SIR 10 TDI (036);
RUNTEST 18 TCK;
SIR 10 TDI (026);
RUNTEST 8 TCK;
SDR 64 TDI (FFFFFFFFFFFFFFFF) TDO (FFFFFFFFFFFFFFFF);
SIR 10 TDI (032);
RUNTEST 18 TCK;
SIR 10 TDI (026);
RUNTEST 8 TCK;
SDR 64 TDI (FFFFFFFFFFFFFFFF) TDO (FFFFFFFFFFFFFFFF);
SIR 10 TDI (01A);
RUNTEST 8 TCK;
SDR 320 TDI (42108421084210842108421084210842108421084210842108421084210842108421084210842108);
SIR 10 TDI (036);
RUNTEST 18 TCK;
SIR 10 TDI (026);
RUNTEST 8 TCK;
SDR 64 TDI (FFFFFFFFFFFFFFFF) TDO (F7FEFFFBFE5FFFFF) MASK (FFFFFFFFFFFFFFFF);
SIR 10 TDI (032);
RUNTEST 18 TCK;
SIR 10 TDI (026);
RUNTEST 8 TCK;
SDR 64 TDI (FFFFFFFFFFFFFFFF) TDO (F7FEFFFBFE5FFFFF);
SIR 10 TDI (01A);
RUNTEST 8 TCK;
SDR 320 TDI (21084210842108421084210842108421084210842108421084210842108421084210842108421084);
SIR 10 TDI (036);
RUNTEST 18 TCK;
SIR 10 TDI (026);
RUNTEST 8 TCK;
SDR 64 TDI (FFFFFFFFFFFFFFFF) TDO (5FFEFFFFFFFF173B) MASK (FFFFFFFFFFFFFFFF);
SIR 10 TDI (032);
RUNTEST 18 TCK;
SIR 10 TDI (026);
RUNTEST 8 TCK;
SDR 64 TDI (FFFFFFFFFFFFFFFF) TDO (5FFEFFFFFFFF173B);
SIR 10 TDI (01A);
RUNTEST 8 TCK;
SDR 320 TDI (10842108421084210842108421084210842108421084210842108421084210842108421084210842);
SIR 10 TDI (036);
RUNTEST 18 TCK;
SIR 10 TDI (026);
RUNTEST 8 TCK;
SDR 64 TDI (FFFFFFFFFFFFFFFF) TDO (FFFFFFF7FFFFFFFF) MASK (FFFFFFFFFFFFFFFF);
SIR 10 TDI (032);
RUNTEST 18 TCK;
SIR 10 TDI (026);
RUNTEST 8 TCK;
SDR 64 TDI (FFFFFFFFFFFFFFFF) TDO (FFFFFFF7FFFFFFFF);
SIR 10 TDI (01A);
RUNTEST 8 TCK;
SDR 320 TDI (08421084210842108421084210842108421084210842108421084210842108421084210842108421);
SIR 10 TDI (036);
RUNTEST 18 TCK;
SIR 10 TDI (026);
RUNTEST 8 TCK;
SDR 64 TDI (FFFFFFFFFFFFFFFF) TDO (57F2FFF3FE5F152B) MASK (FFFFFFFFFFFFFFFF);
SIR 10 TDI (032);
RUNTEST 18 TCK;
SIR 10 TDI (026);
RUNTEST 8 TCK;
SDR 64 TDI (FFFFFFFFFFFFFFFF) TDO (57F2FFF3FE5F152B);
SIR 10 TDI (01E);
RUNTEST 8 TCK;
SDR 273 TDI (000000000100000000000000000000000000000000000000000800000000000000000);
SIR 10 TDI (012);
RUNTEST 8 TCK;
SIR 10 TDI (016);
RUNTEST 8 TCK;
SDR 320 TDI (84210842108421084210842108421084210842108421084210842108421084210842108421084210);
SIR 10 TDI (01A);
RUNTEST 8 TCK;
SDR 320 TDI (84210842108421084210842108421084210842108421084210842108421084210842108421084210);
SIR 10 TDI (036);
RUNTEST 18 TCK;
SIR 10 TDI (022);
RUNTEST 8 TCK;
SDR 64 TDI (FFFFFFFFFFFFFFFF) TDO (FFFFFFFFFFFFFFFE) MASK (FFFFFFFFFFFFFFFF);
SIR 10 TDI (032);
RUNTEST 18 TCK;
SIR 10 TDI (022);
RUNTEST 8 TCK;
SDR 64 TDI (FFFFFFFFFFFFFFFF) TDO (FFFFFFFFFFFFFFFE);
SIR 10 TDI (016);
RUNTEST 8 TCK;
SDR 320 TDI (42108421084210842108421084210842108421084210842108421084210842108421084210842108);
SIR 10 TDI (036);
RUNTEST 18 TCK;
SIR 10 TDI (022);
RUNTEST 8 TCK;
SDR 64 TDI (FFFFFFFFFFFFFFFF) TDO (FFFFFFFFFFFFFFFF) MASK (FFFFFFFFFFFFFFFF);
SIR 10 TDI (032);
RUNTEST 18 TCK;
SIR 10 TDI (022);
RUNTEST 8 TCK;
SDR 64 TDI (FFFFFFFFFFFFFFFF) TDO (FFFFFFFFFFFFFFFF);
SIR 10 TDI (016);
RUNTEST 8 TCK;
SDR 320 TDI (21084210842108421084210842108421084210842108421084210842108421084210842108421084);
SIR 10 TDI (036);
RUNTEST 18 TCK;
SIR 10 TDI (022);
RUNTEST 8 TCK;
SDR 64 TDI (FFFFFFFFFFFFFFFF) TDO (1057DFFEDEFF79FD) MASK (FFFFFFFFFFFFFFFF);
SIR 10 TDI (032);
RUNTEST 18 TCK;
SIR 10 TDI (022);
RUNTEST 8 TCK;
SDR 64 TDI (FFFFFFFFFFFFFFFF) TDO (1057DFFEDEFF79FD);
SIR 10 TDI (016);
RUNTEST 8 TCK;
SDR 320 TDI (10842108421084210842108421084210842108421084210842108421084210842108421084210842);
SIR 10 TDI (036);
RUNTEST 18 TCK;
SIR 10 TDI (022);
RUNTEST 8 TCK;
SDR 64 TDI (FFFFFFFFFFFFFFFF) TDO (FFFFFFFFFFFFFFFB) MASK (FFFFFFFFFFFFFFFF);
SIR 10 TDI (032);
RUNTEST 18 TCK;
SIR 10 TDI (022);
RUNTEST 8 TCK;
SDR 64 TDI (FFFFFFFFFFFFFFFF) TDO (FFFFFFFFFFFFFFFB);
SIR 10 TDI (016);
RUNTEST 8 TCK;
SDR 320 TDI (08421084210842108421084210842108421084210842108421084210842108421084210842108421);
SIR 10 TDI (036);
RUNTEST 18 TCK;
SIR 10 TDI (022);
RUNTEST 8 TCK;
SDR 64 TDI (FFFFFFFFFFFFFFFF) TDO (0053DFEE80D11BFD) MASK (FFFFFFFFFFFFFFFF);
SIR 10 TDI (032);
RUNTEST 18 TCK;
SIR 10 TDI (022);
RUNTEST 8 TCK;
SDR 64 TDI (FFFFFFFFFFFFFFFF) TDO (0053DFEE80D11BFD);
SIR 10 TDI (036);
RUNTEST 18 TCK;
SIR 10 TDI (026);
RUNTEST 8 TCK;
SDR 64 TDI (FFFFFFFFFFFFFFFF) TDO (FFFFFFFFFFFFFFFF);
SIR 10 TDI (032);
RUNTEST 18 TCK;
SIR 10 TDI (026);
RUNTEST 8 TCK;
SDR 64 TDI (FFFFFFFFFFFFFFFF) TDO (FFFFFFFFFFFFFFFF);
SIR 10 TDI (01A);
RUNTEST 8 TCK;
SDR 320 TDI (42108421084210842108421084210842108421084210842108421084210842108421084210842108);
SIR 10 TDI (036);
RUNTEST 18 TCK;
SIR 10 TDI (026);
RUNTEST 8 TCK;
SDR 64 TDI (FFFFFFFFFFFFFFFF) TDO (FFFEFFFFFFFFFFFF) MASK (FFFFFFFFFFFFFFFF);
SIR 10 TDI (032);
RUNTEST 18 TCK;
SIR 10 TDI (026);
RUNTEST 8 TCK;
SDR 64 TDI (FFFFFFFFFFFFFFFF) TDO (FFFEFFFFFFFFFFFF);
SIR 10 TDI (01A);
RUNTEST 8 TCK;
SDR 320 TDI (21084210842108421084210842108421084210842108421084210842108421084210842108421084);
SIR 10 TDI (036);
RUNTEST 18 TCK;
SIR 10 TDI (026);
RUNTEST 8 TCK;
SDR 64 TDI (FFFFFFFFFFFFFFFF) TDO (5FFEFFF7FFFF173B) MASK (FFFFFFFFFFFFFFFF);
SIR 10 TDI (032);
RUNTEST 18 TCK;
SIR 10 TDI (026);
RUNTEST 8 TCK;
SDR 64 TDI (FFFFFFFFFFFFFFFF) TDO (5FFEFFF7FFFF173B);
SIR 10 TDI (01A);
RUNTEST 8 TCK;
SDR 320 TDI (10842108421084210842108421084210842108421084210842108421084210842108421084210842);
SIR 10 TDI (036);
RUNTEST 18 TCK;
SIR 10 TDI (026);
RUNTEST 8 TCK;
SDR 64 TDI (FFFFFFFFFFFFFFFF) TDO (FFF7FFFFFFFFFFFF) MASK (FFFFFFFFFFFFFFFF);
SIR 10 TDI (032);
RUNTEST 18 TCK;
SIR 10 TDI (026);
RUNTEST 8 TCK;
SDR 64 TDI (FFFFFFFFFFFFFFFF) TDO (FFF7FFFFFFFFFFFF);
SIR 10 TDI (01A);
RUNTEST 8 TCK;
SDR 320 TDI (08421084210842108421084210842108421084210842108421084210842108421084210842108421);
SIR 10 TDI (036);
RUNTEST 18 TCK;
SIR 10 TDI (026);
RUNTEST 8 TCK;
SDR 64 TDI (FFFFFFFFFFFFFFFF) TDO (57F2FFFBFE5F152B) MASK (FFFFFFFFFFFFFFFF);
SIR 10 TDI (032);
RUNTEST 18 TCK;
SIR 10 TDI (026);
RUNTEST 8 TCK;
SDR 64 TDI (FFFFFFFFFFFFFFFF) TDO (57F2FFFBFE5F152B);
SIR 10 TDI (01E);
RUNTEST 8 TCK;
SDR 273 TDI (000000000080000000000000000000000000000000000000000400000000000000000);
SIR 10 TDI (012);
RUNTEST 8 TCK;
SIR 10 TDI (016);
RUNTEST 8 TCK;
SDR 320 TDI (84210842108421084210842108421084210842108421084210842108421084210842108421084210);
SIR 10 TDI (01A);
RUNTEST 8 TCK;
SDR 320 TDI (84210842108421084210842108421084210842108421084210842108421084210842108421084210);
SIR 10 TDI (036);
RUNTEST 18 TCK;
SIR 10 TDI (022);
RUNTEST 8 TCK;
SDR 64 TDI (FFFFFFFFFFFFFFFF) TDO (FFFFFFFFFFFFFFFF) MASK (FFFFFFFFFFFFFFFF);
SIR 10 TDI (032);
RUNTEST 18 TCK;
SIR 10 TDI (022);
RUNTEST 8 TCK;
SDR 64 TDI (FFFFFFFFFFFFFFFF) TDO (FFFFFFFFFFFFFFFF);
SIR 10 TDI (016);
RUNTEST 8 TCK;
SDR 320 TDI (42108421084210842108421084210842108421084210842108421084210842108421084210842108);
SIR 10 TDI (036);
RUNTEST 18 TCK;
SIR 10 TDI (022);
RUNTEST 8 TCK;
SDR 64 TDI (FFFFFFFFFFFFFFFF) TDO (FFFFFFFFFFFEBFFF) MASK (FFFFFFFFFFFFFFFF);
SIR 10 TDI (032);
RUNTEST 18 TCK;
SIR 10 TDI (022);
RUNTEST 8 TCK;
SDR 64 TDI (FFFFFFFFFFFFFFFF) TDO (FFFFFFFFFFFEBFFF);
SIR 10 TDI (016);
RUNTEST 8 TCK;
SDR 320 TDI (21084210842108421084210842108421084210842108421084210842108421084210842108421084);
SIR 10 TDI (036);
RUNTEST 18 TCK;
SIR 10 TDI (022);
RUNTEST 8 TCK;
SDR 64 TDI (FFFFFFFFFFFFFFFF) TDO (1057DFFEDEFE7BFD) MASK (FFFFFFFFFFFFFFFF);
SIR 10 TDI (032);
RUNTEST 18 TCK;
SIR 10 TDI (022);
RUNTEST 8 TCK;
SDR 64 TDI (FFFFFFFFFFFFFFFF) TDO (1057DFFEDEFE7BFD);
SIR 10 TDI (016);
RUNTEST 8 TCK;
SDR 320 TDI (10842108421084210842108421084210842108421084210842108421084210842108421084210842);
SIR 10 TDI (036);
RUNTEST 18 TCK;
SIR 10 TDI (022);
RUNTEST 8 TCK;
SDR 64 TDI (FFFFFFFFFFFFFFFF) TDO (FFAFFFFFFFFEFFFF) MASK (FFFFFFFFFFFFFFFF);
SIR 10 TDI (032);
RUNTEST 18 TCK;
SIR 10 TDI (022);
RUNTEST 8 TCK;
SDR 64 TDI (FFFFFFFFFFFFFFFF) TDO (FFAFFFFFFFFEFFFF);
SIR 10 TDI (016);
RUNTEST 8 TCK;
SDR 320 TDI (08421084210842108421084210842108421084210842108421084210842108421084210842108421);
SIR 10 TDI (036);
RUNTEST 18 TCK;
SIR 10 TDI (022);
RUNTEST 8 TCK;
SDR 64 TDI (FFFFFFFFFFFFFFFF) TDO (0051DFEE80D01BFD) MASK (FFFFFFFFFFFFFFFF);
SIR 10 TDI (032);
RUNTEST 18 TCK;
SIR 10 TDI (022);
RUNTEST 8 TCK;
SDR 64 TDI (FFFFFFFFFFFFFFFF) TDO (0051DFEE80D01BFD);
SIR 10 TDI (036);
RUNTEST 18 TCK;
SIR 10 TDI (026);
RUNTEST 8 TCK;
SDR 64 TDI (FFFFFFFFFFFFFFFF) TDO (FFFFFFFFFFFFFFFF);
SIR 10 TDI (032);
RUNTEST 18 TCK;
SIR 10 TDI (026);
RUNTEST 8 TCK;
SDR 64 TDI (FFFFFFFFFFFFFFFF) TDO (FFFFFFFFFFFFFFFF);
SIR 10 TDI (01A);
RUNTEST 8 TCK;
SDR 320 TDI (42108421084210842108421084210842108421084210842108421084210842108421084210842108);
SIR 10 TDI (036);
RUNTEST 18 TCK;
SIR 10 TDI (026);
RUNTEST 8 TCK;
SDR 64 TDI (FFFFFFFFFFFFFFFF) TDO (FFFEF7FFFFFFFFF7) MASK (FFFFFFFFFFFFFFFF);
SIR 10 TDI (032);
RUNTEST 18 TCK;
SIR 10 TDI (026);
RUNTEST 8 TCK;
SDR 64 TDI (FFFFFFFFFFFFFFFF) TDO (FFFEF7FFFFFFFFF7);
SIR 10 TDI (01A);
RUNTEST 8 TCK;
SDR 320 TDI (21084210842108421084210842108421084210842108421084210842108421084210842108421084);
SIR 10 TDI (036);
RUNTEST 18 TCK;
SIR 10 TDI (026);
RUNTEST 8 TCK;
SDR 64 TDI (FFFFFFFFFFFFFFFF) TDO (5FFEF7FFFFFF1733) MASK (FFFFFFFFFFFFFFFF);
SIR 10 TDI (032);
RUNTEST 18 TCK;
SIR 10 TDI (026);
RUNTEST 8 TCK;
SDR 64 TDI (FFFFFFFFFFFFFFFF) TDO (5FFEF7FFFFFF1733);
SIR 10 TDI (01A);
RUNTEST 8 TCK;
SDR 320 TDI (10842108421084210842108421084210842108421084210842108421084210842108421084210842);
SIR 10 TDI (036);
RUNTEST 18 TCK;
SIR 10 TDI (026);
RUNTEST 8 TCK;
SDR 64 TDI (FFFFFFFFFFFFFFFF) TDO (BE7DFF8F5FFFFFFF) MASK (FFFFFFFFFFFFFFFF);
SIR 10 TDI (032);
RUNTEST 18 TCK;
SIR 10 TDI (026);
RUNTEST 8 TCK;
SDR 64 TDI (FFFFFFFFFFFFFFFF) TDO (BE7DFF8F5FFFFFFF);
SIR 10 TDI (01A);
RUNTEST 8 TCK;
SDR 320 TDI (08421084210842108421084210842108421084210842108421084210842108421084210842108421);
SIR 10 TDI (036);
RUNTEST 18 TCK;
SIR 10 TDI (026);
RUNTEST 8 TCK;
SDR 64 TDI (FFFFFFFFFFFFFFFF) TDO (57F2FFFBFE5F152B) MASK (FFFFFFFFFFFFFFFF);
SIR 10 TDI (032);
RUNTEST 18 TCK;
SIR 10 TDI (026);
RUNTEST 8 TCK;
SDR 64 TDI (FFFFFFFFFFFFFFFF) TDO (57F2FFFBFE5F152B);
SIR 10 TDI (01E);
RUNTEST 8 TCK;
SDR 273 TDI (000000000040000000000000000000000000000000000000000200000000000000000);
SIR 10 TDI (012);
RUNTEST 8 TCK;
SIR 10 TDI (016);
RUNTEST 8 TCK;
SDR 320 TDI (84210842108421084210842108421084210842108421084210842108421084210842108421084210);
SIR 10 TDI (01A);
RUNTEST 8 TCK;
SDR 320 TDI (84210842108421084210842108421084210842108421084210842108421084210842108421084210);
SIR 10 TDI (036);
RUNTEST 18 TCK;
SIR 10 TDI (022);
RUNTEST 8 TCK;
SDR 64 TDI (FFFFFFFFFFFFFFFF) TDO (FFFFFFFFFFFFFFFF) MASK (FFFFFFFFFFFFFFFF);
SIR 10 TDI (032);
RUNTEST 18 TCK;
SIR 10 TDI (022);
RUNTEST 8 TCK;
SDR 64 TDI (FFFFFFFFFFFFFFFF) TDO (FFFFFFFFFFFFFFFF);
SIR 10 TDI (016);
RUNTEST 8 TCK;
SDR 320 TDI (42108421084210842108421084210842108421084210842108421084210842108421084210842108);
SIR 10 TDI (036);
RUNTEST 18 TCK;
SIR 10 TDI (022);
RUNTEST 8 TCK;
SDR 64 TDI (FFFFFFFFFFFFFFFF) TDO (FFFDFFFFDFFFFFFF) MASK (FFFFFFFFFFFFFFFF);
SIR 10 TDI (032);
RUNTEST 18 TCK;
SIR 10 TDI (022);
RUNTEST 8 TCK;
SDR 64 TDI (FFFFFFFFFFFFFFFF) TDO (FFFDFFFFDFFFFFFF);
SIR 10 TDI (016);
RUNTEST 8 TCK;
SDR 320 TDI (21084210842108421084210842108421084210842108421084210842108421084210842108421084);
SIR 10 TDI (036);
RUNTEST 18 TCK;
SIR 10 TDI (022);
RUNTEST 8 TCK;
SDR 64 TDI (FFFFFFFFFFFFFFFF) TDO (1057DFFEDEFF7BFD) MASK (FFFFFFFFFFFFFFFF);
SIR 10 TDI (032);
RUNTEST 18 TCK;
SIR 10 TDI (022);
RUNTEST 8 TCK;
SDR 64 TDI (FFFFFFFFFFFFFFFF) TDO (1057DFFEDEFF7BFD);
SIR 10 TDI (016);
RUNTEST 8 TCK;
SDR 320 TDI (10842108421084210842108421084210842108421084210842108421084210842108421084210842);
SIR 10 TDI (036);
RUNTEST 18 TCK;
SIR 10 TDI (022);
RUNTEST 8 TCK;
SDR 64 TDI (FFFFFFFFFFFFFFFF) TDO (FFFFFFFFA9D5FFFF) MASK (FFFFFFFFFFFFFFFF);
SIR 10 TDI (032);
RUNTEST 18 TCK;
SIR 10 TDI (022);
RUNTEST 8 TCK;
SDR 64 TDI (FFFFFFFFFFFFFFFF) TDO (FFFFFFFFA9D5FFFF);
SIR 10 TDI (016);
RUNTEST 8 TCK;
SDR 320 TDI (08421084210842108421084210842108421084210842108421084210842108421084210842108421);
SIR 10 TDI (036);
RUNTEST 18 TCK;
SIR 10 TDI (022);
RUNTEST 8 TCK;
SDR 64 TDI (FFFFFFFFFFFFFFFF) TDO (0053DFEE80D11BFD) MASK (FFFFFFFFFFFFFFFF);
SIR 10 TDI (032);
RUNTEST 18 TCK;
SIR 10 TDI (022);
RUNTEST 8 TCK;
SDR 64 TDI (FFFFFFFFFFFFFFFF) TDO (0053DFEE80D11BFD);
SIR 10 TDI (036);
RUNTEST 18 TCK;
SIR 10 TDI (026);
RUNTEST 8 TCK;
SDR 64 TDI (FFFFFFFFFFFFFFFF) TDO (FFFFFFFFFFFFFFFF);
SIR 10 TDI (032);
RUNTEST 18 TCK;
SIR 10 TDI (026);
RUNTEST 8 TCK;
SDR 64 TDI (FFFFFFFFFFFFFFFF) TDO (FFFFFFFFFFFFFFFF);
SIR 10 TDI (01A);
RUNTEST 8 TCK;
SDR 320 TDI (42108421084210842108421084210842108421084210842108421084210842108421084210842108);
SIR 10 TDI (036);
RUNTEST 18 TCK;
SIR 10 TDI (026);
RUNTEST 8 TCK;
SDR 64 TDI (FFFFFFFFFFFFFFFF) TDO (FFFEFFBFFFFFFFFF) MASK (FFFFFFFFFFFFFFFF);
SIR 10 TDI (032);
RUNTEST 18 TCK;
SIR 10 TDI (026);
RUNTEST 8 TCK;
SDR 64 TDI (FFFFFFFFFFFFFFFF) TDO (FFFEFFBFFFFFFFFF);
SIR 10 TDI (01A);
RUNTEST 8 TCK;
SDR 320 TDI (21084210842108421084210842108421084210842108421084210842108421084210842108421084);
SIR 10 TDI (036);
RUNTEST 18 TCK;
SIR 10 TDI (026);
RUNTEST 8 TCK;
SDR 64 TDI (FFFFFFFFFFFFFFFF) TDO (5FFEFFFFFFFF173B) MASK (FFFFFFFFFFFFFFFF);
SIR 10 TDI (032);
RUNTEST 18 TCK;
SIR 10 TDI (026);
RUNTEST 8 TCK;
SDR 64 TDI (FFFFFFFFFFFFFFFF) TDO (5FFEFFFFFFFF173B);
SIR 10 TDI (01A);
RUNTEST 8 TCK;
SDR 320 TDI (10842108421084210842108421084210842108421084210842108421084210842108421084210842);
SIR 10 TDI (036);
RUNTEST 18 TCK;
SIR 10 TDI (026);
RUNTEST 8 TCK;
SDR 64 TDI (FFFFFFFFFFFFFFFF) TDO (FFFFFFFFFFFFFFFF) MASK (FFFFFFFFFFFFFFFF);
SIR 10 TDI (032);
RUNTEST 18 TCK;
SIR 10 TDI (026);
RUNTEST 8 TCK;
SDR 64 TDI (FFFFFFFFFFFFFFFF) TDO (FFFFFFFFFFFFFFFF);
SIR 10 TDI (01A);
RUNTEST 8 TCK;
SDR 320 TDI (08421084210842108421084210842108421084210842108421084210842108421084210842108421);
SIR 10 TDI (036);
RUNTEST 18 TCK;
SIR 10 TDI (026);
RUNTEST 8 TCK;
SDR 64 TDI (FFFFFFFFFFFFFFFF) TDO (57F2FFFBFE5F152B) MASK (FFFFFFFFFFFFFFFF);
SIR 10 TDI (032);
RUNTEST 18 TCK;
SIR 10 TDI (026);
RUNTEST 8 TCK;
SDR 64 TDI (FFFFFFFFFFFFFFFF) TDO (57F2FFFBFE5F152B);
SIR 10 TDI (01E);
RUNTEST 8 TCK;
SDR 273 TDI (000000000020000000000000000000000000000000000000000100000000000000000);
SIR 10 TDI (012);
RUNTEST 8 TCK;
SIR 10 TDI (016);
RUNTEST 8 TCK;
SDR 320 TDI (84210842108421084210842108421084210842108421084210842108421084210842108421084210);
SIR 10 TDI (01A);
RUNTEST 8 TCK;
SDR 320 TDI (84210842108421084210842108421084210842108421084210842108421084210842108421084210);
SIR 10 TDI (036);
RUNTEST 18 TCK;
SIR 10 TDI (022);
RUNTEST 8 TCK;
SDR 64 TDI (FFFFFFFFFFFFFFFF) TDO (FFFFFFFFFFFFFFFF) MASK (FFFFFFFFFFFFFFFF);
SIR 10 TDI (032);
RUNTEST 18 TCK;
SIR 10 TDI (022);
RUNTEST 8 TCK;
SDR 64 TDI (FFFFFFFFFFFFFFFF) TDO (FFFFFFFFFFFFFFFF);
SIR 10 TDI (016);
RUNTEST 8 TCK;
SDR 320 TDI (42108421084210842108421084210842108421084210842108421084210842108421084210842108);
SIR 10 TDI (036);
RUNTEST 18 TCK;
SIR 10 TDI (022);
RUNTEST 8 TCK;
SDR 64 TDI (FFFFFFFFFFFFFFFF) TDO (FFFFFFFFFFFFFFFF) MASK (FFFFFFFFFFFFFFFF);
SIR 10 TDI (032);
RUNTEST 18 TCK;
SIR 10 TDI (022);
RUNTEST 8 TCK;
SDR 64 TDI (FFFFFFFFFFFFFFFF) TDO (FFFFFFFFFFFFFFFF);
SIR 10 TDI (016);
RUNTEST 8 TCK;
SDR 320 TDI (21084210842108421084210842108421084210842108421084210842108421084210842108421084);
SIR 10 TDI (036);
RUNTEST 18 TCK;
SIR 10 TDI (022);
RUNTEST 8 TCK;
SDR 64 TDI (FFFFFFFFFFFFFFFF) TDO (1057DFFEDEFF7BFD) MASK (FFFFFFFFFFFFFFFF);
SIR 10 TDI (032);
RUNTEST 18 TCK;
SIR 10 TDI (022);
RUNTEST 8 TCK;
SDR 64 TDI (FFFFFFFFFFFFFFFF) TDO (1057DFFEDEFF7BFD);
SIR 10 TDI (016);
RUNTEST 8 TCK;
SDR 320 TDI (10842108421084210842108421084210842108421084210842108421084210842108421084210842);
SIR 10 TDI (036);
RUNTEST 18 TCK;
SIR 10 TDI (022);
RUNTEST 8 TCK;
SDR 64 TDI (FFFFFFFFFFFFFFFF) TDO (FFFFFFFFFFFFFFFF) MASK (FFFFFFFFFFFFFFFF);
SIR 10 TDI (032);
RUNTEST 18 TCK;
SIR 10 TDI (022);
RUNTEST 8 TCK;
SDR 64 TDI (FFFFFFFFFFFFFFFF) TDO (FFFFFFFFFFFFFFFF);
SIR 10 TDI (016);
RUNTEST 8 TCK;
SDR 320 TDI (08421084210842108421084210842108421084210842108421084210842108421084210842108421);
SIR 10 TDI (036);
RUNTEST 18 TCK;
SIR 10 TDI (022);
RUNTEST 8 TCK;
SDR 64 TDI (FFFFFFFFFFFFFFFF) TDO (0053DFEE80D11BFD) MASK (FFFFFFFFFFFFFFFF);
SIR 10 TDI (032);
RUNTEST 18 TCK;
SIR 10 TDI (022);
RUNTEST 8 TCK;
SDR 64 TDI (FFFFFFFFFFFFFFFF) TDO (0053DFEE80D11BFD);
SIR 10 TDI (036);
RUNTEST 18 TCK;
SIR 10 TDI (026);
RUNTEST 8 TCK;
SDR 64 TDI (FFFFFFFFFFFFFFFF) TDO (FFFFFFFFFFFFFFFF);
SIR 10 TDI (032);
RUNTEST 18 TCK;
SIR 10 TDI (026);
RUNTEST 8 TCK;
SDR 64 TDI (FFFFFFFFFFFFFFFF) TDO (FFFFFFFFFFFFFFFF);
SIR 10 TDI (01A);
RUNTEST 8 TCK;
SDR 320 TDI (42108421084210842108421084210842108421084210842108421084210842108421084210842108);
SIR 10 TDI (036);
RUNTEST 18 TCK;
SIR 10 TDI (026);
RUNTEST 8 TCK;
SDR 64 TDI (FFFFFFFFFFFFFFFF) TDO (FFFEFFFFFFFFFDFF) MASK (FFFFFFFFFFFFFFFF);
SIR 10 TDI (032);
RUNTEST 18 TCK;
SIR 10 TDI (026);
RUNTEST 8 TCK;
SDR 64 TDI (FFFFFFFFFFFFFFFF) TDO (FFFEFFFFFFFFFDFF);
SIR 10 TDI (01A);
RUNTEST 8 TCK;
SDR 320 TDI (21084210842108421084210842108421084210842108421084210842108421084210842108421084);
SIR 10 TDI (036);
RUNTEST 18 TCK;
SIR 10 TDI (026);
RUNTEST 8 TCK;
SDR 64 TDI (FFFFFFFFFFFFFFFF) TDO (5FFEFFFFFFFF153B) MASK (FFFFFFFFFFFFFFFF);
SIR 10 TDI (032);
RUNTEST 18 TCK;
SIR 10 TDI (026);
RUNTEST 8 TCK;
SDR 64 TDI (FFFFFFFFFFFFFFFF) TDO (5FFEFFFFFFFF153B);
SIR 10 TDI (01A);
RUNTEST 8 TCK;
SDR 320 TDI (10842108421084210842108421084210842108421084210842108421084210842108421084210842);
SIR 10 TDI (036);
RUNTEST 18 TCK;
SIR 10 TDI (026);
RUNTEST 8 TCK;
SDR 64 TDI (FFFFFFFFFFFFFFFF) TDO (FFDFFFFFFFFFFFFF) MASK (FFFFFFFFFFFFFFFF);
SIR 10 TDI (032);
RUNTEST 18 TCK;
SIR 10 TDI (026);
RUNTEST 8 TCK;
SDR 64 TDI (FFFFFFFFFFFFFFFF) TDO (FFDFFFFFFFFFFFFF);
SIR 10 TDI (01A);
RUNTEST 8 TCK;
SDR 320 TDI (08421084210842108421084210842108421084210842108421084210842108421084210842108421);
SIR 10 TDI (036);
RUNTEST 18 TCK;
SIR 10 TDI (026);
RUNTEST 8 TCK;
SDR 64 TDI (FFFFFFFFFFFFFFFF) TDO (57F2FBFBFE5F152B) MASK (FFFFFFFFFFFFFFFF);
SIR 10 TDI (032);
RUNTEST 18 TCK;
SIR 10 TDI (026);
RUNTEST 8 TCK;
SDR 64 TDI (FFFFFFFFFFFFFFFF) TDO (57F2FBFBFE5F152B);
SIR 10 TDI (01E);
RUNTEST 8 TCK;
SDR 273 TDI (000000000010000000000000000000000000000000000000000080000000000000000);
SIR 10 TDI (012);
RUNTEST 8 TCK;
SIR 10 TDI (016);
RUNTEST 8 TCK;
SDR 320 TDI (84210842108421084210842108421084210842108421084210842108421084210842108421084210);
SIR 10 TDI (01A);
RUNTEST 8 TCK;
SDR 320 TDI (84210842108421084210842108421084210842108421084210842108421084210842108421084210);
SIR 10 TDI (036);
RUNTEST 18 TCK;
SIR 10 TDI (022);
RUNTEST 8 TCK;
SDR 64 TDI (FFFFFFFFFFFFFFFF) TDO (FFFFFFFFFFFFFFFF) MASK (FFFFFFFFFFFFFFFF);
SIR 10 TDI (032);
RUNTEST 18 TCK;
SIR 10 TDI (022);
RUNTEST 8 TCK;
SDR 64 TDI (FFFFFFFFFFFFFFFF) TDO (FFFFFFFFFFFFFFFF);
SIR 10 TDI (016);
RUNTEST 8 TCK;
SDR 320 TDI (42108421084210842108421084210842108421084210842108421084210842108421084210842108);
SIR 10 TDI (036);
RUNTEST 18 TCK;
SIR 10 TDI (022);
RUNTEST 8 TCK;
SDR 64 TDI (FFFFFFFFFFFFFFFF) TDO (FFFFFFFFFFFFFFFF) MASK (FFFFFFFFFFFFFFFF);
SIR 10 TDI (032);
RUNTEST 18 TCK;
SIR 10 TDI (022);
RUNTEST 8 TCK;
SDR 64 TDI (FFFFFFFFFFFFFFFF) TDO (FFFFFFFFFFFFFFFF);
SIR 10 TDI (016);
RUNTEST 8 TCK;
SDR 320 TDI (21084210842108421084210842108421084210842108421084210842108421084210842108421084);
SIR 10 TDI (036);
RUNTEST 18 TCK;
SIR 10 TDI (022);
RUNTEST 8 TCK;
SDR 64 TDI (FFFFFFFFFFFFFFFF) TDO (1057DFFEDEFF7BFD) MASK (FFFFFFFFFFFFFFFF);
SIR 10 TDI (032);
RUNTEST 18 TCK;
SIR 10 TDI (022);
RUNTEST 8 TCK;
SDR 64 TDI (FFFFFFFFFFFFFFFF) TDO (1057DFFEDEFF7BFD);
SIR 10 TDI (016);
RUNTEST 8 TCK;
SDR 320 TDI (10842108421084210842108421084210842108421084210842108421084210842108421084210842);
SIR 10 TDI (036);
RUNTEST 18 TCK;
SIR 10 TDI (022);
RUNTEST 8 TCK;
SDR 64 TDI (FFFFFFFFFFFFFFFF) TDO (FFFFFFFFFFFFFFFF) MASK (FFFFFFFFFFFFFFFF);
SIR 10 TDI (032);
RUNTEST 18 TCK;
SIR 10 TDI (022);
RUNTEST 8 TCK;
SDR 64 TDI (FFFFFFFFFFFFFFFF) TDO (FFFFFFFFFFFFFFFF);
SIR 10 TDI (016);
RUNTEST 8 TCK;
SDR 320 TDI (08421084210842108421084210842108421084210842108421084210842108421084210842108421);
SIR 10 TDI (036);
RUNTEST 18 TCK;
SIR 10 TDI (022);
RUNTEST 8 TCK;
SDR 64 TDI (FFFFFFFFFFFFFFFF) TDO (0053DFEE80D11BFD) MASK (FFFFFFFFFFFFFFFF);
SIR 10 TDI (032);
RUNTEST 18 TCK;
SIR 10 TDI (022);
RUNTEST 8 TCK;
SDR 64 TDI (FFFFFFFFFFFFFFFF) TDO (0053DFEE80D11BFD);
SIR 10 TDI (036);
RUNTEST 18 TCK;
SIR 10 TDI (026);
RUNTEST 8 TCK;
SDR 64 TDI (FFFFFFFFFFFFFFFF) TDO (FFFFFFFFFFFFFFFF);
SIR 10 TDI (032);
RUNTEST 18 TCK;
SIR 10 TDI (026);
RUNTEST 8 TCK;
SDR 64 TDI (FFFFFFFFFFFFFFFF) TDO (FFFFFFFFFFFFFFFF);
SIR 10 TDI (01A);
RUNTEST 8 TCK;
SDR 320 TDI (42108421084210842108421084210842108421084210842108421084210842108421084210842108);
SIR 10 TDI (036);
RUNTEST 18 TCK;
SIR 10 TDI (026);
RUNTEST 8 TCK;
SDR 64 TDI (FFFFFFFFFFFFFFFF) TDO (FFDEFFFFFFFFFFFF) MASK (FFFFFFFFFFFFFFFF);
SIR 10 TDI (032);
RUNTEST 18 TCK;
SIR 10 TDI (026);
RUNTEST 8 TCK;
SDR 64 TDI (FFFFFFFFFFFFFFFF) TDO (FFDEFFFFFFFFFFFF);
SIR 10 TDI (01A);
RUNTEST 8 TCK;
SDR 320 TDI (21084210842108421084210842108421084210842108421084210842108421084210842108421084);
SIR 10 TDI (036);
RUNTEST 18 TCK;
SIR 10 TDI (026);
RUNTEST 8 TCK;
SDR 64 TDI (FFFFFFFFFFFFFFFF) TDO (5FFEFFFFFFFF173B) MASK (FFFFFFFFFFFFFFFF);
SIR 10 TDI (032);
RUNTEST 18 TCK;
SIR 10 TDI (026);
RUNTEST 8 TCK;
SDR 64 TDI (FFFFFFFFFFFFFFFF) TDO (5FFEFFFFFFFF173B);
SIR 10 TDI (01A);
RUNTEST 8 TCK;
SDR 320 TDI (10842108421084210842108421084210842108421084210842108421084210842108421084210842);
SIR 10 TDI (036);
RUNTEST 18 TCK;
SIR 10 TDI (026);
RUNTEST 8 TCK;
SDR 64 TDI (FFFFFFFFFFFFFFFF) TDO (FFFFFFFFFFFFFFFF) MASK (FFFFFFFFFFFFFFFF);
SIR 10 TDI (032);
RUNTEST 18 TCK;
SIR 10 TDI (026);
RUNTEST 8 TCK;
SDR 64 TDI (FFFFFFFFFFFFFFFF) TDO (FFFFFFFFFFFFFFFF);
SIR 10 TDI (01A);
RUNTEST 8 TCK;
SDR 320 TDI (08421084210842108421084210842108421084210842108421084210842108421084210842108421);
SIR 10 TDI (036);
RUNTEST 18 TCK;
SIR 10 TDI (026);
RUNTEST 8 TCK;
SDR 64 TDI (FFFFFFFFFFFFFFFF) TDO (57F2FFFBFE5F152B) MASK (FFFFFFFFFFFFFFFF);
SIR 10 TDI (032);
RUNTEST 18 TCK;
SIR 10 TDI (026);
RUNTEST 8 TCK;
SDR 64 TDI (FFFFFFFFFFFFFFFF) TDO (57F2FFFBFE5F152B);
SIR 10 TDI (01E);
RUNTEST 8 TCK;
SDR 273 TDI (000000000008000000000000000000000000000000000000000040000000000000000);
SIR 10 TDI (012);
RUNTEST 8 TCK;
SIR 10 TDI (016);
RUNTEST 8 TCK;
SDR 320 TDI (84210842108421084210842108421084210842108421084210842108421084210842108421084210);
SIR 10 TDI (01A);
RUNTEST 8 TCK;
SDR 320 TDI (84210842108421084210842108421084210842108421084210842108421084210842108421084210);
SIR 10 TDI (036);
RUNTEST 18 TCK;
SIR 10 TDI (022);
RUNTEST 8 TCK;
SDR 64 TDI (FFFFFFFFFFFFFFFF) TDO (FFFFFFFFFFFFFFFF) MASK (FFFFFFFFFFFFFFFF);
SIR 10 TDI (032);
RUNTEST 18 TCK;
SIR 10 TDI (022);
RUNTEST 8 TCK;
SDR 64 TDI (FFFFFFFFFFFFFFFF) TDO (FFFFFFFFFFFFFFFF);
SIR 10 TDI (016);
RUNTEST 8 TCK;
SDR 320 TDI (42108421084210842108421084210842108421084210842108421084210842108421084210842108);
SIR 10 TDI (036);
RUNTEST 18 TCK;
SIR 10 TDI (022);
RUNTEST 8 TCK;
SDR 64 TDI (FFFFFFFFFFFFFFFF) TDO (FFFFFDFFFFFFBFFF) MASK (FFFFFFFFFFFFFFFF);
SIR 10 TDI (032);
RUNTEST 18 TCK;
SIR 10 TDI (022);
RUNTEST 8 TCK;
SDR 64 TDI (FFFFFFFFFFFFFFFF) TDO (FFFFFDFFFFFFBFFF);
SIR 10 TDI (016);
RUNTEST 8 TCK;
SDR 320 TDI (21084210842108421084210842108421084210842108421084210842108421084210842108421084);
SIR 10 TDI (036);
RUNTEST 18 TCK;
SIR 10 TDI (022);
RUNTEST 8 TCK;
SDR 64 TDI (FFFFFFFFFFFFFFFF) TDO (1057DFFEDEFF7BFD) MASK (FFFFFFFFFFFFFFFF);
SIR 10 TDI (032);
RUNTEST 18 TCK;
SIR 10 TDI (022);
RUNTEST 8 TCK;
SDR 64 TDI (FFFFFFFFFFFFFFFF) TDO (1057DFFEDEFF7BFD);
SIR 10 TDI (016);
RUNTEST 8 TCK;
SDR 320 TDI (10842108421084210842108421084210842108421084210842108421084210842108421084210842);
SIR 10 TDI (036);
RUNTEST 18 TCK;
SIR 10 TDI (022);
RUNTEST 8 TCK;
SDR 64 TDI (FFFFFFFFFFFFFFFF) TDO (FFEFFFFFFFBFFFFF) MASK (FFFFFFFFFFFFFFFF);
SIR 10 TDI (032);
RUNTEST 18 TCK;
SIR 10 TDI (022);
RUNTEST 8 TCK;
SDR 64 TDI (FFFFFFFFFFFFFFFF) TDO (FFEFFFFFFFBFFFFF);
SIR 10 TDI (016);
RUNTEST 8 TCK;
SDR 320 TDI (08421084210842108421084210842108421084210842108421084210842108421084210842108421);
SIR 10 TDI (036);
RUNTEST 18 TCK;
SIR 10 TDI (022);
RUNTEST 8 TCK;
SDR 64 TDI (FFFFFFFFFFFFFFFF) TDO (00130F2E80911BFD) MASK (FFFFFFFFFFFFFFFF);
SIR 10 TDI (032);
RUNTEST 18 TCK;
SIR 10 TDI (022);
RUNTEST 8 TCK;
SDR 64 TDI (FFFFFFFFFFFFFFFF) TDO (00130F2E80911BFD);
SIR 10 TDI (036);
RUNTEST 18 TCK;
SIR 10 TDI (026);
RUNTEST 8 TCK;
SDR 64 TDI (FFFFFFFFFFFFFFFF) TDO (FFFFFFFFFFFFFFFF);
SIR 10 TDI (032);
RUNTEST 18 TCK;
SIR 10 TDI (026);
RUNTEST 8 TCK;
SDR 64 TDI (FFFFFFFFFFFFFFFF) TDO (FFFFFFFFFFFFFFFF);
SIR 10 TDI (01A);
RUNTEST 8 TCK;
SDR 320 TDI (42108421084210842108421084210842108421084210842108421084210842108421084210842108);
SIR 10 TDI (036);
RUNTEST 18 TCK;
SIR 10 TDI (026);
RUNTEST 8 TCK;
SDR 64 TDI (FFFFFFFFFFFFFFFF) TDO (DFFEFFFFFFFFF7FF) MASK (FFFFFFFFFFFFFFFF);
SIR 10 TDI (032);
RUNTEST 18 TCK;
SIR 10 TDI (026);
RUNTEST 8 TCK;
SDR 64 TDI (FFFFFFFFFFFFFFFF) TDO (DFFEFFFFFFFFF7FF);
SIR 10 TDI (01A);
RUNTEST 8 TCK;
SDR 320 TDI (21084210842108421084210842108421084210842108421084210842108421084210842108421084);
SIR 10 TDI (036);
RUNTEST 18 TCK;
SIR 10 TDI (026);
RUNTEST 8 TCK;
SDR 64 TDI (FFFFFFFFFFFFFFFF) TDO (5FFEFFFFFEFF173B) MASK (FFFFFFFFFFFFFFFF);
SIR 10 TDI (032);
RUNTEST 18 TCK;
SIR 10 TDI (026);
RUNTEST 8 TCK;
SDR 64 TDI (FFFFFFFFFFFFFFFF) TDO (5FFEFFFFFEFF173B);
SIR 10 TDI (01A);
RUNTEST 8 TCK;
SDR 320 TDI (10842108421084210842108421084210842108421084210842108421084210842108421084210842);
SIR 10 TDI (036);
RUNTEST 18 TCK;
SIR 10 TDI (026);
RUNTEST 8 TCK;
SDR 64 TDI (FFFFFFFFFFFFFFFF) TDO (FFFFFFFFFFFFFFFF) MASK (FFFFFFFFFFFFFFFF);
SIR 10 TDI (032);
RUNTEST 18 TCK;
SIR 10 TDI (026);
RUNTEST 8 TCK;
SDR 64 TDI (FFFFFFFFFFFFFFFF) TDO (FFFFFFFFFFFFFFFF);
SIR 10 TDI (01A);
RUNTEST 8 TCK;
SDR 320 TDI (08421084210842108421084210842108421084210842108421084210842108421084210842108421);
SIR 10 TDI (036);
RUNTEST 18 TCK;
SIR 10 TDI (026);
RUNTEST 8 TCK;
SDR 64 TDI (FFFFFFFFFFFFFFFF) TDO (57F2FFFBFE5F112B) MASK (FFFFFFFFFFFFFFFF);
SIR 10 TDI (032);
RUNTEST 18 TCK;
SIR 10 TDI (026);
RUNTEST 8 TCK;
SDR 64 TDI (FFFFFFFFFFFFFFFF) TDO (57F2FFFBFE5F112B);
SIR 10 TDI (01E);
RUNTEST 8 TCK;
SDR 273 TDI (000000000004000000000000000000000000000000000000000020000000000000000);
SIR 10 TDI (012);
RUNTEST 8 TCK;
SIR 10 TDI (016);
RUNTEST 8 TCK;
SDR 320 TDI (84210842108421084210842108421084210842108421084210842108421084210842108421084210);
SIR 10 TDI (01A);
RUNTEST 8 TCK;
SDR 320 TDI (84210842108421084210842108421084210842108421084210842108421084210842108421084210);
SIR 10 TDI (036);
RUNTEST 18 TCK;
SIR 10 TDI (022);
RUNTEST 8 TCK;
SDR 64 TDI (FFFFFFFFFFFFFFFF) TDO (FFFFFFFFFFFFFFFF) MASK (FFFFFFFFFFFFFFFF);
SIR 10 TDI (032);
RUNTEST 18 TCK;
SIR 10 TDI (022);
RUNTEST 8 TCK;
SDR 64 TDI (FFFFFFFFFFFFFFFF) TDO (FFFFFFFFFFFFFFFF);
SIR 10 TDI (016);
RUNTEST 8 TCK;
SDR 320 TDI (42108421084210842108421084210842108421084210842108421084210842108421084210842108);
SIR 10 TDI (036);
RUNTEST 18 TCK;
SIR 10 TDI (022);
RUNTEST 8 TCK;
SDR 64 TDI (FFFFFFFFFFFFFFFF) TDO (FFBFFFFFFFFFFFFF) MASK (FFFFFFFFFFFFFFFF);
SIR 10 TDI (032);
RUNTEST 18 TCK;
SIR 10 TDI (022);
RUNTEST 8 TCK;
SDR 64 TDI (FFFFFFFFFFFFFFFF) TDO (FFBFFFFFFFFFFFFF);
SIR 10 TDI (016);
RUNTEST 8 TCK;
SDR 320 TDI (21084210842108421084210842108421084210842108421084210842108421084210842108421084);
SIR 10 TDI (036);
RUNTEST 18 TCK;
SIR 10 TDI (022);
RUNTEST 8 TCK;
SDR 64 TDI (FFFFFFFFFFFFFFFF) TDO (1057DFFEDEFF7BFD) MASK (FFFFFFFFFFFFFFFF);
SIR 10 TDI (032);
RUNTEST 18 TCK;
SIR 10 TDI (022);
RUNTEST 8 TCK;
SDR 64 TDI (FFFFFFFFFFFFFFFF) TDO (1057DFFEDEFF7BFD);
SIR 10 TDI (016);
RUNTEST 8 TCK;
SDR 320 TDI (10842108421084210842108421084210842108421084210842108421084210842108421084210842);
SIR 10 TDI (036);
RUNTEST 18 TCK;
SIR 10 TDI (022);
RUNTEST 8 TCK;
SDR 64 TDI (FFFFFFFFFFFFFFFF) TDO (FFFFFFFFFFFFFFFF) MASK (FFFFFFFFFFFFFFFF);
SIR 10 TDI (032);
RUNTEST 18 TCK;
SIR 10 TDI (022);
RUNTEST 8 TCK;
SDR 64 TDI (FFFFFFFFFFFFFFFF) TDO (FFFFFFFFFFFFFFFF);
SIR 10 TDI (016);
RUNTEST 8 TCK;
SDR 320 TDI (08421084210842108421084210842108421084210842108421084210842108421084210842108421);
SIR 10 TDI (036);
RUNTEST 18 TCK;
SIR 10 TDI (022);
RUNTEST 8 TCK;
SDR 64 TDI (FFFFFFFFFFFFFFFF) TDO (0053DDEE80D11BFD) MASK (FFFFFFFFFFFFFFFF);
SIR 10 TDI (032);
RUNTEST 18 TCK;
SIR 10 TDI (022);
RUNTEST 8 TCK;
SDR 64 TDI (FFFFFFFFFFFFFFFF) TDO (0053DDEE80D11BFD);
SIR 10 TDI (036);
RUNTEST 18 TCK;
SIR 10 TDI (026);
RUNTEST 8 TCK;
SDR 64 TDI (FFFFFFFFFFFFFFFF) TDO (FFFFFFFFFFFFFFFF);
SIR 10 TDI (032);
RUNTEST 18 TCK;
SIR 10 TDI (026);
RUNTEST 8 TCK;
SDR 64 TDI (FFFFFFFFFFFFFFFF) TDO (FFFFFFFFFFFFFFFF);
SIR 10 TDI (01A);
RUNTEST 8 TCK;
SDR 320 TDI (42108421084210842108421084210842108421084210842108421084210842108421084210842108);
SIR 10 TDI (036);
RUNTEST 18 TCK;
SIR 10 TDI (026);
RUNTEST 8 TCK;
SDR 64 TDI (FFFFFFFFFFFFFFFF) TDO (FFFEFFFFFFFFFFFF) MASK (FFFFFFFFFFFFFFFF);
SIR 10 TDI (032);
RUNTEST 18 TCK;
SIR 10 TDI (026);
RUNTEST 8 TCK;
SDR 64 TDI (FFFFFFFFFFFFFFFF) TDO (FFFEFFFFFFFFFFFF);
SIR 10 TDI (01A);
RUNTEST 8 TCK;
SDR 320 TDI (21084210842108421084210842108421084210842108421084210842108421084210842108421084);
SIR 10 TDI (036);
RUNTEST 18 TCK;
SIR 10 TDI (026);
RUNTEST 8 TCK;
SDR 64 TDI (FFFFFFFFFFFFFFFF) TDO (5FFEFFFFFFFF173B) MASK (FFFFFFFFFFFFFFFF);
SIR 10 TDI (032);
RUNTEST 18 TCK;
SIR 10 TDI (026);
RUNTEST 8 TCK;
SDR 64 TDI (FFFFFFFFFFFFFFFF) TDO (5FFEFFFFFFFF173B);
SIR 10 TDI (01A);
RUNTEST 8 TCK;
SDR 320 TDI (10842108421084210842108421084210842108421084210842108421084210842108421084210842);
SIR 10 TDI (036);
RUNTEST 18 TCK;
SIR 10 TDI (026);
RUNTEST 8 TCK;
SDR 64 TDI (FFFFFFFFFFFFFFFF) TDO (FFFFFFFFFFFFFFFF) MASK (FFFFFFFFFFFFFFFF);
SIR 10 TDI (032);
RUNTEST 18 TCK;
SIR 10 TDI (026);
RUNTEST 8 TCK;
SDR 64 TDI (FFFFFFFFFFFFFFFF) TDO (FFFFFFFFFFFFFFFF);
SIR 10 TDI (01A);
RUNTEST 8 TCK;
SDR 320 TDI (08421084210842108421084210842108421084210842108421084210842108421084210842108421);
SIR 10 TDI (036);
RUNTEST 18 TCK;
SIR 10 TDI (026);
RUNTEST 8 TCK;
SDR 64 TDI (FFFFFFFFFFFFFFFF) TDO (57F2FFFBFE5F152B) MASK (FFFFFFFFFFFFFFFF);
SIR 10 TDI (032);
RUNTEST 18 TCK;
SIR 10 TDI (026);
RUNTEST 8 TCK;
SDR 64 TDI (FFFFFFFFFFFFFFFF) TDO (57F2FFFBFE5F152B);
SIR 10 TDI (01E);
RUNTEST 8 TCK;
SDR 273 TDI (000000000002000000000000000000000000000000000000000010000000000000000);
SIR 10 TDI (012);
RUNTEST 8 TCK;
SIR 10 TDI (016);
RUNTEST 8 TCK;
SDR 320 TDI (84210842108421084210842108421084210842108421084210842108421084210842108421084210);
SIR 10 TDI (01A);
RUNTEST 8 TCK;
SDR 320 TDI (84210842108421084210842108421084210842108421084210842108421084210842108421084210);
SIR 10 TDI (036);
RUNTEST 18 TCK;
SIR 10 TDI (022);
RUNTEST 8 TCK;
SDR 64 TDI (FFFFFFFFFFFFFFFF) TDO (FFFFFFFFFFFFFFFE) MASK (FFFFFFFFFFFFFFFF);
SIR 10 TDI (032);
RUNTEST 18 TCK;
SIR 10 TDI (022);
RUNTEST 8 TCK;
SDR 64 TDI (FFFFFFFFFFFFFFFF) TDO (FFFFFFFFFFFFFFFE);
SIR 10 TDI (016);
RUNTEST 8 TCK;
SDR 320 TDI (42108421084210842108421084210842108421084210842108421084210842108421084210842108);
SIR 10 TDI (036);
RUNTEST 18 TCK;
SIR 10 TDI (022);
RUNTEST 8 TCK;
SDR 64 TDI (FFFFFFFFFFFFFFFF) TDO (FFFFFFFFFFBFBFFF) MASK (FFFFFFFFFFFFFFFF);
SIR 10 TDI (032);
RUNTEST 18 TCK;
SIR 10 TDI (022);
RUNTEST 8 TCK;
SDR 64 TDI (FFFFFFFFFFFFFFFF) TDO (FFFFFFFFFFBFBFFF);
SIR 10 TDI (016);
RUNTEST 8 TCK;
SDR 320 TDI (21084210842108421084210842108421084210842108421084210842108421084210842108421084);
SIR 10 TDI (036);
RUNTEST 18 TCK;
SIR 10 TDI (022);
RUNTEST 8 TCK;
SDR 64 TDI (FFFFFFFFFFFFFFFF) TDO (1057DFFEDEFF79FD) MASK (FFFFFFFFFFFFFFFF);
SIR 10 TDI (032);
RUNTEST 18 TCK;
SIR 10 TDI (022);
RUNTEST 8 TCK;
SDR 64 TDI (FFFFFFFFFFFFFFFF) TDO (1057DFFEDEFF79FD);
SIR 10 TDI (016);
RUNTEST 8 TCK;
SDR 320 TDI (10842108421084210842108421084210842108421084210842108421084210842108421084210842);
SIR 10 TDI (036);
RUNTEST 18 TCK;
SIR 10 TDI (022);
RUNTEST 8 TCK;
SDR 64 TDI (FFFFFFFFFFFFFFFF) TDO (FFFFFFFFA9D1FFFB) MASK (FFFFFFFFFFFFFFFF);
SIR 10 TDI (032);
RUNTEST 18 TCK;
SIR 10 TDI (022);
RUNTEST 8 TCK;
SDR 64 TDI (FFFFFFFFFFFFFFFF) TDO (FFFFFFFFA9D1FFFB);
SIR 10 TDI (016);
RUNTEST 8 TCK;
SDR 320 TDI (08421084210842108421084210842108421084210842108421084210842108421084210842108421);
SIR 10 TDI (036);
RUNTEST 18 TCK;
SIR 10 TDI (022);
RUNTEST 8 TCK;
SDR 64 TDI (FFFFFFFFFFFFFFFF) TDO (0053DFEE80D119FD) MASK (FFFFFFFFFFFFFFFF);
SIR 10 TDI (032);
RUNTEST 18 TCK;
SIR 10 TDI (022);
RUNTEST 8 TCK;
SDR 64 TDI (FFFFFFFFFFFFFFFF) TDO (0053DFEE80D119FD);
SIR 10 TDI (036);
RUNTEST 18 TCK;
SIR 10 TDI (026);
RUNTEST 8 TCK;
SDR 64 TDI (FFFFFFFFFFFFFFFF) TDO (FFFFFFFFFFFFFFFF);
SIR 10 TDI (032);
RUNTEST 18 TCK;
SIR 10 TDI (026);
RUNTEST 8 TCK;
SDR 64 TDI (FFFFFFFFFFFFFFFF) TDO (FFFFFFFFFFFFFFFF);
SIR 10 TDI (01A);
RUNTEST 8 TCK;
SDR 320 TDI (42108421084210842108421084210842108421084210842108421084210842108421084210842108);
SIR 10 TDI (036);
RUNTEST 18 TCK;
SIR 10 TDI (026);
RUNTEST 8 TCK;
SDR 64 TDI (FFFFFFFFFFFFFFFF) TDO (BFDEFA8FFFFFFFFF) MASK (FFFFFFFFFFFFFFFF);
SIR 10 TDI (032);
RUNTEST 18 TCK;
SIR 10 TDI (026);
RUNTEST 8 TCK;
SDR 64 TDI (FFFFFFFFFFFFFFFF) TDO (BFDEFA8FFFFFFFFF);
SIR 10 TDI (01A);
RUNTEST 8 TCK;
SDR 320 TDI (21084210842108421084210842108421084210842108421084210842108421084210842108421084);
SIR 10 TDI (036);
RUNTEST 18 TCK;
SIR 10 TDI (026);
RUNTEST 8 TCK;
SDR 64 TDI (FFFFFFFFFFFFFFFF) TDO (5FFEFFFFFFFF173B) MASK (FFFFFFFFFFFFFFFF);
SIR 10 TDI (032);
RUNTEST 18 TCK;
SIR 10 TDI (026);
RUNTEST 8 TCK;
SDR 64 TDI (FFFFFFFFFFFFFFFF) TDO (5FFEFFFFFFFF173B);
SIR 10 TDI (01A);
RUNTEST 8 TCK;
SDR 320 TDI (10842108421084210842108421084210842108421084210842108421084210842108421084210842);
SIR 10 TDI (036);
RUNTEST 18 TCK;
SIR 10 TDI (026);
RUNTEST 8 TCK;
SDR 64 TDI (FFFFFFFFFFFFFFFF) TDO (FFFFFABFFFFFFFFF) MASK (FFFFFFFFFFFFFFFF);
SIR 10 TDI (032);
RUNTEST 18 TCK;
SIR 10 TDI (026);
RUNTEST 8 TCK;
SDR 64 TDI (FFFFFFFFFFFFFFFF) TDO (FFFFFABFFFFFFFFF);
SIR 10 TDI (01A);
RUNTEST 8 TCK;
SDR 320 TDI (08421084210842108421084210842108421084210842108421084210842108421084210842108421);
SIR 10 TDI (036);
RUNTEST 18 TCK;
SIR 10 TDI (026);
RUNTEST 8 TCK;
SDR 64 TDI (FFFFFFFFFFFFFFFF) TDO (57F2D7CBFE5F152B) MASK (FFFFFFFFFFFFFFFF);
SIR 10 TDI (032);
RUNTEST 18 TCK;
SIR 10 TDI (026);
RUNTEST 8 TCK;
SDR 64 TDI (FFFFFFFFFFFFFFFF) TDO (57F2D7CBFE5F152B);
SIR 10 TDI (01E);
RUNTEST 8 TCK;
SDR 273 TDI (000000000001000000000000000000000000000000000000000008000000000000000);
SIR 10 TDI (012);
RUNTEST 8 TCK;
SIR 10 TDI (016);
RUNTEST 8 TCK;
SDR 320 TDI (84210842108421084210842108421084210842108421084210842108421084210842108421084210);
SIR 10 TDI (01A);
RUNTEST 8 TCK;
SDR 320 TDI (84210842108421084210842108421084210842108421084210842108421084210842108421084210);
SIR 10 TDI (036);
RUNTEST 18 TCK;
SIR 10 TDI (022);
RUNTEST 8 TCK;
SDR 64 TDI (FFFFFFFFFFFFFFFF) TDO (FFFFFFFFFFFFFDFB) MASK (FFFFFFFFFFFFFFFF);
SIR 10 TDI (032);
RUNTEST 18 TCK;
SIR 10 TDI (022);
RUNTEST 8 TCK;
SDR 64 TDI (FFFFFFFFFFFFFFFF) TDO (FFFFFFFFFFFFFDFB);
SIR 10 TDI (016);
RUNTEST 8 TCK;
SDR 320 TDI (42108421084210842108421084210842108421084210842108421084210842108421084210842108);
SIR 10 TDI (036);
RUNTEST 18 TCK;
SIR 10 TDI (022);
RUNTEST 8 TCK;
SDR 64 TDI (FFFFFFFFFFFFFFFF) TDO (FFFFFFFFFFFFFBFE) MASK (FFFFFFFFFFFFFFFF);
SIR 10 TDI (032);
RUNTEST 18 TCK;
SIR 10 TDI (022);
RUNTEST 8 TCK;
SDR 64 TDI (FFFFFFFFFFFFFFFF) TDO (FFFFFFFFFFFFFBFE);
SIR 10 TDI (016);
RUNTEST 8 TCK;
SDR 320 TDI (21084210842108421084210842108421084210842108421084210842108421084210842108421084);
SIR 10 TDI (036);
RUNTEST 18 TCK;
SIR 10 TDI (022);
RUNTEST 8 TCK;
SDR 64 TDI (FFFFFFFFFFFFFFFF) TDO (1057DFFEDEFF7BFC) MASK (FFFFFFFFFFFFFFFF);
SIR 10 TDI (032);
RUNTEST 18 TCK;
SIR 10 TDI (022);
RUNTEST 8 TCK;
SDR 64 TDI (FFFFFFFFFFFFFFFF) TDO (1057DFFEDEFF7BFC);
SIR 10 TDI (016);
RUNTEST 8 TCK;
SDR 320 TDI (10842108421084210842108421084210842108421084210842108421084210842108421084210842);
SIR 10 TDI (036);
RUNTEST 18 TCK;
SIR 10 TDI (022);
RUNTEST 8 TCK;
SDR 64 TDI (FFFFFFFFFFFFFFFF) TDO (FFFFFFFFFEFFFFFE) MASK (FFFFFFFFFFFFFFFF);
SIR 10 TDI (032);
RUNTEST 18 TCK;
SIR 10 TDI (022);
RUNTEST 8 TCK;
SDR 64 TDI (FFFFFFFFFFFFFFFF) TDO (FFFFFFFFFEFFFFFE);
SIR 10 TDI (016);
RUNTEST 8 TCK;
SDR 320 TDI (08421084210842108421084210842108421084210842108421084210842108421084210842108421);
SIR 10 TDI (036);
RUNTEST 18 TCK;
SIR 10 TDI (022);
RUNTEST 8 TCK;
SDR 64 TDI (FFFFFFFFFFFFFFFF) TDO (0053DFEE80D11BF9) MASK (FFFFFFFFFFFFFFFF);
SIR 10 TDI (032);
RUNTEST 18 TCK;
SIR 10 TDI (022);
RUNTEST 8 TCK;
SDR 64 TDI (FFFFFFFFFFFFFFFF) TDO (0053DFEE80D11BF9);
SIR 10 TDI (036);
RUNTEST 18 TCK;
SIR 10 TDI (026);
RUNTEST 8 TCK;
SDR 64 TDI (FFFFFFFFFFFFFFFF) TDO (FFFFFFFFFFFFFFFF);
SIR 10 TDI (032);
RUNTEST 18 TCK;
SIR 10 TDI (026);
RUNTEST 8 TCK;
SDR 64 TDI (FFFFFFFFFFFFFFFF) TDO (FFFFFFFFFFFFFFFF);
SIR 10 TDI (01A);
RUNTEST 8 TCK;
SDR 320 TDI (42108421084210842108421084210842108421084210842108421084210842108421084210842108);
SIR 10 TDI (036);
RUNTEST 18 TCK;
SIR 10 TDI (026);
RUNTEST 8 TCK;
SDR 64 TDI (FFFFFFFFFFFFFFFF) TDO (FFFEF7FFFFFF5F7F) MASK (FFFFFFFFFFFFFFFF);
SIR 10 TDI (032);
RUNTEST 18 TCK;
SIR 10 TDI (026);
RUNTEST 8 TCK;
SDR 64 TDI (FFFFFFFFFFFFFFFF) TDO (FFFEF7FFFFFF5F7F);
SIR 10 TDI (01A);
RUNTEST 8 TCK;
SDR 320 TDI (21084210842108421084210842108421084210842108421084210842108421084210842108421084);
SIR 10 TDI (036);
RUNTEST 18 TCK;
SIR 10 TDI (026);
RUNTEST 8 TCK;
SDR 64 TDI (FFFFFFFFFFFFFFFF) TDO (5FFED7FFFFFF173B) MASK (FFFFFFFFFFFFFFFF);
SIR 10 TDI (032);
RUNTEST 18 TCK;
SIR 10 TDI (026);
RUNTEST 8 TCK;
SDR 64 TDI (FFFFFFFFFFFFFFFF) TDO (5FFED7FFFFFF173B);
SIR 10 TDI (01A);
RUNTEST 8 TCK;
SDR 320 TDI (10842108421084210842108421084210842108421084210842108421084210842108421084210842);
SIR 10 TDI (036);
RUNTEST 18 TCK;
SIR 10 TDI (026);
RUNTEST 8 TCK;
SDR 64 TDI (FFFFFFFFFFFFFFFF) TDO (FFDFD7CFFFFFFFEF) MASK (FFFFFFFFFFFFFFFF);
SIR 10 TDI (032);
RUNTEST 18 TCK;
SIR 10 TDI (026);
RUNTEST 8 TCK;
SDR 64 TDI (FFFFFFFFFFFFFFFF) TDO (FFDFD7CFFFFFFFEF);
SIR 10 TDI (01A);
RUNTEST 8 TCK;
SDR 320 TDI (08421084210842108421084210842108421084210842108421084210842108421084210842108421);
SIR 10 TDI (036);
RUNTEST 18 TCK;
SIR 10 TDI (026);
RUNTEST 8 TCK;
SDR 64 TDI (FFFFFFFFFFFFFFFF) TDO (17F2FABBFE5F152B) MASK (FFFFFFFFFFFFFFFF);
SIR 10 TDI (032);
RUNTEST 18 TCK;
SIR 10 TDI (026);
RUNTEST 8 TCK;
SDR 64 TDI (FFFFFFFFFFFFFFFF) TDO (17F2FABBFE5F152B);
SIR 10 TDI (01E);
RUNTEST 8 TCK;
SDR 273 TDI (000000000000800000000000000000000000000000000000000004000000000000000);
SIR 10 TDI (012);
RUNTEST 8 TCK;
SIR 10 TDI (016);
RUNTEST 8 TCK;
SDR 320 TDI (84210842108421084210842108421084210842108421084210842108421084210842108421084210);
SIR 10 TDI (01A);
RUNTEST 8 TCK;
SDR 320 TDI (84210842108421084210842108421084210842108421084210842108421084210842108421084210);
SIR 10 TDI (036);
RUNTEST 18 TCK;
SIR 10 TDI (022);
RUNTEST 8 TCK;
SDR 64 TDI (FFFFFFFFFFFFFFFF) TDO (FFFF7FFFFFFFFFFF) MASK (FFFFFFFFFFFFFFFF);
SIR 10 TDI (032);
RUNTEST 18 TCK;
SIR 10 TDI (022);
RUNTEST 8 TCK;
SDR 64 TDI (FFFFFFFFFFFFFFFF) TDO (FFFF7FFFFFFFFFFF);
SIR 10 TDI (016);
RUNTEST 8 TCK;
SDR 320 TDI (42108421084210842108421084210842108421084210842108421084210842108421084210842108);
SIR 10 TDI (036);
RUNTEST 18 TCK;
SIR 10 TDI (022);
RUNTEST 8 TCK;
SDR 64 TDI (FFFFFFFFFFFFFFFF) TDO (FFAD2E3FFFBFFFFF) MASK (FFFFFFFFFFFFFFFF);
SIR 10 TDI (032);
RUNTEST 18 TCK;
SIR 10 TDI (022);
RUNTEST 8 TCK;
SDR 64 TDI (FFFFFFFFFFFFFFFF) TDO (FFAD2E3FFFBFFFFF);
SIR 10 TDI (016);
RUNTEST 8 TCK;
SDR 320 TDI (21084210842108421084210842108421084210842108421084210842108421084210842108421084);
SIR 10 TDI (036);
RUNTEST 18 TCK;
SIR 10 TDI (022);
RUNTEST 8 TCK;
SDR 64 TDI (FFFFFFFFFFFFFFFF) TDO (0057DFFEDEFF5BFD) MASK (FFFFFFFFFFFFFFFF);
SIR 10 TDI (032);
RUNTEST 18 TCK;
SIR 10 TDI (022);
RUNTEST 8 TCK;
SDR 64 TDI (FFFFFFFFFFFFFFFF) TDO (0057DFFEDEFF5BFD);
SIR 10 TDI (016);
RUNTEST 8 TCK;
SDR 320 TDI (10842108421084210842108421084210842108421084210842108421084210842108421084210842);
SIR 10 TDI (036);
RUNTEST 18 TCK;
SIR 10 TDI (022);
RUNTEST 8 TCK;
SDR 64 TDI (FFFFFFFFFFFFFFFF) TDO (FFAD2F2FA8D1FFFF) MASK (FFFFFFFFFFFFFFFF);
SIR 10 TDI (032);
RUNTEST 18 TCK;
SIR 10 TDI (022);
RUNTEST 8 TCK;
SDR 64 TDI (FFFFFFFFFFFFFFFF) TDO (FFAD2F2FA8D1FFFF);
SIR 10 TDI (016);
RUNTEST 8 TCK;
SDR 320 TDI (08421084210842108421084210842108421084210842108421084210842108421084210842108421);
SIR 10 TDI (036);
RUNTEST 18 TCK;
SIR 10 TDI (022);
RUNTEST 8 TCK;
SDR 64 TDI (FFFFFFFFFFFFFFFF) TDO (0001DFEE80D11BFD) MASK (FFFFFFFFFFFFFFFF);
SIR 10 TDI (032);
RUNTEST 18 TCK;
SIR 10 TDI (022);
RUNTEST 8 TCK;
SDR 64 TDI (FFFFFFFFFFFFFFFF) TDO (0001DFEE80D11BFD);
SIR 10 TDI (036);
RUNTEST 18 TCK;
SIR 10 TDI (026);
RUNTEST 8 TCK;
SDR 64 TDI (FFFFFFFFFFFFFFFF) TDO (FFFFFFFFFFFFFFFF);
SIR 10 TDI (032);
RUNTEST 18 TCK;
SIR 10 TDI (026);
RUNTEST 8 TCK;
SDR 64 TDI (FFFFFFFFFFFFFFFF) TDO (FFFFFFFFFFFFFFFF);
SIR 10 TDI (01A);
RUNTEST 8 TCK;
SDR 320 TDI (42108421084210842108421084210842108421084210842108421084210842108421084210842108);
SIR 10 TDI (036);
RUNTEST 18 TCK;
SIR 10 TDI (026);
RUNTEST 8 TCK;
SDR 64 TDI (FFFFFFFFFFFFFFFF) TDO (DFFEFEBFFFFF1F7F) MASK (FFFFFFFFFFFFFFFF);
SIR 10 TDI (032);
RUNTEST 18 TCK;
SIR 10 TDI (026);
RUNTEST 8 TCK;
SDR 64 TDI (FFFFFFFFFFFFFFFF) TDO (DFFEFEBFFFFF1F7F);
SIR 10 TDI (01A);
RUNTEST 8 TCK;
SDR 320 TDI (21084210842108421084210842108421084210842108421084210842108421084210842108421084);
SIR 10 TDI (036);
RUNTEST 18 TCK;
SIR 10 TDI (026);
RUNTEST 8 TCK;
SDR 64 TDI (FFFFFFFFFFFFFFFF) TDO (5FFEFFFFFFFF173B) MASK (FFFFFFFFFFFFFFFF);
SIR 10 TDI (032);
RUNTEST 18 TCK;
SIR 10 TDI (026);
RUNTEST 8 TCK;
SDR 64 TDI (FFFFFFFFFFFFFFFF) TDO (5FFEFFFFFFFF173B);
SIR 10 TDI (01A);
RUNTEST 8 TCK;
SDR 320 TDI (10842108421084210842108421084210842108421084210842108421084210842108421084210842);
SIR 10 TDI (036);
RUNTEST 18 TCK;
SIR 10 TDI (026);
RUNTEST 8 TCK;
SDR 64 TDI (FFFFFFFFFFFFFFFF) TDO (FFFFFFFFFFFFFFEF) MASK (FFFFFFFFFFFFFFFF);
SIR 10 TDI (032);
RUNTEST 18 TCK;
SIR 10 TDI (026);
RUNTEST 8 TCK;
SDR 64 TDI (FFFFFFFFFFFFFFFF) TDO (FFFFFFFFFFFFFFEF);
SIR 10 TDI (01A);
RUNTEST 8 TCK;
SDR 320 TDI (08421084210842108421084210842108421084210842108421084210842108421084210842108421);
SIR 10 TDI (036);
RUNTEST 18 TCK;
SIR 10 TDI (026);
RUNTEST 8 TCK;
SDR 64 TDI (FFFFFFFFFFFFFFFF) TDO (57F2FFFBFE5F152B) MASK (FFFFFFFFFFFFFFFF);
SIR 10 TDI (032);
RUNTEST 18 TCK;
SIR 10 TDI (026);
RUNTEST 8 TCK;
SDR 64 TDI (FFFFFFFFFFFFFFFF) TDO (57F2FFFBFE5F152B);
SIR 10 TDI (01E);
RUNTEST 8 TCK;
SDR 273 TDI (000000000000400000000000000000000000000000000000000002000000000000000);
SIR 10 TDI (012);
RUNTEST 8 TCK;
SIR 10 TDI (016);
RUNTEST 8 TCK;
SDR 320 TDI (84210842108421084210842108421084210842108421084210842108421084210842108421084210);
SIR 10 TDI (01A);
RUNTEST 8 TCK;
SDR 320 TDI (84210842108421084210842108421084210842108421084210842108421084210842108421084210);
SIR 10 TDI (036);
RUNTEST 18 TCK;
SIR 10 TDI (022);
RUNTEST 8 TCK;
SDR 64 TDI (FFFFFFFFFFFFFFFF) TDO (FFFFFEFFFFFFFFFF) MASK (FFFFFFFFFFFFFFFF);
SIR 10 TDI (032);
RUNTEST 18 TCK;
SIR 10 TDI (022);
RUNTEST 8 TCK;
SDR 64 TDI (FFFFFFFFFFFFFFFF) TDO (FFFFFEFFFFFFFFFF);
SIR 10 TDI (016);
RUNTEST 8 TCK;
SDR 320 TDI (42108421084210842108421084210842108421084210842108421084210842108421084210842108);
SIR 10 TDI (036);
RUNTEST 18 TCK;
SIR 10 TDI (022);
RUNTEST 8 TCK;
SDR 64 TDI (FFFFFFFFFFFFFFFF) TDO (FFFFFDFFFFFFFFFF) MASK (FFFFFFFFFFFFFFFF);
SIR 10 TDI (032);
RUNTEST 18 TCK;
SIR 10 TDI (022);
RUNTEST 8 TCK;
SDR 64 TDI (FFFFFFFFFFFFFFFF) TDO (FFFFFDFFFFFFFFFF);
SIR 10 TDI (016);
RUNTEST 8 TCK;
SDR 320 TDI (21084210842108421084210842108421084210842108421084210842108421084210842108421084);
SIR 10 TDI (036);
RUNTEST 18 TCK;
SIR 10 TDI (022);
RUNTEST 8 TCK;
SDR 64 TDI (FFFFFFFFFFFFFFFF) TDO (1052DDFEDEFF7BFD) MASK (FFFFFFFFFFFFFFFF);
SIR 10 TDI (032);
RUNTEST 18 TCK;
SIR 10 TDI (022);
RUNTEST 8 TCK;
SDR 64 TDI (FFFFFFFFFFFFFFFF) TDO (1052DDFEDEFF7BFD);
SIR 10 TDI (016);
RUNTEST 8 TCK;
SDR 320 TDI (10842108421084210842108421084210842108421084210842108421084210842108421084210842);
SIR 10 TDI (036);
RUNTEST 18 TCK;
SIR 10 TDI (022);
RUNTEST 8 TCK;
SDR 64 TDI (FFFFFFFFFFFFFFFF) TDO (EBFEDFFFFFBFFFFF) MASK (FFFFFFFFFFFFFFFF);
SIR 10 TDI (032);
RUNTEST 18 TCK;
SIR 10 TDI (022);
RUNTEST 8 TCK;
SDR 64 TDI (FFFFFFFFFFFFFFFF) TDO (EBFEDFFFFFBFFFFF);
SIR 10 TDI (016);
RUNTEST 8 TCK;
SDR 320 TDI (08421084210842108421084210842108421084210842108421084210842108421084210842108421);
SIR 10 TDI (036);
RUNTEST 18 TCK;
SIR 10 TDI (022);
RUNTEST 8 TCK;
SDR 64 TDI (FFFFFFFFFFFFFFFF) TDO (00530D2E80D11BFD) MASK (FFFFFFFFFFFFFFFF);
SIR 10 TDI (032);
RUNTEST 18 TCK;
SIR 10 TDI (022);
RUNTEST 8 TCK;
SDR 64 TDI (FFFFFFFFFFFFFFFF) TDO (00530D2E80D11BFD);
SIR 10 TDI (036);
RUNTEST 18 TCK;
SIR 10 TDI (026);
RUNTEST 8 TCK;
SDR 64 TDI (FFFFFFFFFFFFFFFF) TDO (FFFFFFFFFFFFFFFF);
SIR 10 TDI (032);
RUNTEST 18 TCK;
SIR 10 TDI (026);
RUNTEST 8 TCK;
SDR 64 TDI (FFFFFFFFFFFFFFFF) TDO (FFFFFFFFFFFFFFFF);
SIR 10 TDI (01A);
RUNTEST 8 TCK;
SDR 320 TDI (42108421084210842108421084210842108421084210842108421084210842108421084210842108);
SIR 10 TDI (036);
RUNTEST 18 TCK;
SIR 10 TDI (026);
RUNTEST 8 TCK;
SDR 64 TDI (FFFFFFFFFFFFFFFF) TDO (FFFEFFFFFFFFFFFF) MASK (FFFFFFFFFFFFFFFF);
SIR 10 TDI (032);
RUNTEST 18 TCK;
SIR 10 TDI (026);
RUNTEST 8 TCK;
SDR 64 TDI (FFFFFFFFFFFFFFFF) TDO (FFFEFFFFFFFFFFFF);
SIR 10 TDI (01A);
RUNTEST 8 TCK;
SDR 320 TDI (21084210842108421084210842108421084210842108421084210842108421084210842108421084);
SIR 10 TDI (036);
RUNTEST 18 TCK;
SIR 10 TDI (026);
RUNTEST 8 TCK;
SDR 64 TDI (FFFFFFFFFFFFFFFF) TDO (5FFEFFFFFFFF173B) MASK (FFFFFFFFFFFFFFFF);
SIR 10 TDI (032);
RUNTEST 18 TCK;
SIR 10 TDI (026);
RUNTEST 8 TCK;
SDR 64 TDI (FFFFFFFFFFFFFFFF) TDO (5FFEFFFFFFFF173B);
SIR 10 TDI (01A);
RUNTEST 8 TCK;
SDR 320 TDI (10842108421084210842108421084210842108421084210842108421084210842108421084210842);
SIR 10 TDI (036);
RUNTEST 18 TCK;
SIR 10 TDI (026);
RUNTEST 8 TCK;
SDR 64 TDI (FFFFFFFFFFFFFFFF) TDO (FFFFFEBFFFFFFFFF) MASK (FFFFFFFFFFFFFFFF);
SIR 10 TDI (032);
RUNTEST 18 TCK;
SIR 10 TDI (026);
RUNTEST 8 TCK;
SDR 64 TDI (FFFFFFFFFFFFFFFF) TDO (FFFFFEBFFFFFFFFF);
SIR 10 TDI (01A);
RUNTEST 8 TCK;
SDR 320 TDI (08421084210842108421084210842108421084210842108421084210842108421084210842108421);
SIR 10 TDI (036);
RUNTEST 18 TCK;
SIR 10 TDI (026);
RUNTEST 8 TCK;
SDR 64 TDI (FFFFFFFFFFFFFFFF) TDO (57F2FFFBFE5F152B) MASK (FFFFFFFFFFFFFFFF);
SIR 10 TDI (032);
RUNTEST 18 TCK;
SIR 10 TDI (026);
RUNTEST 8 TCK;
SDR 64 TDI (FFFFFFFFFFFFFFFF) TDO (57F2FFFBFE5F152B);
SIR 10 TDI (01E);
RUNTEST 8 TCK;
SDR 273 TDI (000000000000200000000000000000000000000000000000000001000000000000000);
SIR 10 TDI (012);
RUNTEST 8 TCK;
SIR 10 TDI (016);
RUNTEST 8 TCK;
SDR 320 TDI (84210842108421084210842108421084210842108421084210842108421084210842108421084210);
SIR 10 TDI (01A);
RUNTEST 8 TCK;
SDR 320 TDI (84210842108421084210842108421084210842108421084210842108421084210842108421084210);
SIR 10 TDI (036);
RUNTEST 18 TCK;
SIR 10 TDI (022);
RUNTEST 8 TCK;
SDR 64 TDI (FFFFFFFFFFFFFFFF) TDO (FFFFFFFFFFFFFFFF) MASK (FFFFFFFFFFFFFFFF);
SIR 10 TDI (032);
RUNTEST 18 TCK;
SIR 10 TDI (022);
RUNTEST 8 TCK;
SDR 64 TDI (FFFFFFFFFFFFFFFF) TDO (FFFFFFFFFFFFFFFF);
SIR 10 TDI (016);
RUNTEST 8 TCK;
SDR 320 TDI (42108421084210842108421084210842108421084210842108421084210842108421084210842108);
SIR 10 TDI (036);
RUNTEST 18 TCK;
SIR 10 TDI (022);
RUNTEST 8 TCK;
SDR 64 TDI (FFFFFFFFFFFFFFFF) TDO (FFFFFFFFFF7FDFFF) MASK (FFFFFFFFFFFFFFFF);
SIR 10 TDI (032);
RUNTEST 18 TCK;
SIR 10 TDI (022);
RUNTEST 8 TCK;
SDR 64 TDI (FFFFFFFFFFFFFFFF) TDO (FFFFFFFFFF7FDFFF);
SIR 10 TDI (016);
RUNTEST 8 TCK;
SDR 320 TDI (21084210842108421084210842108421084210842108421084210842108421084210842108421084);
SIR 10 TDI (036);
RUNTEST 18 TCK;
SIR 10 TDI (022);
RUNTEST 8 TCK;
SDR 64 TDI (FFFFFFFFFFFFFFFF) TDO (1057DFFEDE7F5BFD) MASK (FFFFFFFFFFFFFFFF);
SIR 10 TDI (032);
RUNTEST 18 TCK;
SIR 10 TDI (022);
RUNTEST 8 TCK;
SDR 64 TDI (FFFFFFFFFFFFFFFF) TDO (1057DFFEDE7F5BFD);
SIR 10 TDI (016);
RUNTEST 8 TCK;
SDR 320 TDI (10842108421084210842108421084210842108421084210842108421084210842108421084210842);
SIR 10 TDI (036);
RUNTEST 18 TCK;
SIR 10 TDI (022);
RUNTEST 8 TCK;
SDR 64 TDI (FFFFFFFFFFFFFFFF) TDO (FFFFFFFFFFFFFFFF) MASK (FFFFFFFFFFFFFFFF);
SIR 10 TDI (032);
RUNTEST 18 TCK;
SIR 10 TDI (022);
RUNTEST 8 TCK;
SDR 64 TDI (FFFFFFFFFFFFFFFF) TDO (FFFFFFFFFFFFFFFF);
SIR 10 TDI (016);
RUNTEST 8 TCK;
SDR 320 TDI (08421084210842108421084210842108421084210842108421084210842108421084210842108421);
SIR 10 TDI (036);
RUNTEST 18 TCK;
SIR 10 TDI (022);
RUNTEST 8 TCK;
SDR 64 TDI (FFFFFFFFFFFFFFFF) TDO (0043DFEE80D11BFD) MASK (FFFFFFFFFFFFFFFF);
SIR 10 TDI (032);
RUNTEST 18 TCK;
SIR 10 TDI (022);
RUNTEST 8 TCK;
SDR 64 TDI (FFFFFFFFFFFFFFFF) TDO (0043DFEE80D11BFD);
SIR 10 TDI (036);
RUNTEST 18 TCK;
SIR 10 TDI (026);
RUNTEST 8 TCK;
SDR 64 TDI (FFFFFFFFFFFFFFFF) TDO (FFFFFFFFFFFFFFFF);
SIR 10 TDI (032);
RUNTEST 18 TCK;
SIR 10 TDI (026);
RUNTEST 8 TCK;
SDR 64 TDI (FFFFFFFFFFFFFFFF) TDO (FFFFFFFFFFFFFFFF);
SIR 10 TDI (01A);
RUNTEST 8 TCK;
SDR 320 TDI (42108421084210842108421084210842108421084210842108421084210842108421084210842108);
SIR 10 TDI (036);
RUNTEST 18 TCK;
SIR 10 TDI (026);
RUNTEST 8 TCK;
SDR 64 TDI (FFFFFFFFFFFFFFFF) TDO (FFFCFFFFFFDFFFFF) MASK (FFFFFFFFFFFFFFFF);
SIR 10 TDI (032);
RUNTEST 18 TCK;
SIR 10 TDI (026);
RUNTEST 8 TCK;
SDR 64 TDI (FFFFFFFFFFFFFFFF) TDO (FFFCFFFFFFDFFFFF);
SIR 10 TDI (01A);
RUNTEST 8 TCK;
SDR 320 TDI (21084210842108421084210842108421084210842108421084210842108421084210842108421084);
SIR 10 TDI (036);
RUNTEST 18 TCK;
SIR 10 TDI (026);
RUNTEST 8 TCK;
SDR 64 TDI (FFFFFFFFFFFFFFFF) TDO (5FFEFFFFFFFF171B) MASK (FFFFFFFFFFFFFFFF);
SIR 10 TDI (032);
RUNTEST 18 TCK;
SIR 10 TDI (026);
RUNTEST 8 TCK;
SDR 64 TDI (FFFFFFFFFFFFFFFF) TDO (5FFEFFFFFFFF171B);
SIR 10 TDI (01A);
RUNTEST 8 TCK;
SDR 320 TDI (10842108421084210842108421084210842108421084210842108421084210842108421084210842);
SIR 10 TDI (036);
RUNTEST 18 TCK;
SIR 10 TDI (026);
RUNTEST 8 TCK;
SDR 64 TDI (FFFFFFFFFFFFFFFF) TDO (FFFDFFFFFFFFFFFF) MASK (FFFFFFFFFFFFFFFF);
SIR 10 TDI (032);
RUNTEST 18 TCK;
SIR 10 TDI (026);
RUNTEST 8 TCK;
SDR 64 TDI (FFFFFFFFFFFFFFFF) TDO (FFFDFFFFFFFFFFFF);
SIR 10 TDI (01A);
RUNTEST 8 TCK;
SDR 320 TDI (08421084210842108421084210842108421084210842108421084210842108421084210842108421);
SIR 10 TDI (036);
RUNTEST 18 TCK;
SIR 10 TDI (026);
RUNTEST 8 TCK;
SDR 64 TDI (FFFFFFFFFFFFFFFF) TDO (5772FFF3FE5F152B) MASK (FFFFFFFFFFFFFFFF);
SIR 10 TDI (032);
RUNTEST 18 TCK;
SIR 10 TDI (026);
RUNTEST 8 TCK;
SDR 64 TDI (FFFFFFFFFFFFFFFF) TDO (5772FFF3FE5F152B);
SIR 10 TDI (01E);
RUNTEST 8 TCK;
SDR 273 TDI (000000000000100000000000000000000000000000000000000000800000000000000);
SIR 10 TDI (012);
RUNTEST 8 TCK;
SIR 10 TDI (016);
RUNTEST 8 TCK;
SDR 320 TDI (84210842108421084210842108421084210842108421084210842108421084210842108421084210);
SIR 10 TDI (01A);
RUNTEST 8 TCK;
SDR 320 TDI (84210842108421084210842108421084210842108421084210842108421084210842108421084210);
SIR 10 TDI (036);
RUNTEST 18 TCK;
SIR 10 TDI (022);
RUNTEST 8 TCK;
SDR 64 TDI (FFFFFFFFFFFFFFFF) TDO (FFFFFFFFFFFFFFFF) MASK (FFFFFFFFFFFFFFFF);
SIR 10 TDI (032);
RUNTEST 18 TCK;
SIR 10 TDI (022);
RUNTEST 8 TCK;
SDR 64 TDI (FFFFFFFFFFFFFFFF) TDO (FFFFFFFFFFFFFFFF);
SIR 10 TDI (016);
RUNTEST 8 TCK;
SDR 320 TDI (42108421084210842108421084210842108421084210842108421084210842108421084210842108);
SIR 10 TDI (036);
RUNTEST 18 TCK;
SIR 10 TDI (022);
RUNTEST 8 TCK;
SDR 64 TDI (FFFFFFFFFFFFFFFF) TDO (FFEFFFFFFFFFFFFF) MASK (FFFFFFFFFFFFFFFF);
SIR 10 TDI (032);
RUNTEST 18 TCK;
SIR 10 TDI (022);
RUNTEST 8 TCK;
SDR 64 TDI (FFFFFFFFFFFFFFFF) TDO (FFEFFFFFFFFFFFFF);
SIR 10 TDI (016);
RUNTEST 8 TCK;
SDR 320 TDI (21084210842108421084210842108421084210842108421084210842108421084210842108421084);
SIR 10 TDI (036);
RUNTEST 18 TCK;
SIR 10 TDI (022);
RUNTEST 8 TCK;
SDR 64 TDI (FFFFFFFFFFFFFFFF) TDO (1057DFFED6FF7BFD) MASK (FFFFFFFFFFFFFFFF);
SIR 10 TDI (032);
RUNTEST 18 TCK;
SIR 10 TDI (022);
RUNTEST 8 TCK;
SDR 64 TDI (FFFFFFFFFFFFFFFF) TDO (1057DFFED6FF7BFD);
SIR 10 TDI (016);
RUNTEST 8 TCK;
SDR 320 TDI (10842108421084210842108421084210842108421084210842108421084210842108421084210842);
SIR 10 TDI (036);
RUNTEST 18 TCK;
SIR 10 TDI (022);
RUNTEST 8 TCK;
SDR 64 TDI (FFFFFFFFFFFFFFFF) TDO (FFFFFFEFFFFAFFFF) MASK (FFFFFFFFFFFFFFFF);
SIR 10 TDI (032);
RUNTEST 18 TCK;
SIR 10 TDI (022);
RUNTEST 8 TCK;
SDR 64 TDI (FFFFFFFFFFFFFFFF) TDO (FFFFFFEFFFFAFFFF);
SIR 10 TDI (016);
RUNTEST 8 TCK;
SDR 320 TDI (08421084210842108421084210842108421084210842108421084210842108421084210842108421);
SIR 10 TDI (036);
RUNTEST 18 TCK;
SIR 10 TDI (022);
RUNTEST 8 TCK;
SDR 64 TDI (FFFFFFFFFFFFFFFF) TDO (0053DFEE80D11BFD) MASK (FFFFFFFFFFFFFFFF);
SIR 10 TDI (032);
RUNTEST 18 TCK;
SIR 10 TDI (022);
RUNTEST 8 TCK;
SDR 64 TDI (FFFFFFFFFFFFFFFF) TDO (0053DFEE80D11BFD);
SIR 10 TDI (036);
RUNTEST 18 TCK;
SIR 10 TDI (026);
RUNTEST 8 TCK;
SDR 64 TDI (FFFFFFFFFFFFFFFF) TDO (FFFFFFFFFFFFFFFF);
SIR 10 TDI (032);
RUNTEST 18 TCK;
SIR 10 TDI (026);
RUNTEST 8 TCK;
SDR 64 TDI (FFFFFFFFFFFFFFFF) TDO (FFFFFFFFFFFFFFFF);
SIR 10 TDI (01A);
RUNTEST 8 TCK;
SDR 320 TDI (42108421084210842108421084210842108421084210842108421084210842108421084210842108);
SIR 10 TDI (036);
RUNTEST 18 TCK;
SIR 10 TDI (026);
RUNTEST 8 TCK;
SDR 64 TDI (FFFFFFFFFFFFFFFF) TDO (FF7EFFFFFFFFFFFF) MASK (FFFFFFFFFFFFFFFF);
SIR 10 TDI (032);
RUNTEST 18 TCK;
SIR 10 TDI (026);
RUNTEST 8 TCK;
SDR 64 TDI (FFFFFFFFFFFFFFFF) TDO (FF7EFFFFFFFFFFFF);
SIR 10 TDI (01A);
RUNTEST 8 TCK;
SDR 320 TDI (21084210842108421084210842108421084210842108421084210842108421084210842108421084);
SIR 10 TDI (036);
RUNTEST 18 TCK;
SIR 10 TDI (026);
RUNTEST 8 TCK;
SDR 64 TDI (FFFFFFFFFFFFFFFF) TDO (5FFEFFFFFFFF173B) MASK (FFFFFFFFFFFFFFFF);
SIR 10 TDI (032);
RUNTEST 18 TCK;
SIR 10 TDI (026);
RUNTEST 8 TCK;
SDR 64 TDI (FFFFFFFFFFFFFFFF) TDO (5FFEFFFFFFFF173B);
SIR 10 TDI (01A);
RUNTEST 8 TCK;
SDR 320 TDI (10842108421084210842108421084210842108421084210842108421084210842108421084210842);
SIR 10 TDI (036);
RUNTEST 18 TCK;
SIR 10 TDI (026);
RUNTEST 8 TCK;
SDR 64 TDI (FFFFFFFFFFFFFFFF) TDO (FFFFFFFFFFFFFFFF) MASK (FFFFFFFFFFFFFFFF);
SIR 10 TDI (032);
RUNTEST 18 TCK;
SIR 10 TDI (026);
RUNTEST 8 TCK;
SDR 64 TDI (FFFFFFFFFFFFFFFF) TDO (FFFFFFFFFFFFFFFF);
SIR 10 TDI (01A);
RUNTEST 8 TCK;
SDR 320 TDI (08421084210842108421084210842108421084210842108421084210842108421084210842108421);
SIR 10 TDI (036);
RUNTEST 18 TCK;
SIR 10 TDI (026);
RUNTEST 8 TCK;
SDR 64 TDI (FFFFFFFFFFFFFFFF) TDO (57F2FFFBFE5F152B) MASK (FFFFFFFFFFFFFFFF);
SIR 10 TDI (032);
RUNTEST 18 TCK;
SIR 10 TDI (026);
RUNTEST 8 TCK;
SDR 64 TDI (FFFFFFFFFFFFFFFF) TDO (57F2FFFBFE5F152B);
SIR 10 TDI (01E);
RUNTEST 8 TCK;
SDR 273 TDI (000000000000080000000000000000000000000000000000000000400000000000000);
SIR 10 TDI (012);
RUNTEST 8 TCK;
SIR 10 TDI (016);
RUNTEST 8 TCK;
SDR 320 TDI (84210842108421084210842108421084210842108421084210842108421084210842108421084210);
SIR 10 TDI (01A);
RUNTEST 8 TCK;
SDR 320 TDI (84210842108421084210842108421084210842108421084210842108421084210842108421084210);
SIR 10 TDI (036);
RUNTEST 18 TCK;
SIR 10 TDI (022);
RUNTEST 8 TCK;
SDR 64 TDI (FFFFFFFFFFFFFFFF) TDO (FFFFFFFFFFFFFFFF) MASK (FFFFFFFFFFFFFFFF);
SIR 10 TDI (032);
RUNTEST 18 TCK;
SIR 10 TDI (022);
RUNTEST 8 TCK;
SDR 64 TDI (FFFFFFFFFFFFFFFF) TDO (FFFFFFFFFFFFFFFF);
SIR 10 TDI (016);
RUNTEST 8 TCK;
SDR 320 TDI (42108421084210842108421084210842108421084210842108421084210842108421084210842108);
SIR 10 TDI (036);
RUNTEST 18 TCK;
SIR 10 TDI (022);
RUNTEST 8 TCK;
SDR 64 TDI (FFFFFFFFFFFFFFFF) TDO (FFFFFFFFFFFFFFFE) MASK (FFFFFFFFFFFFFFFF);
SIR 10 TDI (032);
RUNTEST 18 TCK;
SIR 10 TDI (022);
RUNTEST 8 TCK;
SDR 64 TDI (FFFFFFFFFFFFFFFF) TDO (FFFFFFFFFFFFFFFE);
SIR 10 TDI (016);
RUNTEST 8 TCK;
SDR 320 TDI (21084210842108421084210842108421084210842108421084210842108421084210842108421084);
SIR 10 TDI (036);
RUNTEST 18 TCK;
SIR 10 TDI (022);
RUNTEST 8 TCK;
SDR 64 TDI (FFFFFFFFFFFFFFFF) TDO (1057DFFEDEFF7BFD) MASK (FFFFFFFFFFFFFFFF);
SIR 10 TDI (032);
RUNTEST 18 TCK;
SIR 10 TDI (022);
RUNTEST 8 TCK;
SDR 64 TDI (FFFFFFFFFFFFFFFF) TDO (1057DFFEDEFF7BFD);
SIR 10 TDI (016);
RUNTEST 8 TCK;
SDR 320 TDI (10842108421084210842108421084210842108421084210842108421084210842108421084210842);
SIR 10 TDI (036);
RUNTEST 18 TCK;
SIR 10 TDI (022);
RUNTEST 8 TCK;
SDR 64 TDI (FFFFFFFFFFFFFFFF) TDO (FFFFFFFFFFFFFFFF) MASK (FFFFFFFFFFFFFFFF);
SIR 10 TDI (032);
RUNTEST 18 TCK;
SIR 10 TDI (022);
RUNTEST 8 TCK;
SDR 64 TDI (FFFFFFFFFFFFFFFF) TDO (FFFFFFFFFFFFFFFF);
SIR 10 TDI (016);
RUNTEST 8 TCK;
SDR 320 TDI (08421084210842108421084210842108421084210842108421084210842108421084210842108421);
SIR 10 TDI (036);
RUNTEST 18 TCK;
SIR 10 TDI (022);
RUNTEST 8 TCK;
SDR 64 TDI (FFFFFFFFFFFFFFFF) TDO (0053DFEE80D11BFD) MASK (FFFFFFFFFFFFFFFF);
SIR 10 TDI (032);
RUNTEST 18 TCK;
SIR 10 TDI (022);
RUNTEST 8 TCK;
SDR 64 TDI (FFFFFFFFFFFFFFFF) TDO (0053DFEE80D11BFD);
SIR 10 TDI (036);
RUNTEST 18 TCK;
SIR 10 TDI (026);
RUNTEST 8 TCK;
SDR 64 TDI (FFFFFFFFFFFFFFFF) TDO (FFFFFFFFFFFFFFFF);
SIR 10 TDI (032);
RUNTEST 18 TCK;
SIR 10 TDI (026);
RUNTEST 8 TCK;
SDR 64 TDI (FFFFFFFFFFFFFFFF) TDO (FFFFFFFFFFFFFFFF);
SIR 10 TDI (01A);
RUNTEST 8 TCK;
SDR 320 TDI (42108421084210842108421084210842108421084210842108421084210842108421084210842108);
SIR 10 TDI (036);
RUNTEST 18 TCK;
SIR 10 TDI (026);
RUNTEST 8 TCK;
SDR 64 TDI (FFFFFFFFFFFFFFFF) TDO (FFFEFFFBFFFFFFFF) MASK (FFFFFFFFFFFFFFFF);
SIR 10 TDI (032);
RUNTEST 18 TCK;
SIR 10 TDI (026);
RUNTEST 8 TCK;
SDR 64 TDI (FFFFFFFFFFFFFFFF) TDO (FFFEFFFBFFFFFFFF);
SIR 10 TDI (01A);
RUNTEST 8 TCK;
SDR 320 TDI (21084210842108421084210842108421084210842108421084210842108421084210842108421084);
SIR 10 TDI (036);
RUNTEST 18 TCK;
SIR 10 TDI (026);
RUNTEST 8 TCK;
SDR 64 TDI (FFFFFFFFFFFFFFFF) TDO (5FF6FFFFFFFF173B) MASK (FFFFFFFFFFFFFFFF);
SIR 10 TDI (032);
RUNTEST 18 TCK;
SIR 10 TDI (026);
RUNTEST 8 TCK;
SDR 64 TDI (FFFFFFFFFFFFFFFF) TDO (5FF6FFFFFFFF173B);
SIR 10 TDI (01A);
RUNTEST 8 TCK;
SDR 320 TDI (10842108421084210842108421084210842108421084210842108421084210842108421084210842);
SIR 10 TDI (036);
RUNTEST 18 TCK;
SIR 10 TDI (026);
RUNTEST 8 TCK;
SDR 64 TDI (FFFFFFFFFFFFFFFF) TDO (FFFFFFFFF7FFFFFF) MASK (FFFFFFFFFFFFFFFF);
SIR 10 TDI (032);
RUNTEST 18 TCK;
SIR 10 TDI (026);
RUNTEST 8 TCK;
SDR 64 TDI (FFFFFFFFFFFFFFFF) TDO (FFFFFFFFF7FFFFFF);
SIR 10 TDI (01A);
RUNTEST 8 TCK;
SDR 320 TDI (08421084210842108421084210842108421084210842108421084210842108421084210842108421);
SIR 10 TDI (036);
RUNTEST 18 TCK;
SIR 10 TDI (026);
RUNTEST 8 TCK;
SDR 64 TDI (FFFFFFFFFFFFFFFF) TDO (57F2FFFBFE5F152B) MASK (FFFFFFFFFFFFFFFF);
SIR 10 TDI (032);
RUNTEST 18 TCK;
SIR 10 TDI (026);
RUNTEST 8 TCK;
SDR 64 TDI (FFFFFFFFFFFFFFFF) TDO (57F2FFFBFE5F152B);
SIR 10 TDI (01E);
RUNTEST 8 TCK;
SDR 273 TDI (000000000000040000000000000000000000000000000000000000200000000000000);
SIR 10 TDI (012);
RUNTEST 8 TCK;
SIR 10 TDI (016);
RUNTEST 8 TCK;
SDR 320 TDI (84210842108421084210842108421084210842108421084210842108421084210842108421084210);
SIR 10 TDI (01A);
RUNTEST 8 TCK;
SDR 320 TDI (84210842108421084210842108421084210842108421084210842108421084210842108421084210);
SIR 10 TDI (036);
RUNTEST 18 TCK;
SIR 10 TDI (022);
RUNTEST 8 TCK;
SDR 64 TDI (FFFFFFFFFFFFFFFF) TDO (FFFFFFFFFFFFFFFF) MASK (FFFFFFFFFFFFFFFF);
SIR 10 TDI (032);
RUNTEST 18 TCK;
SIR 10 TDI (022);
RUNTEST 8 TCK;
SDR 64 TDI (FFFFFFFFFFFFFFFF) TDO (FFFFFFFFFFFFFFFF);
SIR 10 TDI (016);
RUNTEST 8 TCK;
SDR 320 TDI (42108421084210842108421084210842108421084210842108421084210842108421084210842108);
SIR 10 TDI (036);
RUNTEST 18 TCK;
SIR 10 TDI (022);
RUNTEST 8 TCK;
SDR 64 TDI (FFFFFFFFFFFFFFFF) TDO (FFFFFFFFFFFFFFFF) MASK (FFFFFFFFFFFFFFFF);
SIR 10 TDI (032);
RUNTEST 18 TCK;
SIR 10 TDI (022);
RUNTEST 8 TCK;
SDR 64 TDI (FFFFFFFFFFFFFFFF) TDO (FFFFFFFFFFFFFFFF);
SIR 10 TDI (016);
RUNTEST 8 TCK;
SDR 320 TDI (21084210842108421084210842108421084210842108421084210842108421084210842108421084);
SIR 10 TDI (036);
RUNTEST 18 TCK;
SIR 10 TDI (022);
RUNTEST 8 TCK;
SDR 64 TDI (FFFFFFFFFFFFFFFF) TDO (1057DFFEDEFF7BFD) MASK (FFFFFFFFFFFFFFFF);
SIR 10 TDI (032);
RUNTEST 18 TCK;
SIR 10 TDI (022);
RUNTEST 8 TCK;
SDR 64 TDI (FFFFFFFFFFFFFFFF) TDO (1057DFFEDEFF7BFD);
SIR 10 TDI (016);
RUNTEST 8 TCK;
SDR 320 TDI (10842108421084210842108421084210842108421084210842108421084210842108421084210842);
SIR 10 TDI (036);
RUNTEST 18 TCK;
SIR 10 TDI (022);
RUNTEST 8 TCK;
SDR 64 TDI (FFFFFFFFFFFFFFFF) TDO (FFFFFFFFFFFFFFFF) MASK (FFFFFFFFFFFFFFFF);
SIR 10 TDI (032);
RUNTEST 18 TCK;
SIR 10 TDI (022);
RUNTEST 8 TCK;
SDR 64 TDI (FFFFFFFFFFFFFFFF) TDO (FFFFFFFFFFFFFFFF);
SIR 10 TDI (016);
RUNTEST 8 TCK;
SDR 320 TDI (08421084210842108421084210842108421084210842108421084210842108421084210842108421);
SIR 10 TDI (036);
RUNTEST 18 TCK;
SIR 10 TDI (022);
RUNTEST 8 TCK;
SDR 64 TDI (FFFFFFFFFFFFFFFF) TDO (0053DFEE80D11BFD) MASK (FFFFFFFFFFFFFFFF);
SIR 10 TDI (032);
RUNTEST 18 TCK;
SIR 10 TDI (022);
RUNTEST 8 TCK;
SDR 64 TDI (FFFFFFFFFFFFFFFF) TDO (0053DFEE80D11BFD);
SIR 10 TDI (036);
RUNTEST 18 TCK;
SIR 10 TDI (026);
RUNTEST 8 TCK;
SDR 64 TDI (FFFFFFFFFFFFFFFF) TDO (FFFFFFFFFFFFFFFF);
SIR 10 TDI (032);
RUNTEST 18 TCK;
SIR 10 TDI (026);
RUNTEST 8 TCK;
SDR 64 TDI (FFFFFFFFFFFFFFFF) TDO (FFFFFFFFFFFFFFFF);
SIR 10 TDI (01A);
RUNTEST 8 TCK;
SDR 320 TDI (42108421084210842108421084210842108421084210842108421084210842108421084210842108);
SIR 10 TDI (036);
RUNTEST 18 TCK;
SIR 10 TDI (026);
RUNTEST 8 TCK;
SDR 64 TDI (FFFFFFFFFFFFFFFF) TDO (FFFEFFFFFFFFFFFF) MASK (FFFFFFFFFFFFFFFF);
SIR 10 TDI (032);
RUNTEST 18 TCK;
SIR 10 TDI (026);
RUNTEST 8 TCK;
SDR 64 TDI (FFFFFFFFFFFFFFFF) TDO (FFFEFFFFFFFFFFFF);
SIR 10 TDI (01A);
RUNTEST 8 TCK;
SDR 320 TDI (21084210842108421084210842108421084210842108421084210842108421084210842108421084);
SIR 10 TDI (036);
RUNTEST 18 TCK;
SIR 10 TDI (026);
RUNTEST 8 TCK;
SDR 64 TDI (FFFFFFFFFFFFFFFF) TDO (5FFEFFFFFFFF173B) MASK (FFFFFFFFFFFFFFFF);
SIR 10 TDI (032);
RUNTEST 18 TCK;
SIR 10 TDI (026);
RUNTEST 8 TCK;
SDR 64 TDI (FFFFFFFFFFFFFFFF) TDO (5FFEFFFFFFFF173B);
SIR 10 TDI (01A);
RUNTEST 8 TCK;
SDR 320 TDI (10842108421084210842108421084210842108421084210842108421084210842108421084210842);
SIR 10 TDI (036);
RUNTEST 18 TCK;
SIR 10 TDI (026);
RUNTEST 8 TCK;
SDR 64 TDI (FFFFFFFFFFFFFFFF) TDO (FFFFFFFFFFFFFFFF) MASK (FFFFFFFFFFFFFFFF);
SIR 10 TDI (032);
RUNTEST 18 TCK;
SIR 10 TDI (026);
RUNTEST 8 TCK;
SDR 64 TDI (FFFFFFFFFFFFFFFF) TDO (FFFFFFFFFFFFFFFF);
SIR 10 TDI (01A);
RUNTEST 8 TCK;
SDR 320 TDI (08421084210842108421084210842108421084210842108421084210842108421084210842108421);
SIR 10 TDI (036);
RUNTEST 18 TCK;
SIR 10 TDI (026);
RUNTEST 8 TCK;
SDR 64 TDI (FFFFFFFFFFFFFFFF) TDO (57F2FFFBFE5F152B) MASK (FFFFFFFFFFFFFFFF);
SIR 10 TDI (032);
RUNTEST 18 TCK;
SIR 10 TDI (026);
RUNTEST 8 TCK;
SDR 64 TDI (FFFFFFFFFFFFFFFF) TDO (57F2FFFBFE5F152B);
SIR 10 TDI (01E);
RUNTEST 8 TCK;
SDR 273 TDI (000000000000020000000000000000000000000000000000000000100000000000000);
SIR 10 TDI (012);
RUNTEST 8 TCK;
SIR 10 TDI (016);
RUNTEST 8 TCK;
SDR 320 TDI (84210842108421084210842108421084210842108421084210842108421084210842108421084210);
SIR 10 TDI (01A);
RUNTEST 8 TCK;
SDR 320 TDI (84210842108421084210842108421084210842108421084210842108421084210842108421084210);
SIR 10 TDI (036);
RUNTEST 18 TCK;
SIR 10 TDI (022);
RUNTEST 8 TCK;
SDR 64 TDI (FFFFFFFFFFFFFFFF) TDO (FFFFFFFFFFFFFFFF) MASK (FFFFFFFFFFFFFFFF);
SIR 10 TDI (032);
RUNTEST 18 TCK;
SIR 10 TDI (022);
RUNTEST 8 TCK;
SDR 64 TDI (FFFFFFFFFFFFFFFF) TDO (FFFFFFFFFFFFFFFF);
SIR 10 TDI (016);
RUNTEST 8 TCK;
SDR 320 TDI (42108421084210842108421084210842108421084210842108421084210842108421084210842108);
SIR 10 TDI (036);
RUNTEST 18 TCK;
SIR 10 TDI (022);
RUNTEST 8 TCK;
SDR 64 TDI (FFFFFFFFFFFFFFFF) TDO (FFFF2E3FF7FFFFFF) MASK (FFFFFFFFFFFFFFFF);
SIR 10 TDI (032);
RUNTEST 18 TCK;
SIR 10 TDI (022);
RUNTEST 8 TCK;
SDR 64 TDI (FFFFFFFFFFFFFFFF) TDO (FFFF2E3FF7FFFFFF);
SIR 10 TDI (016);
RUNTEST 8 TCK;
SDR 320 TDI (21084210842108421084210842108421084210842108421084210842108421084210842108421084);
SIR 10 TDI (036);
RUNTEST 18 TCK;
SIR 10 TDI (022);
RUNTEST 8 TCK;
SDR 64 TDI (FFFFFFFFFFFFFFFF) TDO (1057DFFEDEFF7BFD) MASK (FFFFFFFFFFFFFFFF);
SIR 10 TDI (032);
RUNTEST 18 TCK;
SIR 10 TDI (022);
RUNTEST 8 TCK;
SDR 64 TDI (FFFFFFFFFFFFFFFF) TDO (1057DFFEDEFF7BFD);
SIR 10 TDI (016);
RUNTEST 8 TCK;
SDR 320 TDI (10842108421084210842108421084210842108421084210842108421084210842108421084210842);
SIR 10 TDI (036);
RUNTEST 18 TCK;
SIR 10 TDI (022);
RUNTEST 8 TCK;
SDR 64 TDI (FFFFFFFFFFFFFFFF) TDO (FFFF2F3FA9D5FFFF) MASK (FFFFFFFFFFFFFFFF);
SIR 10 TDI (032);
RUNTEST 18 TCK;
SIR 10 TDI (022);
RUNTEST 8 TCK;
SDR 64 TDI (FFFFFFFFFFFFFFFF) TDO (FFFF2F3FA9D5FFFF);
SIR 10 TDI (016);
RUNTEST 8 TCK;
SDR 320 TDI (08421084210842108421084210842108421084210842108421084210842108421084210842108421);
SIR 10 TDI (036);
RUNTEST 18 TCK;
SIR 10 TDI (022);
RUNTEST 8 TCK;
SDR 64 TDI (FFFFFFFFFFFFFFFF) TDO (0053DFEE80D11BFD) MASK (FFFFFFFFFFFFFFFF);
SIR 10 TDI (032);
RUNTEST 18 TCK;
SIR 10 TDI (022);
RUNTEST 8 TCK;
SDR 64 TDI (FFFFFFFFFFFFFFFF) TDO (0053DFEE80D11BFD);
SIR 10 TDI (036);
RUNTEST 18 TCK;
SIR 10 TDI (026);
RUNTEST 8 TCK;
SDR 64 TDI (FFFFFFFFFFFFFFFF) TDO (FFFFFFFFFFFFFFFF);
SIR 10 TDI (032);
RUNTEST 18 TCK;
SIR 10 TDI (026);
RUNTEST 8 TCK;
SDR 64 TDI (FFFFFFFFFFFFFFFF) TDO (FFFFFFFFFFFFFFFF);
SIR 10 TDI (01A);
RUNTEST 8 TCK;
SDR 320 TDI (42108421084210842108421084210842108421084210842108421084210842108421084210842108);
SIR 10 TDI (036);
RUNTEST 18 TCK;
SIR 10 TDI (026);
RUNTEST 8 TCK;
SDR 64 TDI (FFFFFFFFFFFFFFFF) TDO (FFFEFFFFFFFFF5B6) MASK (FFFFFFFFFFFFFFFF);
SIR 10 TDI (032);
RUNTEST 18 TCK;
SIR 10 TDI (026);
RUNTEST 8 TCK;
SDR 64 TDI (FFFFFFFFFFFFFFFF) TDO (FFFEFFFFFFFFF5B6);
SIR 10 TDI (01A);
RUNTEST 8 TCK;
SDR 320 TDI (21084210842108421084210842108421084210842108421084210842108421084210842108421084);
SIR 10 TDI (036);
RUNTEST 18 TCK;
SIR 10 TDI (026);
RUNTEST 8 TCK;
SDR 64 TDI (FFFFFFFFFFFFFFFF) TDO (5FFEFFFFFF7F173B) MASK (FFFFFFFFFFFFFFFF);
SIR 10 TDI (032);
RUNTEST 18 TCK;
SIR 10 TDI (026);
RUNTEST 8 TCK;
SDR 64 TDI (FFFFFFFFFFFFFFFF) TDO (5FFEFFFFFF7F173B);
SIR 10 TDI (01A);
RUNTEST 8 TCK;
SDR 320 TDI (10842108421084210842108421084210842108421084210842108421084210842108421084210842);
SIR 10 TDI (036);
RUNTEST 18 TCK;
SIR 10 TDI (026);
RUNTEST 8 TCK;
SDR 64 TDI (FFFFFFFFFFFFFFFF) TDO (FFFFFFFFF7FFFFFF) MASK (FFFFFFFFFFFFFFFF);
SIR 10 TDI (032);
RUNTEST 18 TCK;
SIR 10 TDI (026);
RUNTEST 8 TCK;
SDR 64 TDI (FFFFFFFFFFFFFFFF) TDO (FFFFFFFFF7FFFFFF);
SIR 10 TDI (01A);
RUNTEST 8 TCK;
SDR 320 TDI (08421084210842108421084210842108421084210842108421084210842108421084210842108421);
SIR 10 TDI (036);
RUNTEST 18 TCK;
SIR 10 TDI (026);
RUNTEST 8 TCK;
SDR 64 TDI (FFFFFFFFFFFFFFFF) TDO (57F2FFFBFE5F152B) MASK (FFFFFFFFFFFFFFFF);
SIR 10 TDI (032);
RUNTEST 18 TCK;
SIR 10 TDI (026);
RUNTEST 8 TCK;
SDR 64 TDI (FFFFFFFFFFFFFFFF) TDO (57F2FFFBFE5F152B);
SIR 10 TDI (01E);
RUNTEST 8 TCK;
SDR 273 TDI (000000000000010000000000000000000000000000000000000000080000000000000);
SIR 10 TDI (012);
RUNTEST 8 TCK;
SIR 10 TDI (016);
RUNTEST 8 TCK;
SDR 320 TDI (84210842108421084210842108421084210842108421084210842108421084210842108421084210);
SIR 10 TDI (01A);
RUNTEST 8 TCK;
SDR 320 TDI (84210842108421084210842108421084210842108421084210842108421084210842108421084210);
SIR 10 TDI (036);
RUNTEST 18 TCK;
SIR 10 TDI (022);
RUNTEST 8 TCK;
SDR 64 TDI (FFFFFFFFFFFFFFFF) TDO (FFFFFFFFFFFFFFFF) MASK (FFFFFFFFFFFFFFFF);
SIR 10 TDI (032);
RUNTEST 18 TCK;
SIR 10 TDI (022);
RUNTEST 8 TCK;
SDR 64 TDI (FFFFFFFFFFFFFFFF) TDO (FFFFFFFFFFFFFFFF);
SIR 10 TDI (016);
RUNTEST 8 TCK;
SDR 320 TDI (42108421084210842108421084210842108421084210842108421084210842108421084210842108);
SIR 10 TDI (036);
RUNTEST 18 TCK;
SIR 10 TDI (022);
RUNTEST 8 TCK;
SDR 64 TDI (FFFFFFFFFFFFFFFF) TDO (FFFFFFFFFFFFFFFF) MASK (FFFFFFFFFFFFFFFF);
SIR 10 TDI (032);
RUNTEST 18 TCK;
SIR 10 TDI (022);
RUNTEST 8 TCK;
SDR 64 TDI (FFFFFFFFFFFFFFFF) TDO (FFFFFFFFFFFFFFFF);
SIR 10 TDI (016);
RUNTEST 8 TCK;
SDR 320 TDI (21084210842108421084210842108421084210842108421084210842108421084210842108421084);
SIR 10 TDI (036);
RUNTEST 18 TCK;
SIR 10 TDI (022);
RUNTEST 8 TCK;
SDR 64 TDI (FFFFFFFFFFFFFFFF) TDO (1057DFFEDEFF7BFD) MASK (FFFFFFFFFFFFFFFF);
SIR 10 TDI (032);
RUNTEST 18 TCK;
SIR 10 TDI (022);
RUNTEST 8 TCK;
SDR 64 TDI (FFFFFFFFFFFFFFFF) TDO (1057DFFEDEFF7BFD);
SIR 10 TDI (016);
RUNTEST 8 TCK;
SDR 320 TDI (10842108421084210842108421084210842108421084210842108421084210842108421084210842);
SIR 10 TDI (036);
RUNTEST 18 TCK;
SIR 10 TDI (022);
RUNTEST 8 TCK;
SDR 64 TDI (FFFFFFFFFFFFFFFF) TDO (FFFFFFFFFFFFFFFF) MASK (FFFFFFFFFFFFFFFF);
SIR 10 TDI (032);
RUNTEST 18 TCK;
SIR 10 TDI (022);
RUNTEST 8 TCK;
SDR 64 TDI (FFFFFFFFFFFFFFFF) TDO (FFFFFFFFFFFFFFFF);
SIR 10 TDI (016);
RUNTEST 8 TCK;
SDR 320 TDI (08421084210842108421084210842108421084210842108421084210842108421084210842108421);
SIR 10 TDI (036);
RUNTEST 18 TCK;
SIR 10 TDI (022);
RUNTEST 8 TCK;
SDR 64 TDI (FFFFFFFFFFFFFFFF) TDO (0053DFEE80D11BFD) MASK (FFFFFFFFFFFFFFFF);
SIR 10 TDI (032);
RUNTEST 18 TCK;
SIR 10 TDI (022);
RUNTEST 8 TCK;
SDR 64 TDI (FFFFFFFFFFFFFFFF) TDO (0053DFEE80D11BFD);
SIR 10 TDI (036);
RUNTEST 18 TCK;
SIR 10 TDI (026);
RUNTEST 8 TCK;
SDR 64 TDI (FFFFFFFFFFFFFFFF) TDO (FFFFFFFFFFFFFAF6);
SIR 10 TDI (032);
RUNTEST 18 TCK;
SIR 10 TDI (026);
RUNTEST 8 TCK;
SDR 64 TDI (FFFFFFFFFFFFFFFF) TDO (FFFFFFFFFFFFFAF6);
SIR 10 TDI (01A);
RUNTEST 8 TCK;
SDR 320 TDI (42108421084210842108421084210842108421084210842108421084210842108421084210842108);
SIR 10 TDI (036);
RUNTEST 18 TCK;
SIR 10 TDI (026);
RUNTEST 8 TCK;
SDR 64 TDI (FFFFFFFFFFFFFFFF) TDO (DFFEFFFFFFFF1A5F) MASK (FFFFFFFFFFFFFFFF);
SIR 10 TDI (032);
RUNTEST 18 TCK;
SIR 10 TDI (026);
RUNTEST 8 TCK;
SDR 64 TDI (FFFFFFFFFFFFFFFF) TDO (DFFEFFFFFFFF1A5F);
SIR 10 TDI (01A);
RUNTEST 8 TCK;
SDR 320 TDI (21084210842108421084210842108421084210842108421084210842108421084210842108421084);
SIR 10 TDI (036);
RUNTEST 18 TCK;
SIR 10 TDI (026);
RUNTEST 8 TCK;
SDR 64 TDI (FFFFFFFFFFFFFFFF) TDO (5FFEFFFFFFFF121B) MASK (FFFFFFFFFFFFFFFF);
SIR 10 TDI (032);
RUNTEST 18 TCK;
SIR 10 TDI (026);
RUNTEST 8 TCK;
SDR 64 TDI (FFFFFFFFFFFFFFFF) TDO (5FFEFFFFFFFF121B);
SIR 10 TDI (01A);
RUNTEST 8 TCK;
SDR 320 TDI (10842108421084210842108421084210842108421084210842108421084210842108421084210842);
SIR 10 TDI (036);
RUNTEST 18 TCK;
SIR 10 TDI (026);
RUNTEST 8 TCK;
SDR 64 TDI (FFFFFFFFFFFFFFFF) TDO (FFFFFFFFFFFFFAC6) MASK (FFFFFFFFFFFFFFFF);
SIR 10 TDI (032);
RUNTEST 18 TCK;
SIR 10 TDI (026);
RUNTEST 8 TCK;
SDR 64 TDI (FFFFFFFFFFFFFFFF) TDO (FFFFFFFFFFFFFAC6);
SIR 10 TDI (01A);
RUNTEST 8 TCK;
SDR 320 TDI (08421084210842108421084210842108421084210842108421084210842108421084210842108421);
SIR 10 TDI (036);
RUNTEST 18 TCK;
SIR 10 TDI (026);
RUNTEST 8 TCK;
SDR 64 TDI (FFFFFFFFFFFFFFFF) TDO (57F2FFFBFE5F1402) MASK (FFFFFFFFFFFFFFFF);
SIR 10 TDI (032);
RUNTEST 18 TCK;
SIR 10 TDI (026);
RUNTEST 8 TCK;
SDR 64 TDI (FFFFFFFFFFFFFFFF) TDO (57F2FFFBFE5F1402);
SIR 10 TDI (01E);
RUNTEST 8 TCK;
SDR 273 TDI (000000000000008000000000000000000000000000000000000000040000000000000);
SIR 10 TDI (012);
RUNTEST 8 TCK;
SIR 10 TDI (016);
RUNTEST 8 TCK;
SDR 320 TDI (84210842108421084210842108421084210842108421084210842108421084210842108421084210);
SIR 10 TDI (01A);
RUNTEST 8 TCK;
SDR 320 TDI (84210842108421084210842108421084210842108421084210842108421084210842108421084210);
SIR 10 TDI (036);
RUNTEST 18 TCK;
SIR 10 TDI (022);
RUNTEST 8 TCK;
SDR 64 TDI (FFFFFFFFFFFFFFFF) TDO (FFFFFFFFFFFFFFFF) MASK (FFFFFFFFFFFFFFFF);
SIR 10 TDI (032);
RUNTEST 18 TCK;
SIR 10 TDI (022);
RUNTEST 8 TCK;
SDR 64 TDI (FFFFFFFFFFFFFFFF) TDO (FFFFFFFFFFFFFFFF);
SIR 10 TDI (016);
RUNTEST 8 TCK;
SDR 320 TDI (42108421084210842108421084210842108421084210842108421084210842108421084210842108);
SIR 10 TDI (036);
RUNTEST 18 TCK;
SIR 10 TDI (022);
RUNTEST 8 TCK;
SDR 64 TDI (FFFFFFFFFFFFFFFF) TDO (FFADFDFFFFFFFFFF) MASK (FFFFFFFFFFFFFFFF);
SIR 10 TDI (032);
RUNTEST 18 TCK;
SIR 10 TDI (022);
RUNTEST 8 TCK;
SDR 64 TDI (FFFFFFFFFFFFFFFF) TDO (FFADFDFFFFFFFFFF);
SIR 10 TDI (016);
RUNTEST 8 TCK;
SDR 320 TDI (21084210842108421084210842108421084210842108421084210842108421084210842108421084);
SIR 10 TDI (036);
RUNTEST 18 TCK;
SIR 10 TDI (022);
RUNTEST 8 TCK;
SDR 64 TDI (FFFFFFFFFFFFFFFF) TDO (1057DFFEDEFF7BFD) MASK (FFFFFFFFFFFFFFFF);
SIR 10 TDI (032);
RUNTEST 18 TCK;
SIR 10 TDI (022);
RUNTEST 8 TCK;
SDR 64 TDI (FFFFFFFFFFFFFFFF) TDO (1057DFFEDEFF7BFD);
SIR 10 TDI (016);
RUNTEST 8 TCK;
SDR 320 TDI (10842108421084210842108421084210842108421084210842108421084210842108421084210842);
SIR 10 TDI (036);
RUNTEST 18 TCK;
SIR 10 TDI (022);
RUNTEST 8 TCK;
SDR 64 TDI (FFFFFFFFFFFFFFFF) TDO (FFFEFF7FFFFFFFFF) MASK (FFFFFFFFFFFFFFFF);
SIR 10 TDI (032);
RUNTEST 18 TCK;
SIR 10 TDI (022);
RUNTEST 8 TCK;
SDR 64 TDI (FFFFFFFFFFFFFFFF) TDO (FFFEFF7FFFFFFFFF);
SIR 10 TDI (016);
RUNTEST 8 TCK;
SDR 320 TDI (08421084210842108421084210842108421084210842108421084210842108421084210842108421);
SIR 10 TDI (036);
RUNTEST 18 TCK;
SIR 10 TDI (022);
RUNTEST 8 TCK;
SDR 64 TDI (FFFFFFFFFFFFFFFF) TDO (00009FAE80D11BFD) MASK (FFFFFFFFFFFFFFFF);
SIR 10 TDI (032);
RUNTEST 18 TCK;
SIR 10 TDI (022);
RUNTEST 8 TCK;
SDR 64 TDI (FFFFFFFFFFFFFFFF) TDO (00009FAE80D11BFD);
SIR 10 TDI (036);
RUNTEST 18 TCK;
SIR 10 TDI (026);
RUNTEST 8 TCK;
SDR 64 TDI (FFFFFFFFFFFFFFFF) TDO (FFFFFFFFFFFFFFFF);
SIR 10 TDI (032);
RUNTEST 18 TCK;
SIR 10 TDI (026);
RUNTEST 8 TCK;
SDR 64 TDI (FFFFFFFFFFFFFFFF) TDO (FFFFFFFFFFFFFFFF);
SIR 10 TDI (01A);
RUNTEST 8 TCK;
SDR 320 TDI (42108421084210842108421084210842108421084210842108421084210842108421084210842108);
SIR 10 TDI (036);
RUNTEST 18 TCK;
SIR 10 TDI (026);
RUNTEST 8 TCK;
SDR 64 TDI (FFFFFFFFFFFFFFFF) TDO (FFFEFFFFFFFFFFFF) MASK (FFFFFFFFFFFFFFFF);
SIR 10 TDI (032);
RUNTEST 18 TCK;
SIR 10 TDI (026);
RUNTEST 8 TCK;
SDR 64 TDI (FFFFFFFFFFFFFFFF) TDO (FFFEFFFFFFFFFFFF);
SIR 10 TDI (01A);
RUNTEST 8 TCK;
SDR 320 TDI (21084210842108421084210842108421084210842108421084210842108421084210842108421084);
SIR 10 TDI (036);
RUNTEST 18 TCK;
SIR 10 TDI (026);
RUNTEST 8 TCK;
SDR 64 TDI (FFFFFFFFFFFFFFFF) TDO (5FFEFFFFFFFF173B) MASK (FFFFFFFFFFFFFFFF);
SIR 10 TDI (032);
RUNTEST 18 TCK;
SIR 10 TDI (026);
RUNTEST 8 TCK;
SDR 64 TDI (FFFFFFFFFFFFFFFF) TDO (5FFEFFFFFFFF173B);
SIR 10 TDI (01A);
RUNTEST 8 TCK;
SDR 320 TDI (10842108421084210842108421084210842108421084210842108421084210842108421084210842);
SIR 10 TDI (036);
RUNTEST 18 TCK;
SIR 10 TDI (026);
RUNTEST 8 TCK;
SDR 64 TDI (FFFFFFFFFFFFFFFF) TDO (BE7DFFCFFFFFFFFE) MASK (FFFFFFFFFFFFFFFF);
SIR 10 TDI (032);
RUNTEST 18 TCK;
SIR 10 TDI (026);
RUNTEST 8 TCK;
SDR 64 TDI (FFFFFFFFFFFFFFFF) TDO (BE7DFFCFFFFFFFFE);
SIR 10 TDI (01A);
RUNTEST 8 TCK;
SDR 320 TDI (08421084210842108421084210842108421084210842108421084210842108421084210842108421);
SIR 10 TDI (036);
RUNTEST 18 TCK;
SIR 10 TDI (026);
RUNTEST 8 TCK;
SDR 64 TDI (FFFFFFFFFFFFFFFF) TDO (57F2FFBBFE5F152B) MASK (FFFFFFFFFFFFFFFF);
SIR 10 TDI (032);
RUNTEST 18 TCK;
SIR 10 TDI (026);
RUNTEST 8 TCK;
SDR 64 TDI (FFFFFFFFFFFFFFFF) TDO (57F2FFBBFE5F152B);
SIR 10 TDI (01E);
RUNTEST 8 TCK;
SDR 273 TDI (000000000000004000000000000000000000000000000000000000020000000000000);
SIR 10 TDI (012);
RUNTEST 8 TCK;
SIR 10 TDI (016);
RUNTEST 8 TCK;
SDR 320 TDI (84210842108421084210842108421084210842108421084210842108421084210842108421084210);
SIR 10 TDI (01A);
RUNTEST 8 TCK;
SDR 320 TDI (84210842108421084210842108421084210842108421084210842108421084210842108421084210);
SIR 10 TDI (036);
RUNTEST 18 TCK;
SIR 10 TDI (022);
RUNTEST 8 TCK;
SDR 64 TDI (FFFFFFFFFFFFFFFF) TDO (FFFFFFFFFFFFFFFF) MASK (FFFFFFFFFFFFFFFF);
SIR 10 TDI (032);
RUNTEST 18 TCK;
SIR 10 TDI (022);
RUNTEST 8 TCK;
SDR 64 TDI (FFFFFFFFFFFFFFFF) TDO (FFFFFFFFFFFFFFFF);
SIR 10 TDI (016);
RUNTEST 8 TCK;
SDR 320 TDI (42108421084210842108421084210842108421084210842108421084210842108421084210842108);
SIR 10 TDI (036);
RUNTEST 18 TCK;
SIR 10 TDI (022);
RUNTEST 8 TCK;
SDR 64 TDI (FFFFFFFFFFFFFFFF) TDO (FFFFFF7FFFFFFFFF) MASK (FFFFFFFFFFFFFFFF);
SIR 10 TDI (032);
RUNTEST 18 TCK;
SIR 10 TDI (022);
RUNTEST 8 TCK;
SDR 64 TDI (FFFFFFFFFFFFFFFF) TDO (FFFFFF7FFFFFFFFF);
SIR 10 TDI (016);
RUNTEST 8 TCK;
SDR 320 TDI (21084210842108421084210842108421084210842108421084210842108421084210842108421084);
SIR 10 TDI (036);
RUNTEST 18 TCK;
SIR 10 TDI (022);
RUNTEST 8 TCK;
SDR 64 TDI (FFFFFFFFFFFFFFFF) TDO (0053DFFEDEFF7BFD) MASK (FFFFFFFFFFFFFFFF);
SIR 10 TDI (032);
RUNTEST 18 TCK;
SIR 10 TDI (022);
RUNTEST 8 TCK;
SDR 64 TDI (FFFFFFFFFFFFFFFF) TDO (0053DFFEDEFF7BFD);
SIR 10 TDI (016);
RUNTEST 8 TCK;
SDR 320 TDI (10842108421084210842108421084210842108421084210842108421084210842108421084210842);
SIR 10 TDI (036);
RUNTEST 18 TCK;
SIR 10 TDI (022);
RUNTEST 8 TCK;
SDR 64 TDI (FFFFFFFFFFFFFFFF) TDO (FBA9FFFFFFFFFFFF) MASK (FFFFFFFFFFFFFFFF);
SIR 10 TDI (032);
RUNTEST 18 TCK;
SIR 10 TDI (022);
RUNTEST 8 TCK;
SDR 64 TDI (FFFFFFFFFFFFFFFF) TDO (FBA9FFFFFFFFFFFF);
SIR 10 TDI (016);
RUNTEST 8 TCK;
SDR 320 TDI (08421084210842108421084210842108421084210842108421084210842108421084210842108421);
SIR 10 TDI (036);
RUNTEST 18 TCK;
SIR 10 TDI (022);
RUNTEST 8 TCK;
SDR 64 TDI (FFFFFFFFFFFFFFFF) TDO (0053DFEE80D11BFD) MASK (FFFFFFFFFFFFFFFF);
SIR 10 TDI (032);
RUNTEST 18 TCK;
SIR 10 TDI (022);
RUNTEST 8 TCK;
SDR 64 TDI (FFFFFFFFFFFFFFFF) TDO (0053DFEE80D11BFD);
SIR 10 TDI (036);
RUNTEST 18 TCK;
SIR 10 TDI (026);
RUNTEST 8 TCK;
SDR 64 TDI (FFFFFFFFFFFFFFFF) TDO (FFFFFFFFFFFFFFFF);
SIR 10 TDI (032);
RUNTEST 18 TCK;
SIR 10 TDI (026);
RUNTEST 8 TCK;
SDR 64 TDI (FFFFFFFFFFFFFFFF) TDO (FFFFFFFFFFFFFFFF);
SIR 10 TDI (01A);
RUNTEST 8 TCK;
SDR 320 TDI (42108421084210842108421084210842108421084210842108421084210842108421084210842108);
SIR 10 TDI (036);
RUNTEST 18 TCK;
SIR 10 TDI (026);
RUNTEST 8 TCK;
SDR 64 TDI (FFFFFFFFFFFFFFFF) TDO (FFFEFFFFFFFFFFFF) MASK (FFFFFFFFFFFFFFFF);
SIR 10 TDI (032);
RUNTEST 18 TCK;
SIR 10 TDI (026);
RUNTEST 8 TCK;
SDR 64 TDI (FFFFFFFFFFFFFFFF) TDO (FFFEFFFFFFFFFFFF);
SIR 10 TDI (01A);
RUNTEST 8 TCK;
SDR 320 TDI (21084210842108421084210842108421084210842108421084210842108421084210842108421084);
SIR 10 TDI (036);
RUNTEST 18 TCK;
SIR 10 TDI (026);
RUNTEST 8 TCK;
SDR 64 TDI (FFFFFFFFFFFFFFFF) TDO (5FFAFFFFFFFF173B) MASK (FFFFFFFFFFFFFFFF);
SIR 10 TDI (032);
RUNTEST 18 TCK;
SIR 10 TDI (026);
RUNTEST 8 TCK;
SDR 64 TDI (FFFFFFFFFFFFFFFF) TDO (5FFAFFFFFFFF173B);
SIR 10 TDI (01A);
RUNTEST 8 TCK;
SDR 320 TDI (10842108421084210842108421084210842108421084210842108421084210842108421084210842);
SIR 10 TDI (036);
RUNTEST 18 TCK;
SIR 10 TDI (026);
RUNTEST 8 TCK;
SDR 64 TDI (FFFFFFFFFFFFFFFF) TDO (FFFFFFFFFFFFFFFF) MASK (FFFFFFFFFFFFFFFF);
SIR 10 TDI (032);
RUNTEST 18 TCK;
SIR 10 TDI (026);
RUNTEST 8 TCK;
SDR 64 TDI (FFFFFFFFFFFFFFFF) TDO (FFFFFFFFFFFFFFFF);
SIR 10 TDI (01A);
RUNTEST 8 TCK;
SDR 320 TDI (08421084210842108421084210842108421084210842108421084210842108421084210842108421);
SIR 10 TDI (036);
RUNTEST 18 TCK;
SIR 10 TDI (026);
RUNTEST 8 TCK;
SDR 64 TDI (FFFFFFFFFFFFFFFF) TDO (57F2FFFBFE5F152B) MASK (FFFFFFFFFFFFFFFF);
SIR 10 TDI (032);
RUNTEST 18 TCK;
SIR 10 TDI (026);
RUNTEST 8 TCK;
SDR 64 TDI (FFFFFFFFFFFFFFFF) TDO (57F2FFFBFE5F152B);
SIR 10 TDI (01E);
RUNTEST 8 TCK;
SDR 273 TDI (000000000000002000000000000000000000000000000000000000010000000000000);
SIR 10 TDI (012);
RUNTEST 8 TCK;
SIR 10 TDI (016);
RUNTEST 8 TCK;
SDR 320 TDI (84210842108421084210842108421084210842108421084210842108421084210842108421084210);
SIR 10 TDI (01A);
RUNTEST 8 TCK;
SDR 320 TDI (84210842108421084210842108421084210842108421084210842108421084210842108421084210);
SIR 10 TDI (036);
RUNTEST 18 TCK;
SIR 10 TDI (022);
RUNTEST 8 TCK;
SDR 64 TDI (FFFFFFFFFFFFFFFF) TDO (FFFFFFFFFFFFFFFF) MASK (FFFFFFFFFFFFFFFF);
SIR 10 TDI (032);
RUNTEST 18 TCK;
SIR 10 TDI (022);
RUNTEST 8 TCK;
SDR 64 TDI (FFFFFFFFFFFFFFFF) TDO (FFFFFFFFFFFFFFFF);
SIR 10 TDI (016);
RUNTEST 8 TCK;
SDR 320 TDI (42108421084210842108421084210842108421084210842108421084210842108421084210842108);
SIR 10 TDI (036);
RUNTEST 18 TCK;
SIR 10 TDI (022);
RUNTEST 8 TCK;
SDR 64 TDI (FFFFFFFFFFFFFFFF) TDO (FFFFFFFFFFFFBFFF) MASK (FFFFFFFFFFFFFFFF);
SIR 10 TDI (032);
RUNTEST 18 TCK;
SIR 10 TDI (022);
RUNTEST 8 TCK;
SDR 64 TDI (FFFFFFFFFFFFFFFF) TDO (FFFFFFFFFFFFBFFF);
SIR 10 TDI (016);
RUNTEST 8 TCK;
SDR 320 TDI (21084210842108421084210842108421084210842108421084210842108421084210842108421084);
SIR 10 TDI (036);
RUNTEST 18 TCK;
SIR 10 TDI (022);
RUNTEST 8 TCK;
SDR 64 TDI (FFFFFFFFFFFFFFFF) TDO (1057DFFEDEFF7BFD) MASK (FFFFFFFFFFFFFFFF);
SIR 10 TDI (032);
RUNTEST 18 TCK;
SIR 10 TDI (022);
RUNTEST 8 TCK;
SDR 64 TDI (FFFFFFFFFFFFFFFF) TDO (1057DFFEDEFF7BFD);
SIR 10 TDI (016);
RUNTEST 8 TCK;
SDR 320 TDI (10842108421084210842108421084210842108421084210842108421084210842108421084210842);
SIR 10 TDI (036);
RUNTEST 18 TCK;
SIR 10 TDI (022);
RUNTEST 8 TCK;
SDR 64 TDI (FFFFFFFFFFFFFFFF) TDO (FFFFFFFFFFFFFFFF) MASK (FFFFFFFFFFFFFFFF);
SIR 10 TDI (032);
RUNTEST 18 TCK;
SIR 10 TDI (022);
RUNTEST 8 TCK;
SDR 64 TDI (FFFFFFFFFFFFFFFF) TDO (FFFFFFFFFFFFFFFF);
SIR 10 TDI (016);
RUNTEST 8 TCK;
SDR 320 TDI (08421084210842108421084210842108421084210842108421084210842108421084210842108421);
SIR 10 TDI (036);
RUNTEST 18 TCK;
SIR 10 TDI (022);
RUNTEST 8 TCK;
SDR 64 TDI (FFFFFFFFFFFFFFFF) TDO (0053DFEE80D11BFD) MASK (FFFFFFFFFFFFFFFF);
SIR 10 TDI (032);
RUNTEST 18 TCK;
SIR 10 TDI (022);
RUNTEST 8 TCK;
SDR 64 TDI (FFFFFFFFFFFFFFFF) TDO (0053DFEE80D11BFD);
SIR 10 TDI (036);
RUNTEST 18 TCK;
SIR 10 TDI (026);
RUNTEST 8 TCK;
SDR 64 TDI (FFFFFFFFFFFFFFFF) TDO (FFFFFFFFFFFFFFDF);
SIR 10 TDI (032);
RUNTEST 18 TCK;
SIR 10 TDI (026);
RUNTEST 8 TCK;
SDR 64 TDI (FFFFFFFFFFFFFFFF) TDO (FFFFFFFFFFFFFFDF);
SIR 10 TDI (01A);
RUNTEST 8 TCK;
SDR 320 TDI (42108421084210842108421084210842108421084210842108421084210842108421084210842108);
SIR 10 TDI (036);
RUNTEST 18 TCK;
SIR 10 TDI (026);
RUNTEST 8 TCK;
SDR 64 TDI (FFFFFFFFFFFFFFFF) TDO (FFFEFFFFFFFFFFBF) MASK (FFFFFFFFFFFFFFFF);
SIR 10 TDI (032);
RUNTEST 18 TCK;
SIR 10 TDI (026);
RUNTEST 8 TCK;
SDR 64 TDI (FFFFFFFFFFFFFFFF) TDO (FFFEFFFFFFFFFFBF);
SIR 10 TDI (01A);
RUNTEST 8 TCK;
SDR 320 TDI (21084210842108421084210842108421084210842108421084210842108421084210842108421084);
SIR 10 TDI (036);
RUNTEST 18 TCK;
SIR 10 TDI (026);
RUNTEST 8 TCK;
SDR 64 TDI (FFFFFFFFFFFFFFFF) TDO (5FFEFFFFFFFF173B) MASK (FFFFFFFFFFFFFFFF);
SIR 10 TDI (032);
RUNTEST 18 TCK;
SIR 10 TDI (026);
RUNTEST 8 TCK;
SDR 64 TDI (FFFFFFFFFFFFFFFF) TDO (5FFEFFFFFFFF173B);
SIR 10 TDI (01A);
RUNTEST 8 TCK;
SDR 320 TDI (10842108421084210842108421084210842108421084210842108421084210842108421084210842);
SIR 10 TDI (036);
RUNTEST 18 TCK;
SIR 10 TDI (026);
RUNTEST 8 TCK;
SDR 64 TDI (FFFFFFFFFFFFFFFF) TDO (FE7DF7DF5FFFFFFF) MASK (FFFFFFFFFFFFFFFF);
SIR 10 TDI (032);
RUNTEST 18 TCK;
SIR 10 TDI (026);
RUNTEST 8 TCK;
SDR 64 TDI (FFFFFFFFFFFFFFFF) TDO (FE7DF7DF5FFFFFFF);
SIR 10 TDI (01A);
RUNTEST 8 TCK;
SDR 320 TDI (08421084210842108421084210842108421084210842108421084210842108421084210842108421);
SIR 10 TDI (036);
RUNTEST 18 TCK;
SIR 10 TDI (026);
RUNTEST 8 TCK;
SDR 64 TDI (FFFFFFFFFFFFFFFF) TDO (57F2FFEBFE5F152B) MASK (FFFFFFFFFFFFFFFF);
SIR 10 TDI (032);
RUNTEST 18 TCK;
SIR 10 TDI (026);
RUNTEST 8 TCK;
SDR 64 TDI (FFFFFFFFFFFFFFFF) TDO (57F2FFEBFE5F152B);
SIR 10 TDI (01E);
RUNTEST 8 TCK;
SDR 273 TDI (000000000000001000000000000000000000000000000000000000008000000000000);
SIR 10 TDI (012);
RUNTEST 8 TCK;
SIR 10 TDI (016);
RUNTEST 8 TCK;
SDR 320 TDI (84210842108421084210842108421084210842108421084210842108421084210842108421084210);
SIR 10 TDI (01A);
RUNTEST 8 TCK;
SDR 320 TDI (84210842108421084210842108421084210842108421084210842108421084210842108421084210);
SIR 10 TDI (036);
RUNTEST 18 TCK;
SIR 10 TDI (022);
RUNTEST 8 TCK;
SDR 64 TDI (FFFFFFFFFFFFFFFF) TDO (FFFFFFFFFFFFFFFF) MASK (FFFFFFFFFFFFFFFF);
SIR 10 TDI (032);
RUNTEST 18 TCK;
SIR 10 TDI (022);
RUNTEST 8 TCK;
SDR 64 TDI (FFFFFFFFFFFFFFFF) TDO (FFFFFFFFFFFFFFFF);
SIR 10 TDI (016);
RUNTEST 8 TCK;
SDR 320 TDI (42108421084210842108421084210842108421084210842108421084210842108421084210842108);
SIR 10 TDI (036);
RUNTEST 18 TCK;
SIR 10 TDI (022);
RUNTEST 8 TCK;
SDR 64 TDI (FFFFFFFFFFFFFFFF) TDO (FFFFFFFFFFFFFFFF) MASK (FFFFFFFFFFFFFFFF);
SIR 10 TDI (032);
RUNTEST 18 TCK;
SIR 10 TDI (022);
RUNTEST 8 TCK;
SDR 64 TDI (FFFFFFFFFFFFFFFF) TDO (FFFFFFFFFFFFFFFF);
SIR 10 TDI (016);
RUNTEST 8 TCK;
SDR 320 TDI (21084210842108421084210842108421084210842108421084210842108421084210842108421084);
SIR 10 TDI (036);
RUNTEST 18 TCK;
SIR 10 TDI (022);
RUNTEST 8 TCK;
SDR 64 TDI (FFFFFFFFFFFFFFFF) TDO (1057DFFEDEFF7BFD) MASK (FFFFFFFFFFFFFFFF);
SIR 10 TDI (032);
RUNTEST 18 TCK;
SIR 10 TDI (022);
RUNTEST 8 TCK;
SDR 64 TDI (FFFFFFFFFFFFFFFF) TDO (1057DFFEDEFF7BFD);
SIR 10 TDI (016);
RUNTEST 8 TCK;
SDR 320 TDI (10842108421084210842108421084210842108421084210842108421084210842108421084210842);
SIR 10 TDI (036);
RUNTEST 18 TCK;
SIR 10 TDI (022);
RUNTEST 8 TCK;
SDR 64 TDI (FFFFFFFFFFFFFFFF) TDO (FFFFFFFFFFFFFFFF) MASK (FFFFFFFFFFFFFFFF);
SIR 10 TDI (032);
RUNTEST 18 TCK;
SIR 10 TDI (022);
RUNTEST 8 TCK;
SDR 64 TDI (FFFFFFFFFFFFFFFF) TDO (FFFFFFFFFFFFFFFF);
SIR 10 TDI (016);
RUNTEST 8 TCK;
SDR 320 TDI (08421084210842108421084210842108421084210842108421084210842108421084210842108421);
SIR 10 TDI (036);
RUNTEST 18 TCK;
SIR 10 TDI (022);
RUNTEST 8 TCK;
SDR 64 TDI (FFFFFFFFFFFFFFFF) TDO (0053DFEE80D11BFD) MASK (FFFFFFFFFFFFFFFF);
SIR 10 TDI (032);
RUNTEST 18 TCK;
SIR 10 TDI (022);
RUNTEST 8 TCK;
SDR 64 TDI (FFFFFFFFFFFFFFFF) TDO (0053DFEE80D11BFD);
SIR 10 TDI (036);
RUNTEST 18 TCK;
SIR 10 TDI (026);
RUNTEST 8 TCK;
SDR 64 TDI (FFFFFFFFFFFFFFFF) TDO (FFFFFFFFFFFFFFFF);
SIR 10 TDI (032);
RUNTEST 18 TCK;
SIR 10 TDI (026);
RUNTEST 8 TCK;
SDR 64 TDI (FFFFFFFFFFFFFFFF) TDO (FFFFFFFFFFFFFFFF);
SIR 10 TDI (01A);
RUNTEST 8 TCK;
SDR 320 TDI (42108421084210842108421084210842108421084210842108421084210842108421084210842108);
SIR 10 TDI (036);
RUNTEST 18 TCK;
SIR 10 TDI (026);
RUNTEST 8 TCK;
SDR 64 TDI (FFFFFFFFFFFFFFFF) TDO (FFFEFFEFFFFFFFFF) MASK (FFFFFFFFFFFFFFFF);
SIR 10 TDI (032);
RUNTEST 18 TCK;
SIR 10 TDI (026);
RUNTEST 8 TCK;
SDR 64 TDI (FFFFFFFFFFFFFFFF) TDO (FFFEFFEFFFFFFFFF);
SIR 10 TDI (01A);
RUNTEST 8 TCK;
SDR 320 TDI (21084210842108421084210842108421084210842108421084210842108421084210842108421084);
SIR 10 TDI (036);
RUNTEST 18 TCK;
SIR 10 TDI (026);
RUNTEST 8 TCK;
SDR 64 TDI (FFFFFFFFFFFFFFFF) TDO (5FFEFFFFFFFF173B) MASK (FFFFFFFFFFFFFFFF);
SIR 10 TDI (032);
RUNTEST 18 TCK;
SIR 10 TDI (026);
RUNTEST 8 TCK;
SDR 64 TDI (FFFFFFFFFFFFFFFF) TDO (5FFEFFFFFFFF173B);
SIR 10 TDI (01A);
RUNTEST 8 TCK;
SDR 320 TDI (10842108421084210842108421084210842108421084210842108421084210842108421084210842);
SIR 10 TDI (036);
RUNTEST 18 TCK;
SIR 10 TDI (026);
RUNTEST 8 TCK;
SDR 64 TDI (FFFFFFFFFFFFFFFF) TDO (FFFFFFFFFFFFFFFF) MASK (FFFFFFFFFFFFFFFF);
SIR 10 TDI (032);
RUNTEST 18 TCK;
SIR 10 TDI (026);
RUNTEST 8 TCK;
SDR 64 TDI (FFFFFFFFFFFFFFFF) TDO (FFFFFFFFFFFFFFFF);
SIR 10 TDI (01A);
RUNTEST 8 TCK;
SDR 320 TDI (08421084210842108421084210842108421084210842108421084210842108421084210842108421);
SIR 10 TDI (036);
RUNTEST 18 TCK;
SIR 10 TDI (026);
RUNTEST 8 TCK;
SDR 64 TDI (FFFFFFFFFFFFFFFF) TDO (57F2FFFBFE5F152B) MASK (FFFFFFFFFFFFFFFF);
SIR 10 TDI (032);
RUNTEST 18 TCK;
SIR 10 TDI (026);
RUNTEST 8 TCK;
SDR 64 TDI (FFFFFFFFFFFFFFFF) TDO (57F2FFFBFE5F152B);
SIR 10 TDI (01E);
RUNTEST 8 TCK;
SDR 273 TDI (000000000000000800000000000000000000000000000000000000004000000000000);
SIR 10 TDI (012);
RUNTEST 8 TCK;
SIR 10 TDI (016);
RUNTEST 8 TCK;
SDR 320 TDI (84210842108421084210842108421084210842108421084210842108421084210842108421084210);
SIR 10 TDI (01A);
RUNTEST 8 TCK;
SDR 320 TDI (84210842108421084210842108421084210842108421084210842108421084210842108421084210);
SIR 10 TDI (036);
RUNTEST 18 TCK;
SIR 10 TDI (022);
RUNTEST 8 TCK;
SDR 64 TDI (FFFFFFFFFFFFFFFF) TDO (FFFFFFFFFFFFFFFE) MASK (FFFFFFFFFFFFFFFF);
SIR 10 TDI (032);
RUNTEST 18 TCK;
SIR 10 TDI (022);
RUNTEST 8 TCK;
SDR 64 TDI (FFFFFFFFFFFFFFFF) TDO (FFFFFFFFFFFFFFFE);
SIR 10 TDI (016);
RUNTEST 8 TCK;
SDR 320 TDI (42108421084210842108421084210842108421084210842108421084210842108421084210842108);
SIR 10 TDI (036);
RUNTEST 18 TCK;
SIR 10 TDI (022);
RUNTEST 8 TCK;
SDR 64 TDI (FFFFFFFFFFFFFFFF) TDO (FFFFFDFFF7FFFFFF) MASK (FFFFFFFFFFFFFFFF);
SIR 10 TDI (032);
RUNTEST 18 TCK;
SIR 10 TDI (022);
RUNTEST 8 TCK;
SDR 64 TDI (FFFFFFFFFFFFFFFF) TDO (FFFFFDFFF7FFFFFF);
SIR 10 TDI (016);
RUNTEST 8 TCK;
SDR 320 TDI (21084210842108421084210842108421084210842108421084210842108421084210842108421084);
SIR 10 TDI (036);
RUNTEST 18 TCK;
SIR 10 TDI (022);
RUNTEST 8 TCK;
SDR 64 TDI (FFFFFFFFFFFFFFFF) TDO (1057DFFEDEFF7BFD) MASK (FFFFFFFFFFFFFFFF);
SIR 10 TDI (032);
RUNTEST 18 TCK;
SIR 10 TDI (022);
RUNTEST 8 TCK;
SDR 64 TDI (FFFFFFFFFFFFFFFF) TDO (1057DFFEDEFF7BFD);
SIR 10 TDI (016);
RUNTEST 8 TCK;
SDR 320 TDI (10842108421084210842108421084210842108421084210842108421084210842108421084210842);
SIR 10 TDI (036);
RUNTEST 18 TCK;
SIR 10 TDI (022);
RUNTEST 8 TCK;
SDR 64 TDI (FFFFFFFFFFFFFFFF) TDO (FFFFFFBFA9D5FFFF) MASK (FFFFFFFFFFFFFFFF);
SIR 10 TDI (032);
RUNTEST 18 TCK;
SIR 10 TDI (022);
RUNTEST 8 TCK;
SDR 64 TDI (FFFFFFFFFFFFFFFF) TDO (FFFFFFBFA9D5FFFF);
SIR 10 TDI (016);
RUNTEST 8 TCK;
SDR 320 TDI (08421084210842108421084210842108421084210842108421084210842108421084210842108421);
SIR 10 TDI (036);
RUNTEST 18 TCK;
SIR 10 TDI (022);
RUNTEST 8 TCK;
SDR 64 TDI (FFFFFFFFFFFFFFFF) TDO (00539FEE80D11BFD) MASK (FFFFFFFFFFFFFFFF);
SIR 10 TDI (032);
RUNTEST 18 TCK;
SIR 10 TDI (022);
RUNTEST 8 TCK;
SDR 64 TDI (FFFFFFFFFFFFFFFF) TDO (00539FEE80D11BFD);
SIR 10 TDI (036);
RUNTEST 18 TCK;
SIR 10 TDI (026);
RUNTEST 8 TCK;
SDR 64 TDI (FFFFFFFFFFFFFFFF) TDO (FFFFFFFFFFFFFADF);
SIR 10 TDI (032);
RUNTEST 18 TCK;
SIR 10 TDI (026);
RUNTEST 8 TCK;
SDR 64 TDI (FFFFFFFFFFFFFFFF) TDO (FFFFFFFFFFFFFADF);
SIR 10 TDI (01A);
RUNTEST 8 TCK;
SDR 320 TDI (42108421084210842108421084210842108421084210842108421084210842108421084210842108);
SIR 10 TDI (036);
RUNTEST 18 TCK;
SIR 10 TDI (026);
RUNTEST 8 TCK;
SDR 64 TDI (FFFFFFFFFFFFFFFF) TDO (FFFEFFFFFFFFBF7F) MASK (FFFFFFFFFFFFFFFF);
SIR 10 TDI (032);
RUNTEST 18 TCK;
SIR 10 TDI (026);
RUNTEST 8 TCK;
SDR 64 TDI (FFFFFFFFFFFFFFFF) TDO (FFFEFFFFFFFFBF7F);
SIR 10 TDI (01A);
RUNTEST 8 TCK;
SDR 320 TDI (21084210842108421084210842108421084210842108421084210842108421084210842108421084);
SIR 10 TDI (036);
RUNTEST 18 TCK;
SIR 10 TDI (026);
RUNTEST 8 TCK;
SDR 64 TDI (FFFFFFFFFFFFFFFF) TDO (5FFEFFFBFFFF1533) MASK (FFFFFFFFFFFFFFFF);
SIR 10 TDI (032);
RUNTEST 18 TCK;
SIR 10 TDI (026);
RUNTEST 8 TCK;
SDR 64 TDI (FFFFFFFFFFFFFFFF) TDO (5FFEFFFBFFFF1533);
SIR 10 TDI (01A);
RUNTEST 8 TCK;
SDR 320 TDI (10842108421084210842108421084210842108421084210842108421084210842108421084210842);
SIR 10 TDI (036);
RUNTEST 18 TCK;
SIR 10 TDI (026);
RUNTEST 8 TCK;
SDR 64 TDI (FFFFFFFFFFFFFFFF) TDO (FFFFFFFFF7FFFFC6) MASK (FFFFFFFFFFFFFFFF);
SIR 10 TDI (032);
RUNTEST 18 TCK;
SIR 10 TDI (026);
RUNTEST 8 TCK;
SDR 64 TDI (FFFFFFFFFFFFFFFF) TDO (FFFFFFFFF7FFFFC6);
SIR 10 TDI (01A);
RUNTEST 8 TCK;
SDR 320 TDI (08421084210842108421084210842108421084210842108421084210842108421084210842108421);
SIR 10 TDI (036);
RUNTEST 18 TCK;
SIR 10 TDI (026);
RUNTEST 8 TCK;
SDR 64 TDI (FFFFFFFFFFFFFFFF) TDO (57F2FFFBFE5F112B) MASK (FFFFFFFFFFFFFFFF);
SIR 10 TDI (032);
RUNTEST 18 TCK;
SIR 10 TDI (026);
RUNTEST 8 TCK;
SDR 64 TDI (FFFFFFFFFFFFFFFF) TDO (57F2FFFBFE5F112B);
SIR 10 TDI (01E);
RUNTEST 8 TCK;
SDR 273 TDI (000000000000000400000000000000000000000000000000000000002000000000000);
SIR 10 TDI (012);
RUNTEST 8 TCK;
SIR 10 TDI (016);
RUNTEST 8 TCK;
SDR 320 TDI (84210842108421084210842108421084210842108421084210842108421084210842108421084210);
SIR 10 TDI (01A);
RUNTEST 8 TCK;
SDR 320 TDI (84210842108421084210842108421084210842108421084210842108421084210842108421084210);
SIR 10 TDI (036);
RUNTEST 18 TCK;
SIR 10 TDI (022);
RUNTEST 8 TCK;
SDR 64 TDI (FFFFFFFFFFFFFFFF) TDO (FFFFFFFFFFFFFFFF) MASK (FFFFFFFFFFFFFFFF);
SIR 10 TDI (032);
RUNTEST 18 TCK;
SIR 10 TDI (022);
RUNTEST 8 TCK;
SDR 64 TDI (FFFFFFFFFFFFFFFF) TDO (FFFFFFFFFFFFFFFF);
SIR 10 TDI (016);
RUNTEST 8 TCK;
SDR 320 TDI (42108421084210842108421084210842108421084210842108421084210842108421084210842108);
SIR 10 TDI (036);
RUNTEST 18 TCK;
SIR 10 TDI (022);
RUNTEST 8 TCK;
SDR 64 TDI (FFFFFFFFFFFFFFFF) TDO (FFFFFFBFFFFFFFFF) MASK (FFFFFFFFFFFFFFFF);
SIR 10 TDI (032);
RUNTEST 18 TCK;
SIR 10 TDI (022);
RUNTEST 8 TCK;
SDR 64 TDI (FFFFFFFFFFFFFFFF) TDO (FFFFFFBFFFFFFFFF);
SIR 10 TDI (016);
RUNTEST 8 TCK;
SDR 320 TDI (21084210842108421084210842108421084210842108421084210842108421084210842108421084);
SIR 10 TDI (036);
RUNTEST 18 TCK;
SIR 10 TDI (022);
RUNTEST 8 TCK;
SDR 64 TDI (FFFFFFFFFFFFFFFF) TDO (1057DFFEDEFF7BFD) MASK (FFFFFFFFFFFFFFFF);
SIR 10 TDI (032);
RUNTEST 18 TCK;
SIR 10 TDI (022);
RUNTEST 8 TCK;
SDR 64 TDI (FFFFFFFFFFFFFFFF) TDO (1057DFFEDEFF7BFD);
SIR 10 TDI (016);
RUNTEST 8 TCK;
SDR 320 TDI (10842108421084210842108421084210842108421084210842108421084210842108421084210842);
SIR 10 TDI (036);
RUNTEST 18 TCK;
SIR 10 TDI (022);
RUNTEST 8 TCK;
SDR 64 TDI (FFFFFFFFFFFFFFFF) TDO (FFFFFFFFFFFFFFFF) MASK (FFFFFFFFFFFFFFFF);
SIR 10 TDI (032);
RUNTEST 18 TCK;
SIR 10 TDI (022);
RUNTEST 8 TCK;
SDR 64 TDI (FFFFFFFFFFFFFFFF) TDO (FFFFFFFFFFFFFFFF);
SIR 10 TDI (016);
RUNTEST 8 TCK;
SDR 320 TDI (08421084210842108421084210842108421084210842108421084210842108421084210842108421);
SIR 10 TDI (036);
RUNTEST 18 TCK;
SIR 10 TDI (022);
RUNTEST 8 TCK;
SDR 64 TDI (FFFFFFFFFFFFFFFF) TDO (0053DFEE80D11BFD) MASK (FFFFFFFFFFFFFFFF);
SIR 10 TDI (032);
RUNTEST 18 TCK;
SIR 10 TDI (022);
RUNTEST 8 TCK;
SDR 64 TDI (FFFFFFFFFFFFFFFF) TDO (0053DFEE80D11BFD);
SIR 10 TDI (036);
RUNTEST 18 TCK;
SIR 10 TDI (026);
RUNTEST 8 TCK;
SDR 64 TDI (FFFFFFFFFFFFFFFF) TDO (FFFFFFFFFFFFFFF6);
SIR 10 TDI (032);
RUNTEST 18 TCK;
SIR 10 TDI (026);
RUNTEST 8 TCK;
SDR 64 TDI (FFFFFFFFFFFFFFFF) TDO (FFFFFFFFFFFFFFF6);
SIR 10 TDI (01A);
RUNTEST 8 TCK;
SDR 320 TDI (42108421084210842108421084210842108421084210842108421084210842108421084210842108);
SIR 10 TDI (036);
RUNTEST 18 TCK;
SIR 10 TDI (026);
RUNTEST 8 TCK;
SDR 64 TDI (FFFFFFFFFFFFFFFF) TDO (FFFEFFFFFFFF5AFF) MASK (FFFFFFFFFFFFFFFF);
SIR 10 TDI (032);
RUNTEST 18 TCK;
SIR 10 TDI (026);
RUNTEST 8 TCK;
SDR 64 TDI (FFFFFFFFFFFFFFFF) TDO (FFFEFFFFFFFF5AFF);
SIR 10 TDI (01A);
RUNTEST 8 TCK;
SDR 320 TDI (21084210842108421084210842108421084210842108421084210842108421084210842108421084);
SIR 10 TDI (036);
RUNTEST 18 TCK;
SIR 10 TDI (026);
RUNTEST 8 TCK;
SDR 64 TDI (FFFFFFFFFFFFFFFF) TDO (5FFEFFFFFFFF121B) MASK (FFFFFFFFFFFFFFFF);
SIR 10 TDI (032);
RUNTEST 18 TCK;
SIR 10 TDI (026);
RUNTEST 8 TCK;
SDR 64 TDI (FFFFFFFFFFFFFFFF) TDO (5FFEFFFFFFFF121B);
SIR 10 TDI (01A);
RUNTEST 8 TCK;
SDR 320 TDI (10842108421084210842108421084210842108421084210842108421084210842108421084210842);
SIR 10 TDI (036);
RUNTEST 18 TCK;
SIR 10 TDI (026);
RUNTEST 8 TCK;
SDR 64 TDI (FFFFFFFFFFFFFFFF) TDO (FFFFFFFFFFFFFAFF) MASK (FFFFFFFFFFFFFFFF);
SIR 10 TDI (032);
RUNTEST 18 TCK;
SIR 10 TDI (026);
RUNTEST 8 TCK;
SDR 64 TDI (FFFFFFFFFFFFFFFF) TDO (FFFFFFFFFFFFFAFF);
SIR 10 TDI (01A);
RUNTEST 8 TCK;
SDR 320 TDI (08421084210842108421084210842108421084210842108421084210842108421084210842108421);
SIR 10 TDI (036);
RUNTEST 18 TCK;
SIR 10 TDI (026);
RUNTEST 8 TCK;
SDR 64 TDI (FFFFFFFFFFFFFFFF) TDO (57F2FFFBFE5F1502) MASK (FFFFFFFFFFFFFFFF);
SIR 10 TDI (032);
RUNTEST 18 TCK;
SIR 10 TDI (026);
RUNTEST 8 TCK;
SDR 64 TDI (FFFFFFFFFFFFFFFF) TDO (57F2FFFBFE5F1502);
SIR 10 TDI (01E);
RUNTEST 8 TCK;
SDR 273 TDI (000000000000000200000000000000000000000000000000000000001000000000000);
SIR 10 TDI (012);
RUNTEST 8 TCK;
SIR 10 TDI (016);
RUNTEST 8 TCK;
SDR 320 TDI (84210842108421084210842108421084210842108421084210842108421084210842108421084210);
SIR 10 TDI (01A);
RUNTEST 8 TCK;
SDR 320 TDI (84210842108421084210842108421084210842108421084210842108421084210842108421084210);
SIR 10 TDI (036);
RUNTEST 18 TCK;
SIR 10 TDI (022);
RUNTEST 8 TCK;
SDR 64 TDI (FFFFFFFFFFFFFFFF) TDO (FFFFFFFFFFFFFFFF) MASK (FFFFFFFFFFFFFFFF);
SIR 10 TDI (032);
RUNTEST 18 TCK;
SIR 10 TDI (022);
RUNTEST 8 TCK;
SDR 64 TDI (FFFFFFFFFFFFFFFF) TDO (FFFFFFFFFFFFFFFF);
SIR 10 TDI (016);
RUNTEST 8 TCK;
SDR 320 TDI (42108421084210842108421084210842108421084210842108421084210842108421084210842108);
SIR 10 TDI (036);
RUNTEST 18 TCK;
SIR 10 TDI (022);
RUNTEST 8 TCK;
SDR 64 TDI (FFFFFFFFFFFFFFFF) TDO (FFFFFDFFFFFFFFFF) MASK (FFFFFFFFFFFFFFFF);
SIR 10 TDI (032);
RUNTEST 18 TCK;
SIR 10 TDI (022);
RUNTEST 8 TCK;
SDR 64 TDI (FFFFFFFFFFFFFFFF) TDO (FFFFFDFFFFFFFFFF);
SIR 10 TDI (016);
RUNTEST 8 TCK;
SDR 320 TDI (21084210842108421084210842108421084210842108421084210842108421084210842108421084);
SIR 10 TDI (036);
RUNTEST 18 TCK;
SIR 10 TDI (022);
RUNTEST 8 TCK;
SDR 64 TDI (FFFFFFFFFFFFFFFF) TDO (1057DFFEDEFF7BFD) MASK (FFFFFFFFFFFFFFFF);
SIR 10 TDI (032);
RUNTEST 18 TCK;
SIR 10 TDI (022);
RUNTEST 8 TCK;
SDR 64 TDI (FFFFFFFFFFFFFFFF) TDO (1057DFFEDEFF7BFD);
SIR 10 TDI (016);
RUNTEST 8 TCK;
SDR 320 TDI (10842108421084210842108421084210842108421084210842108421084210842108421084210842);
SIR 10 TDI (036);
RUNTEST 18 TCK;
SIR 10 TDI (022);
RUNTEST 8 TCK;
SDR 64 TDI (FFFFFFFFFFFFFFFF) TDO (FFFFFFFFFFFFFFFF) MASK (FFFFFFFFFFFFFFFF);
SIR 10 TDI (032);
RUNTEST 18 TCK;
SIR 10 TDI (022);
RUNTEST 8 TCK;
SDR 64 TDI (FFFFFFFFFFFFFFFF) TDO (FFFFFFFFFFFFFFFF);
SIR 10 TDI (016);
RUNTEST 8 TCK;
SDR 320 TDI (08421084210842108421084210842108421084210842108421084210842108421084210842108421);
SIR 10 TDI (036);
RUNTEST 18 TCK;
SIR 10 TDI (022);
RUNTEST 8 TCK;
SDR 64 TDI (FFFFFFFFFFFFFFFF) TDO (00530F2E80D11BFD) MASK (FFFFFFFFFFFFFFFF);
SIR 10 TDI (032);
RUNTEST 18 TCK;
SIR 10 TDI (022);
RUNTEST 8 TCK;
SDR 64 TDI (FFFFFFFFFFFFFFFF) TDO (00530F2E80D11BFD);
SIR 10 TDI (036);
RUNTEST 18 TCK;
SIR 10 TDI (026);
RUNTEST 8 TCK;
SDR 64 TDI (FFFFFFFFFFFFFFFF) TDO (FFFFFFFFFFFFFFFF);
SIR 10 TDI (032);
RUNTEST 18 TCK;
SIR 10 TDI (026);
RUNTEST 8 TCK;
SDR 64 TDI (FFFFFFFFFFFFFFFF) TDO (FFFFFFFFFFFFFFFF);
SIR 10 TDI (01A);
RUNTEST 8 TCK;
SDR 320 TDI (42108421084210842108421084210842108421084210842108421084210842108421084210842108);
SIR 10 TDI (036);
RUNTEST 18 TCK;
SIR 10 TDI (026);
RUNTEST 8 TCK;
SDR 64 TDI (FFFFFFFFFFFFFFFF) TDO (FFFEFFFF57FFFFFF) MASK (FFFFFFFFFFFFFFFF);
SIR 10 TDI (032);
RUNTEST 18 TCK;
SIR 10 TDI (026);
RUNTEST 8 TCK;
SDR 64 TDI (FFFFFFFFFFFFFFFF) TDO (FFFEFFFF57FFFFFF);
SIR 10 TDI (01A);
RUNTEST 8 TCK;
SDR 320 TDI (21084210842108421084210842108421084210842108421084210842108421084210842108421084);
SIR 10 TDI (036);
RUNTEST 18 TCK;
SIR 10 TDI (026);
RUNTEST 8 TCK;
SDR 64 TDI (FFFFFFFFFFFFFFFF) TDO (5FFEFFFFFFFF173B) MASK (FFFFFFFFFFFFFFFF);
SIR 10 TDI (032);
RUNTEST 18 TCK;
SIR 10 TDI (026);
RUNTEST 8 TCK;
SDR 64 TDI (FFFFFFFFFFFFFFFF) TDO (5FFEFFFFFFFF173B);
SIR 10 TDI (01A);
RUNTEST 8 TCK;
SDR 320 TDI (10842108421084210842108421084210842108421084210842108421084210842108421084210842);
SIR 10 TDI (036);
RUNTEST 18 TCK;
SIR 10 TDI (026);
RUNTEST 8 TCK;
SDR 64 TDI (FFFFFFFFFFFFFFFF) TDO (FF7DFFFFFFFFFFEF) MASK (FFFFFFFFFFFFFFFF);
SIR 10 TDI (032);
RUNTEST 18 TCK;
SIR 10 TDI (026);
RUNTEST 8 TCK;
SDR 64 TDI (FFFFFFFFFFFFFFFF) TDO (FF7DFFFFFFFFFFEF);
SIR 10 TDI (01A);
RUNTEST 8 TCK;
SDR 320 TDI (08421084210842108421084210842108421084210842108421084210842108421084210842108421);
SIR 10 TDI (036);
RUNTEST 18 TCK;
SIR 10 TDI (026);
RUNTEST 8 TCK;
SDR 64 TDI (FFFFFFFFFFFFFFFF) TDO (57F2FFDB565F152B) MASK (FFFFFFFFFFFFFFFF);
SIR 10 TDI (032);
RUNTEST 18 TCK;
SIR 10 TDI (026);
RUNTEST 8 TCK;
SDR 64 TDI (FFFFFFFFFFFFFFFF) TDO (57F2FFDB565F152B);
SIR 10 TDI (01E);
RUNTEST 8 TCK;
SDR 273 TDI (000000000000000100000000000000000000000000000000000000000800000000000);
SIR 10 TDI (012);
RUNTEST 8 TCK;
SIR 10 TDI (016);
RUNTEST 8 TCK;
SDR 320 TDI (84210842108421084210842108421084210842108421084210842108421084210842108421084210);
SIR 10 TDI (01A);
RUNTEST 8 TCK;
SDR 320 TDI (84210842108421084210842108421084210842108421084210842108421084210842108421084210);
SIR 10 TDI (036);
RUNTEST 18 TCK;
SIR 10 TDI (022);
RUNTEST 8 TCK;
SDR 64 TDI (FFFFFFFFFFFFFFFF) TDO (FFFFFFFFFFFFFFFF) MASK (FFFFFFFFFFFFFFFF);
SIR 10 TDI (032);
RUNTEST 18 TCK;
SIR 10 TDI (022);
RUNTEST 8 TCK;
SDR 64 TDI (FFFFFFFFFFFFFFFF) TDO (FFFFFFFFFFFFFFFF);
SIR 10 TDI (016);
RUNTEST 8 TCK;
SDR 320 TDI (42108421084210842108421084210842108421084210842108421084210842108421084210842108);
SIR 10 TDI (036);
RUNTEST 18 TCK;
SIR 10 TDI (022);
RUNTEST 8 TCK;
SDR 64 TDI (FFFFFFFFFFFFFFFF) TDO (FFFFFFFFF7FEFFFF) MASK (FFFFFFFFFFFFFFFF);
SIR 10 TDI (032);
RUNTEST 18 TCK;
SIR 10 TDI (022);
RUNTEST 8 TCK;
SDR 64 TDI (FFFFFFFFFFFFFFFF) TDO (FFFFFFFFF7FEFFFF);
SIR 10 TDI (016);
RUNTEST 8 TCK;
SDR 320 TDI (21084210842108421084210842108421084210842108421084210842108421084210842108421084);
SIR 10 TDI (036);
RUNTEST 18 TCK;
SIR 10 TDI (022);
RUNTEST 8 TCK;
SDR 64 TDI (FFFFFFFFFFFFFFFF) TDO (1057DFFEDEFE7BFD) MASK (FFFFFFFFFFFFFFFF);
SIR 10 TDI (032);
RUNTEST 18 TCK;
SIR 10 TDI (022);
RUNTEST 8 TCK;
SDR 64 TDI (FFFFFFFFFFFFFFFF) TDO (1057DFFEDEFE7BFD);
SIR 10 TDI (016);
RUNTEST 8 TCK;
SDR 320 TDI (10842108421084210842108421084210842108421084210842108421084210842108421084210842);
SIR 10 TDI (036);
RUNTEST 18 TCK;
SIR 10 TDI (022);
RUNTEST 8 TCK;
SDR 64 TDI (FFFFFFFFFFFFFFFF) TDO (FFFFFFFFA9D5FFFF) MASK (FFFFFFFFFFFFFFFF);
SIR 10 TDI (032);
RUNTEST 18 TCK;
SIR 10 TDI (022);
RUNTEST 8 TCK;
SDR 64 TDI (FFFFFFFFFFFFFFFF) TDO (FFFFFFFFA9D5FFFF);
SIR 10 TDI (016);
RUNTEST 8 TCK;
SDR 320 TDI (08421084210842108421084210842108421084210842108421084210842108421084210842108421);
SIR 10 TDI (036);
RUNTEST 18 TCK;
SIR 10 TDI (022);
RUNTEST 8 TCK;
SDR 64 TDI (FFFFFFFFFFFFFFFF) TDO (0053DFEE80D11BFD) MASK (FFFFFFFFFFFFFFFF);
SIR 10 TDI (032);
RUNTEST 18 TCK;
SIR 10 TDI (022);
RUNTEST 8 TCK;
SDR 64 TDI (FFFFFFFFFFFFFFFF) TDO (0053DFEE80D11BFD);
SIR 10 TDI (036);
RUNTEST 18 TCK;
SIR 10 TDI (026);
RUNTEST 8 TCK;
SDR 64 TDI (FFFFFFFFFFFFFFFF) TDO (FFFFFFFFFFFFFFFF);
SIR 10 TDI (032);
RUNTEST 18 TCK;
SIR 10 TDI (026);
RUNTEST 8 TCK;
SDR 64 TDI (FFFFFFFFFFFFFFFF) TDO (FFFFFFFFFFFFFFFF);
SIR 10 TDI (01A);
RUNTEST 8 TCK;
SDR 320 TDI (42108421084210842108421084210842108421084210842108421084210842108421084210842108);
SIR 10 TDI (036);
RUNTEST 18 TCK;
SIR 10 TDI (026);
RUNTEST 8 TCK;
SDR 64 TDI (FFFFFFFFFFFFFFFF) TDO (FFFEFFDFFFFFFFFF) MASK (FFFFFFFFFFFFFFFF);
SIR 10 TDI (032);
RUNTEST 18 TCK;
SIR 10 TDI (026);
RUNTEST 8 TCK;
SDR 64 TDI (FFFFFFFFFFFFFFFF) TDO (FFFEFFDFFFFFFFFF);
SIR 10 TDI (01A);
RUNTEST 8 TCK;
SDR 320 TDI (21084210842108421084210842108421084210842108421084210842108421084210842108421084);
SIR 10 TDI (036);
RUNTEST 18 TCK;
SIR 10 TDI (026);
RUNTEST 8 TCK;
SDR 64 TDI (FFFFFFFFFFFFFFFF) TDO (5FFEFFFFFFFF173B) MASK (FFFFFFFFFFFFFFFF);
SIR 10 TDI (032);
RUNTEST 18 TCK;
SIR 10 TDI (026);
RUNTEST 8 TCK;
SDR 64 TDI (FFFFFFFFFFFFFFFF) TDO (5FFEFFFFFFFF173B);
SIR 10 TDI (01A);
RUNTEST 8 TCK;
SDR 320 TDI (10842108421084210842108421084210842108421084210842108421084210842108421084210842);
SIR 10 TDI (036);
RUNTEST 18 TCK;
SIR 10 TDI (026);
RUNTEST 8 TCK;
SDR 64 TDI (FFFFFFFFFFFFFFFF) TDO (FFFFFFFF57FFFFFF) MASK (FFFFFFFFFFFFFFFF);
SIR 10 TDI (032);
RUNTEST 18 TCK;
SIR 10 TDI (026);
RUNTEST 8 TCK;
SDR 64 TDI (FFFFFFFFFFFFFFFF) TDO (FFFFFFFF57FFFFFF);
SIR 10 TDI (01A);
RUNTEST 8 TCK;
SDR 320 TDI (08421084210842108421084210842108421084210842108421084210842108421084210842108421);
SIR 10 TDI (036);
RUNTEST 18 TCK;
SIR 10 TDI (026);
RUNTEST 8 TCK;
SDR 64 TDI (FFFFFFFFFFFFFFFF) TDO (57F2FFFBFE5F152B) MASK (FFFFFFFFFFFFFFFF);
SIR 10 TDI (032);
RUNTEST 18 TCK;
SIR 10 TDI (026);
RUNTEST 8 TCK;
SDR 64 TDI (FFFFFFFFFFFFFFFF) TDO (57F2FFFBFE5F152B);
SIR 10 TDI (01E);
RUNTEST 8 TCK;
SDR 273 TDI (000000000000000080000000000000000000000000000000000000000400000000000);
SIR 10 TDI (012);
RUNTEST 8 TCK;
SIR 10 TDI (016);
RUNTEST 8 TCK;
SDR 320 TDI (84210842108421084210842108421084210842108421084210842108421084210842108421084210);
SIR 10 TDI (01A);
RUNTEST 8 TCK;
SDR 320 TDI (84210842108421084210842108421084210842108421084210842108421084210842108421084210);
SIR 10 TDI (036);
RUNTEST 18 TCK;
SIR 10 TDI (022);
RUNTEST 8 TCK;
SDR 64 TDI (FFFFFFFFFFFFFFFF) TDO (FFFFFFFFFFFFFFFF) MASK (FFFFFFFFFFFFFFFF);
SIR 10 TDI (032);
RUNTEST 18 TCK;
SIR 10 TDI (022);
RUNTEST 8 TCK;
SDR 64 TDI (FFFFFFFFFFFFFFFF) TDO (FFFFFFFFFFFFFFFF);
SIR 10 TDI (016);
RUNTEST 8 TCK;
SDR 320 TDI (42108421084210842108421084210842108421084210842108421084210842108421084210842108);
SIR 10 TDI (036);
RUNTEST 18 TCK;
SIR 10 TDI (022);
RUNTEST 8 TCK;
SDR 64 TDI (FFFFFFFFFFFFFFFF) TDO (7FFDFFFFFFFDBFFF) MASK (FFFFFFFFFFFFFFFF);
SIR 10 TDI (032);
RUNTEST 18 TCK;
SIR 10 TDI (022);
RUNTEST 8 TCK;
SDR 64 TDI (FFFFFFFFFFFFFFFF) TDO (7FFDFFFFFFFDBFFF);
SIR 10 TDI (016);
RUNTEST 8 TCK;
SDR 320 TDI (21084210842108421084210842108421084210842108421084210842108421084210842108421084);
SIR 10 TDI (036);
RUNTEST 18 TCK;
SIR 10 TDI (022);
RUNTEST 8 TCK;
SDR 64 TDI (FFFFFFFFFFFFFFFF) TDO (1057DFFEDEFF7BFD) MASK (FFFFFFFFFFFFFFFF);
SIR 10 TDI (032);
RUNTEST 18 TCK;
SIR 10 TDI (022);
RUNTEST 8 TCK;
SDR 64 TDI (FFFFFFFFFFFFFFFF) TDO (1057DFFEDEFF7BFD);
SIR 10 TDI (016);
RUNTEST 8 TCK;
SDR 320 TDI (10842108421084210842108421084210842108421084210842108421084210842108421084210842);
SIR 10 TDI (036);
RUNTEST 18 TCK;
SIR 10 TDI (022);
RUNTEST 8 TCK;
SDR 64 TDI (FFFFFFFFFFFFFFFF) TDO (FFFFFFFFFFFFFFFF) MASK (FFFFFFFFFFFFFFFF);
SIR 10 TDI (032);
RUNTEST 18 TCK;
SIR 10 TDI (022);
RUNTEST 8 TCK;
SDR 64 TDI (FFFFFFFFFFFFFFFF) TDO (FFFFFFFFFFFFFFFF);
SIR 10 TDI (016);
RUNTEST 8 TCK;
SDR 320 TDI (08421084210842108421084210842108421084210842108421084210842108421084210842108421);
SIR 10 TDI (036);
RUNTEST 18 TCK;
SIR 10 TDI (022);
RUNTEST 8 TCK;
SDR 64 TDI (FFFFFFFFFFFFFFFF) TDO (0053DFEE80D11BFD) MASK (FFFFFFFFFFFFFFFF);
SIR 10 TDI (032);
RUNTEST 18 TCK;
SIR 10 TDI (022);
RUNTEST 8 TCK;
SDR 64 TDI (FFFFFFFFFFFFFFFF) TDO (0053DFEE80D11BFD);
SIR 10 TDI (036);
RUNTEST 18 TCK;
SIR 10 TDI (026);
RUNTEST 8 TCK;
SDR 64 TDI (FFFFFFFFFFFFFFFF) TDO (FFFDFFFFFFFFFFFF);
SIR 10 TDI (032);
RUNTEST 18 TCK;
SIR 10 TDI (026);
RUNTEST 8 TCK;
SDR 64 TDI (FFFFFFFFFFFFFFFF) TDO (FFFDFFFFFFFFFFFF);
SIR 10 TDI (01A);
RUNTEST 8 TCK;
SDR 320 TDI (42108421084210842108421084210842108421084210842108421084210842108421084210842108);
SIR 10 TDI (036);
RUNTEST 18 TCK;
SIR 10 TDI (026);
RUNTEST 8 TCK;
SDR 64 TDI (FFFFFFFFFFFFFFFF) TDO (FFFAFFFFFFFFFFFF) MASK (FFFFFFFFFFFFFFFF);
SIR 10 TDI (032);
RUNTEST 18 TCK;
SIR 10 TDI (026);
RUNTEST 8 TCK;
SDR 64 TDI (FFFFFFFFFFFFFFFF) TDO (FFFAFFFFFFFFFFFF);
SIR 10 TDI (01A);
RUNTEST 8 TCK;
SDR 320 TDI (21084210842108421084210842108421084210842108421084210842108421084210842108421084);
SIR 10 TDI (036);
RUNTEST 18 TCK;
SIR 10 TDI (026);
RUNTEST 8 TCK;
SDR 64 TDI (FFFFFFFFFFFFFFFF) TDO (5FFAFFFFFFFF133B) MASK (FFFFFFFFFFFFFFFF);
SIR 10 TDI (032);
RUNTEST 18 TCK;
SIR 10 TDI (026);
RUNTEST 8 TCK;
SDR 64 TDI (FFFFFFFFFFFFFFFF) TDO (5FFAFFFFFFFF133B);
SIR 10 TDI (01A);
RUNTEST 8 TCK;
SDR 320 TDI (10842108421084210842108421084210842108421084210842108421084210842108421084210842);
SIR 10 TDI (036);
RUNTEST 18 TCK;
SIR 10 TDI (026);
RUNTEST 8 TCK;
SDR 64 TDI (FFFFFFFFFFFFFFFF) TDO (FFFFFFFF5FFFFFFF) MASK (FFFFFFFFFFFFFFFF);
SIR 10 TDI (032);
RUNTEST 18 TCK;
SIR 10 TDI (026);
RUNTEST 8 TCK;
SDR 64 TDI (FFFFFFFFFFFFFFFF) TDO (FFFFFFFF5FFFFFFF);
SIR 10 TDI (01A);
RUNTEST 8 TCK;
SDR 320 TDI (08421084210842108421084210842108421084210842108421084210842108421084210842108421);
SIR 10 TDI (036);
RUNTEST 18 TCK;
SIR 10 TDI (026);
RUNTEST 8 TCK;
SDR 64 TDI (FFFFFFFFFFFFFFFF) TDO (57D0FAFBFE5F152B) MASK (FFFFFFFFFFFFFFFF);
SIR 10 TDI (032);
RUNTEST 18 TCK;
SIR 10 TDI (026);
RUNTEST 8 TCK;
SDR 64 TDI (FFFFFFFFFFFFFFFF) TDO (57D0FAFBFE5F152B);
SIR 10 TDI (01E);
RUNTEST 8 TCK;
SDR 273 TDI (000000000000000040000000000000000000000000000000000000000200000000000);
SIR 10 TDI (012);
RUNTEST 8 TCK;
SIR 10 TDI (016);
RUNTEST 8 TCK;
SDR 320 TDI (84210842108421084210842108421084210842108421084210842108421084210842108421084210);
SIR 10 TDI (01A);
RUNTEST 8 TCK;
SDR 320 TDI (84210842108421084210842108421084210842108421084210842108421084210842108421084210);
SIR 10 TDI (036);
RUNTEST 18 TCK;
SIR 10 TDI (022);
RUNTEST 8 TCK;
SDR 64 TDI (FFFFFFFFFFFFFFFF) TDO (FFFFFFFFFFFFFFFF) MASK (FFFFFFFFFFFFFFFF);
SIR 10 TDI (032);
RUNTEST 18 TCK;
SIR 10 TDI (022);
RUNTEST 8 TCK;
SDR 64 TDI (FFFFFFFFFFFFFFFF) TDO (FFFFFFFFFFFFFFFF);
SIR 10 TDI (016);
RUNTEST 8 TCK;
SDR 320 TDI (42108421084210842108421084210842108421084210842108421084210842108421084210842108);
SIR 10 TDI (036);
RUNTEST 18 TCK;
SIR 10 TDI (022);
RUNTEST 8 TCK;
SDR 64 TDI (FFFFFFFFFFFFFFFF) TDO (FFFFFFFFFFFFFFFF) MASK (FFFFFFFFFFFFFFFF);
SIR 10 TDI (032);
RUNTEST 18 TCK;
SIR 10 TDI (022);
RUNTEST 8 TCK;
SDR 64 TDI (FFFFFFFFFFFFFFFF) TDO (FFFFFFFFFFFFFFFF);
SIR 10 TDI (016);
RUNTEST 8 TCK;
SDR 320 TDI (21084210842108421084210842108421084210842108421084210842108421084210842108421084);
SIR 10 TDI (036);
RUNTEST 18 TCK;
SIR 10 TDI (022);
RUNTEST 8 TCK;
SDR 64 TDI (FFFFFFFFFFFFFFFF) TDO (1057DFFEDEFF7BFD) MASK (FFFFFFFFFFFFFFFF);
SIR 10 TDI (032);
RUNTEST 18 TCK;
SIR 10 TDI (022);
RUNTEST 8 TCK;
SDR 64 TDI (FFFFFFFFFFFFFFFF) TDO (1057DFFEDEFF7BFD);
SIR 10 TDI (016);
RUNTEST 8 TCK;
SDR 320 TDI (10842108421084210842108421084210842108421084210842108421084210842108421084210842);
SIR 10 TDI (036);
RUNTEST 18 TCK;
SIR 10 TDI (022);
RUNTEST 8 TCK;
SDR 64 TDI (FFFFFFFFFFFFFFFF) TDO (FFFFFFFFFFFFFFFF) MASK (FFFFFFFFFFFFFFFF);
SIR 10 TDI (032);
RUNTEST 18 TCK;
SIR 10 TDI (022);
RUNTEST 8 TCK;
SDR 64 TDI (FFFFFFFFFFFFFFFF) TDO (FFFFFFFFFFFFFFFF);
SIR 10 TDI (016);
RUNTEST 8 TCK;
SDR 320 TDI (08421084210842108421084210842108421084210842108421084210842108421084210842108421);
SIR 10 TDI (036);
RUNTEST 18 TCK;
SIR 10 TDI (022);
RUNTEST 8 TCK;
SDR 64 TDI (FFFFFFFFFFFFFFFF) TDO (0051DFEE80D11BFD) MASK (FFFFFFFFFFFFFFFF);
SIR 10 TDI (032);
RUNTEST 18 TCK;
SIR 10 TDI (022);
RUNTEST 8 TCK;
SDR 64 TDI (FFFFFFFFFFFFFFFF) TDO (0051DFEE80D11BFD);
SIR 10 TDI (036);
RUNTEST 18 TCK;
SIR 10 TDI (026);
RUNTEST 8 TCK;
SDR 64 TDI (FFFFFFFFFFFFFFFF) TDO (FFFFFFFFFFFFFFFF);
SIR 10 TDI (032);
RUNTEST 18 TCK;
SIR 10 TDI (026);
RUNTEST 8 TCK;
SDR 64 TDI (FFFFFFFFFFFFFFFF) TDO (FFFFFFFFFFFFFFFF);
SIR 10 TDI (01A);
RUNTEST 8 TCK;
SDR 320 TDI (42108421084210842108421084210842108421084210842108421084210842108421084210842108);
SIR 10 TDI (036);
RUNTEST 18 TCK;
SIR 10 TDI (026);
RUNTEST 8 TCK;
SDR 64 TDI (FFFFFFFFFFFFFFFF) TDO (FFFEFFFFFFFFFFFF) MASK (FFFFFFFFFFFFFFFF);
SIR 10 TDI (032);
RUNTEST 18 TCK;
SIR 10 TDI (026);
RUNTEST 8 TCK;
SDR 64 TDI (FFFFFFFFFFFFFFFF) TDO (FFFEFFFFFFFFFFFF);
SIR 10 TDI (01A);
RUNTEST 8 TCK;
SDR 320 TDI (21084210842108421084210842108421084210842108421084210842108421084210842108421084);
SIR 10 TDI (036);
RUNTEST 18 TCK;
SIR 10 TDI (026);
RUNTEST 8 TCK;
SDR 64 TDI (FFFFFFFFFFFFFFFF) TDO (5FFEFFFFFFFF173B) MASK (FFFFFFFFFFFFFFFF);
SIR 10 TDI (032);
RUNTEST 18 TCK;
SIR 10 TDI (026);
RUNTEST 8 TCK;
SDR 64 TDI (FFFFFFFFFFFFFFFF) TDO (5FFEFFFFFFFF173B);
SIR 10 TDI (01A);
RUNTEST 8 TCK;
SDR 320 TDI (10842108421084210842108421084210842108421084210842108421084210842108421084210842);
SIR 10 TDI (036);
RUNTEST 18 TCK;
SIR 10 TDI (026);
RUNTEST 8 TCK;
SDR 64 TDI (FFFFFFFFFFFFFFFF) TDO (FFFFFFFFFFFFFFFF) MASK (FFFFFFFFFFFFFFFF);
SIR 10 TDI (032);
RUNTEST 18 TCK;
SIR 10 TDI (026);
RUNTEST 8 TCK;
SDR 64 TDI (FFFFFFFFFFFFFFFF) TDO (FFFFFFFFFFFFFFFF);
SIR 10 TDI (01A);
RUNTEST 8 TCK;
SDR 320 TDI (08421084210842108421084210842108421084210842108421084210842108421084210842108421);
SIR 10 TDI (036);
RUNTEST 18 TCK;
SIR 10 TDI (026);
RUNTEST 8 TCK;
SDR 64 TDI (FFFFFFFFFFFFFFFF) TDO (57F2FFFBFE5F152B) MASK (FFFFFFFFFFFFFFFF);
SIR 10 TDI (032);
RUNTEST 18 TCK;
SIR 10 TDI (026);
RUNTEST 8 TCK;
SDR 64 TDI (FFFFFFFFFFFFFFFF) TDO (57F2FFFBFE5F152B);
SIR 10 TDI (01E);
RUNTEST 8 TCK;
SDR 273 TDI (000000000000000020000000000000000000000000000000000000000100000000000);
SIR 10 TDI (012);
RUNTEST 8 TCK;
SIR 10 TDI (016);
RUNTEST 8 TCK;
SDR 320 TDI (84210842108421084210842108421084210842108421084210842108421084210842108421084210);
SIR 10 TDI (01A);
RUNTEST 8 TCK;
SDR 320 TDI (84210842108421084210842108421084210842108421084210842108421084210842108421084210);
SIR 10 TDI (036);
RUNTEST 18 TCK;
SIR 10 TDI (022);
RUNTEST 8 TCK;
SDR 64 TDI (FFFFFFFFFFFFFFFF) TDO (FFFFFFFFFFFFFFFF) MASK (FFFFFFFFFFFFFFFF);
SIR 10 TDI (032);
RUNTEST 18 TCK;
SIR 10 TDI (022);
RUNTEST 8 TCK;
SDR 64 TDI (FFFFFFFFFFFFFFFF) TDO (FFFFFFFFFFFFFFFF);
SIR 10 TDI (016);
RUNTEST 8 TCK;
SDR 320 TDI (42108421084210842108421084210842108421084210842108421084210842108421084210842108);
SIR 10 TDI (036);
RUNTEST 18 TCK;
SIR 10 TDI (022);
RUNTEST 8 TCK;
SDR 64 TDI (FFFFFFFFFFFFFFFF) TDO (DFBF2E3EFFF7BFFF) MASK (FFFFFFFFFFFFFFFF);
SIR 10 TDI (032);
RUNTEST 18 TCK;
SIR 10 TDI (022);
RUNTEST 8 TCK;
SDR 64 TDI (FFFFFFFFFFFFFFFF) TDO (DFBF2E3EFFF7BFFF);
SIR 10 TDI (016);
RUNTEST 8 TCK;
SDR 320 TDI (21084210842108421084210842108421084210842108421084210842108421084210842108421084);
SIR 10 TDI (036);
RUNTEST 18 TCK;
SIR 10 TDI (022);
RUNTEST 8 TCK;
SDR 64 TDI (FFFFFFFFFFFFFFFF) TDO (1057DDFEDEFF7BFD) MASK (FFFFFFFFFFFFFFFF);
SIR 10 TDI (032);
RUNTEST 18 TCK;
SIR 10 TDI (022);
RUNTEST 8 TCK;
SDR 64 TDI (FFFFFFFFFFFFFFFF) TDO (1057DDFEDEFF7BFD);
SIR 10 TDI (016);
RUNTEST 8 TCK;
SDR 320 TDI (10842108421084210842108421084210842108421084210842108421084210842108421084210842);
SIR 10 TDI (036);
RUNTEST 18 TCK;
SIR 10 TDI (022);
RUNTEST 8 TCK;
SDR 64 TDI (FFFFFFFFFFFFFFFF) TDO (FFFF2D2FFFFFFFFF) MASK (FFFFFFFFFFFFFFFF);
SIR 10 TDI (032);
RUNTEST 18 TCK;
SIR 10 TDI (022);
RUNTEST 8 TCK;
SDR 64 TDI (FFFFFFFFFFFFFFFF) TDO (FFFF2D2FFFFFFFFF);
SIR 10 TDI (016);
RUNTEST 8 TCK;
SDR 320 TDI (08421084210842108421084210842108421084210842108421084210842108421084210842108421);
SIR 10 TDI (036);
RUNTEST 18 TCK;
SIR 10 TDI (022);
RUNTEST 8 TCK;
SDR 64 TDI (FFFFFFFFFFFFFFFF) TDO (0053DFEE80D11BFD) MASK (FFFFFFFFFFFFFFFF);
SIR 10 TDI (032);
RUNTEST 18 TCK;
SIR 10 TDI (022);
RUNTEST 8 TCK;
SDR 64 TDI (FFFFFFFFFFFFFFFF) TDO (0053DFEE80D11BFD);
SIR 10 TDI (036);
RUNTEST 18 TCK;
SIR 10 TDI (026);
RUNTEST 8 TCK;
SDR 64 TDI (FFFFFFFFFFFFFFFF) TDO (FFFFFFFFFFFFFFFF);
SIR 10 TDI (032);
RUNTEST 18 TCK;
SIR 10 TDI (026);
RUNTEST 8 TCK;
SDR 64 TDI (FFFFFFFFFFFFFFFF) TDO (FFFFFFFFFFFFFFFF);
SIR 10 TDI (01A);
RUNTEST 8 TCK;
SDR 320 TDI (42108421084210842108421084210842108421084210842108421084210842108421084210842108);
SIR 10 TDI (036);
RUNTEST 18 TCK;
SIR 10 TDI (026);
RUNTEST 8 TCK;
SDR 64 TDI (FFFFFFFFFFFFFFFF) TDO (F7F6FFF3FE5FFFFF) MASK (FFFFFFFFFFFFFFFF);
SIR 10 TDI (032);
RUNTEST 18 TCK;
SIR 10 TDI (026);
RUNTEST 8 TCK;
SDR 64 TDI (FFFFFFFFFFFFFFFF) TDO (F7F6FFF3FE5FFFFF);
SIR 10 TDI (01A);
RUNTEST 8 TCK;
SDR 320 TDI (21084210842108421084210842108421084210842108421084210842108421084210842108421084);
SIR 10 TDI (036);
RUNTEST 18 TCK;
SIR 10 TDI (026);
RUNTEST 8 TCK;
SDR 64 TDI (FFFFFFFFFFFFFFFF) TDO (57F6FFF3FE5F173B) MASK (FFFFFFFFFFFFFFFF);
SIR 10 TDI (032);
RUNTEST 18 TCK;
SIR 10 TDI (026);
RUNTEST 8 TCK;
SDR 64 TDI (FFFFFFFFFFFFFFFF) TDO (57F6FFF3FE5F173B);
SIR 10 TDI (01A);
RUNTEST 8 TCK;
SDR 320 TDI (10842108421084210842108421084210842108421084210842108421084210842108421084210842);
SIR 10 TDI (036);
RUNTEST 18 TCK;
SIR 10 TDI (026);
RUNTEST 8 TCK;
SDR 64 TDI (FFFFFFFFFFFFFFFF) TDO (FFF7FFFFFFFFFFFF) MASK (FFFFFFFFFFFFFFFF);
SIR 10 TDI (032);
RUNTEST 18 TCK;
SIR 10 TDI (026);
RUNTEST 8 TCK;
SDR 64 TDI (FFFFFFFFFFFFFFFF) TDO (FFF7FFFFFFFFFFFF);
SIR 10 TDI (01A);
RUNTEST 8 TCK;
SDR 320 TDI (08421084210842108421084210842108421084210842108421084210842108421084210842108421);
SIR 10 TDI (036);
RUNTEST 18 TCK;
SIR 10 TDI (026);
RUNTEST 8 TCK;
SDR 64 TDI (FFFFFFFFFFFFFFFF) TDO (57F2FFFBFE5F150B) MASK (FFFFFFFFFFFFFFFF);
SIR 10 TDI (032);
RUNTEST 18 TCK;
SIR 10 TDI (026);
RUNTEST 8 TCK;
SDR 64 TDI (FFFFFFFFFFFFFFFF) TDO (57F2FFFBFE5F150B);
SIR 10 TDI (01E);
RUNTEST 8 TCK;
SDR 273 TDI (000000000000000010000000000000000000000000000000000000000080000000000);
SIR 10 TDI (012);
RUNTEST 8 TCK;
SIR 10 TDI (016);
RUNTEST 8 TCK;
SDR 320 TDI (84210842108421084210842108421084210842108421084210842108421084210842108421084210);
SIR 10 TDI (01A);
RUNTEST 8 TCK;
SDR 320 TDI (84210842108421084210842108421084210842108421084210842108421084210842108421084210);
SIR 10 TDI (036);
RUNTEST 18 TCK;
SIR 10 TDI (022);
RUNTEST 8 TCK;
SDR 64 TDI (FFFFFFFFFFFFFFFF) TDO (FFFF7FFFFFFFFFFF) MASK (FFFFFFFFFFFFFFFF);
SIR 10 TDI (032);
RUNTEST 18 TCK;
SIR 10 TDI (022);
RUNTEST 8 TCK;
SDR 64 TDI (FFFFFFFFFFFFFFFF) TDO (FFFF7FFFFFFFFFFF);
SIR 10 TDI (016);
RUNTEST 8 TCK;
SDR 320 TDI (42108421084210842108421084210842108421084210842108421084210842108421084210842108);
SIR 10 TDI (036);
RUNTEST 18 TCK;
SIR 10 TDI (022);
RUNTEST 8 TCK;
SDR 64 TDI (FFFFFFFFFFFFFFFF) TDO (FFFFFDFFFFFFFFFF) MASK (FFFFFFFFFFFFFFFF);
SIR 10 TDI (032);
RUNTEST 18 TCK;
SIR 10 TDI (022);
RUNTEST 8 TCK;
SDR 64 TDI (FFFFFFFFFFFFFFFF) TDO (FFFFFDFFFFFFFFFF);
SIR 10 TDI (016);
RUNTEST 8 TCK;
SDR 320 TDI (21084210842108421084210842108421084210842108421084210842108421084210842108421084);
SIR 10 TDI (036);
RUNTEST 18 TCK;
SIR 10 TDI (022);
RUNTEST 8 TCK;
SDR 64 TDI (FFFFFFFFFFFFFFFF) TDO (1057DFFEDEFF7BFD) MASK (FFFFFFFFFFFFFFFF);
SIR 10 TDI (032);
RUNTEST 18 TCK;
SIR 10 TDI (022);
RUNTEST 8 TCK;
SDR 64 TDI (FFFFFFFFFFFFFFFF) TDO (1057DFFEDEFF7BFD);
SIR 10 TDI (016);
RUNTEST 8 TCK;
SDR 320 TDI (10842108421084210842108421084210842108421084210842108421084210842108421084210842);
SIR 10 TDI (036);
RUNTEST 18 TCK;
SIR 10 TDI (022);
RUNTEST 8 TCK;
SDR 64 TDI (FFFFFFFFFFFFFFFF) TDO (FFFFDFFFFFFFFFFF) MASK (FFFFFFFFFFFFFFFF);
SIR 10 TDI (032);
RUNTEST 18 TCK;
SIR 10 TDI (022);
RUNTEST 8 TCK;
SDR 64 TDI (FFFFFFFFFFFFFFFF) TDO (FFFFDFFFFFFFFFFF);
SIR 10 TDI (016);
RUNTEST 8 TCK;
SDR 320 TDI (08421084210842108421084210842108421084210842108421084210842108421084210842108421);
SIR 10 TDI (036);
RUNTEST 18 TCK;
SIR 10 TDI (022);
RUNTEST 8 TCK;
SDR 64 TDI (FFFFFFFFFFFFFFFF) TDO (00130E2E80D11BFD) MASK (FFFFFFFFFFFFFFFF);
SIR 10 TDI (032);
RUNTEST 18 TCK;
SIR 10 TDI (022);
RUNTEST 8 TCK;
SDR 64 TDI (FFFFFFFFFFFFFFFF) TDO (00130E2E80D11BFD);
SIR 10 TDI (036);
RUNTEST 18 TCK;
SIR 10 TDI (026);
RUNTEST 8 TCK;
SDR 64 TDI (FFFFFFFFFFFFFFFF) TDO (FFFFFFFFFFFFFFFF);
SIR 10 TDI (032);
RUNTEST 18 TCK;
SIR 10 TDI (026);
RUNTEST 8 TCK;
SDR 64 TDI (FFFFFFFFFFFFFFFF) TDO (FFFFFFFFFFFFFFFF);
SIR 10 TDI (01A);
RUNTEST 8 TCK;
SDR 320 TDI (42108421084210842108421084210842108421084210842108421084210842108421084210842108);
SIR 10 TDI (036);
RUNTEST 18 TCK;
SIR 10 TDI (026);
RUNTEST 8 TCK;
SDR 64 TDI (FFFFFFFFFFFFFFFF) TDO (FFFEFFFFFFFFFFFF) MASK (FFFFFFFFFFFFFFFF);
SIR 10 TDI (032);
RUNTEST 18 TCK;
SIR 10 TDI (026);
RUNTEST 8 TCK;
SDR 64 TDI (FFFFFFFFFFFFFFFF) TDO (FFFEFFFFFFFFFFFF);
SIR 10 TDI (01A);
RUNTEST 8 TCK;
SDR 320 TDI (21084210842108421084210842108421084210842108421084210842108421084210842108421084);
SIR 10 TDI (036);
RUNTEST 18 TCK;
SIR 10 TDI (026);
RUNTEST 8 TCK;
SDR 64 TDI (FFFFFFFFFFFFFFFF) TDO (5FFEFFFFFFFF173B) MASK (FFFFFFFFFFFFFFFF);
SIR 10 TDI (032);
RUNTEST 18 TCK;
SIR 10 TDI (026);
RUNTEST 8 TCK;
SDR 64 TDI (FFFFFFFFFFFFFFFF) TDO (5FFEFFFFFFFF173B);
SIR 10 TDI (01A);
RUNTEST 8 TCK;
SDR 320 TDI (10842108421084210842108421084210842108421084210842108421084210842108421084210842);
SIR 10 TDI (036);
RUNTEST 18 TCK;
SIR 10 TDI (026);
RUNTEST 8 TCK;
SDR 64 TDI (FFFFFFFFFFFFFFFF) TDO (FFFFFFF7FFFFFFFF) MASK (FFFFFFFFFFFFFFFF);
SIR 10 TDI (032);
RUNTEST 18 TCK;
SIR 10 TDI (026);
RUNTEST 8 TCK;
SDR 64 TDI (FFFFFFFFFFFFFFFF) TDO (FFFFFFF7FFFFFFFF);
SIR 10 TDI (01A);
RUNTEST 8 TCK;
SDR 320 TDI (08421084210842108421084210842108421084210842108421084210842108421084210842108421);
SIR 10 TDI (036);
RUNTEST 18 TCK;
SIR 10 TDI (026);
RUNTEST 8 TCK;
SDR 64 TDI (FFFFFFFFFFFFFFFF) TDO (57F2FFFBFE5F152B) MASK (FFFFFFFFFFFFFFFF);
SIR 10 TDI (032);
RUNTEST 18 TCK;
SIR 10 TDI (026);
RUNTEST 8 TCK;
SDR 64 TDI (FFFFFFFFFFFFFFFF) TDO (57F2FFFBFE5F152B);
SIR 10 TDI (01E);
RUNTEST 8 TCK;
SDR 273 TDI (000000000000000008000000000000000000000000000000000000000040000000000);
SIR 10 TDI (012);
RUNTEST 8 TCK;
SIR 10 TDI (016);
RUNTEST 8 TCK;
SDR 320 TDI (84210842108421084210842108421084210842108421084210842108421084210842108421084210);
SIR 10 TDI (01A);
RUNTEST 8 TCK;
SDR 320 TDI (84210842108421084210842108421084210842108421084210842108421084210842108421084210);
SIR 10 TDI (036);
RUNTEST 18 TCK;
SIR 10 TDI (022);
RUNTEST 8 TCK;
SDR 64 TDI (FFFFFFFFFFFFFFFF) TDO (FFFFFFFFFFFFFFFF) MASK (FFFFFFFFFFFFFFFF);
SIR 10 TDI (032);
RUNTEST 18 TCK;
SIR 10 TDI (022);
RUNTEST 8 TCK;
SDR 64 TDI (FFFFFFFFFFFFFFFF) TDO (FFFFFFFFFFFFFFFF);
SIR 10 TDI (016);
RUNTEST 8 TCK;
SDR 320 TDI (42108421084210842108421084210842108421084210842108421084210842108421084210842108);
SIR 10 TDI (036);
RUNTEST 18 TCK;
SIR 10 TDI (022);
RUNTEST 8 TCK;
SDR 64 TDI (FFFFFFFFFFFFFFFF) TDO (FFFFFFFFFFFFFFFB) MASK (FFFFFFFFFFFFFFFF);
SIR 10 TDI (032);
RUNTEST 18 TCK;
SIR 10 TDI (022);
RUNTEST 8 TCK;
SDR 64 TDI (FFFFFFFFFFFFFFFF) TDO (FFFFFFFFFFFFFFFB);
SIR 10 TDI (016);
RUNTEST 8 TCK;
SDR 320 TDI (21084210842108421084210842108421084210842108421084210842108421084210842108421084);
SIR 10 TDI (036);
RUNTEST 18 TCK;
SIR 10 TDI (022);
RUNTEST 8 TCK;
SDR 64 TDI (FFFFFFFFFFFFFFFF) TDO (1057DFFEDEFF7BF9) MASK (FFFFFFFFFFFFFFFF);
SIR 10 TDI (032);
RUNTEST 18 TCK;
SIR 10 TDI (022);
RUNTEST 8 TCK;
SDR 64 TDI (FFFFFFFFFFFFFFFF) TDO (1057DFFEDEFF7BF9);
SIR 10 TDI (016);
RUNTEST 8 TCK;
SDR 320 TDI (10842108421084210842108421084210842108421084210842108421084210842108421084210842);
SIR 10 TDI (036);
RUNTEST 18 TCK;
SIR 10 TDI (022);
RUNTEST 8 TCK;
SDR 64 TDI (FFFFFFFFFFFFFFFF) TDO (FFFFFFFFFFFFFFFF) MASK (FFFFFFFFFFFFFFFF);
SIR 10 TDI (032);
RUNTEST 18 TCK;
SIR 10 TDI (022);
RUNTEST 8 TCK;
SDR 64 TDI (FFFFFFFFFFFFFFFF) TDO (FFFFFFFFFFFFFFFF);
SIR 10 TDI (016);
RUNTEST 8 TCK;
SDR 320 TDI (08421084210842108421084210842108421084210842108421084210842108421084210842108421);
SIR 10 TDI (036);
RUNTEST 18 TCK;
SIR 10 TDI (022);
RUNTEST 8 TCK;
SDR 64 TDI (FFFFFFFFFFFFFFFF) TDO (0053DFEE80D11BFD) MASK (FFFFFFFFFFFFFFFF);
SIR 10 TDI (032);
RUNTEST 18 TCK;
SIR 10 TDI (022);
RUNTEST 8 TCK;
SDR 64 TDI (FFFFFFFFFFFFFFFF) TDO (0053DFEE80D11BFD);
SIR 10 TDI (036);
RUNTEST 18 TCK;
SIR 10 TDI (026);
RUNTEST 8 TCK;
SDR 64 TDI (FFFFFFFFFFFFFFFF) TDO (FFFFFFFFFFFFFFFF);
SIR 10 TDI (032);
RUNTEST 18 TCK;
SIR 10 TDI (026);
RUNTEST 8 TCK;
SDR 64 TDI (FFFFFFFFFFFFFFFF) TDO (FFFFFFFFFFFFFFFF);
SIR 10 TDI (01A);
RUNTEST 8 TCK;
SDR 320 TDI (42108421084210842108421084210842108421084210842108421084210842108421084210842108);
SIR 10 TDI (036);
RUNTEST 18 TCK;
SIR 10 TDI (026);
RUNTEST 8 TCK;
SDR 64 TDI (FFFFFFFFFFFFFFFF) TDO (BE5CF28F57FFFFFF) MASK (FFFFFFFFFFFFFFFF);
SIR 10 TDI (032);
RUNTEST 18 TCK;
SIR 10 TDI (026);
RUNTEST 8 TCK;
SDR 64 TDI (FFFFFFFFFFFFFFFF) TDO (BE5CF28F57FFFFFF);
SIR 10 TDI (01A);
RUNTEST 8 TCK;
SDR 320 TDI (21084210842108421084210842108421084210842108421084210842108421084210842108421084);
SIR 10 TDI (036);
RUNTEST 18 TCK;
SIR 10 TDI (026);
RUNTEST 8 TCK;
SDR 64 TDI (FFFFFFFFFFFFFFFF) TDO (5FFEFFFFFFFF173B) MASK (FFFFFFFFFFFFFFFF);
SIR 10 TDI (032);
RUNTEST 18 TCK;
SIR 10 TDI (026);
RUNTEST 8 TCK;
SDR 64 TDI (FFFFFFFFFFFFFFFF) TDO (5FFEFFFFFFFF173B);
SIR 10 TDI (01A);
RUNTEST 8 TCK;
SDR 320 TDI (10842108421084210842108421084210842108421084210842108421084210842108421084210842);
SIR 10 TDI (036);
RUNTEST 18 TCK;
SIR 10 TDI (026);
RUNTEST 8 TCK;
SDR 64 TDI (FFFFFFFFFFFFFFFF) TDO (BE5DF28F57FFFFEF) MASK (FFFFFFFFFFFFFFFF);
SIR 10 TDI (032);
RUNTEST 18 TCK;
SIR 10 TDI (026);
RUNTEST 8 TCK;
SDR 64 TDI (FFFFFFFFFFFFFFFF) TDO (BE5DF28F57FFFFEF);
SIR 10 TDI (01A);
RUNTEST 8 TCK;
SDR 320 TDI (08421084210842108421084210842108421084210842108421084210842108421084210842108421);
SIR 10 TDI (036);
RUNTEST 18 TCK;
SIR 10 TDI (026);
RUNTEST 8 TCK;
SDR 64 TDI (FFFFFFFFFFFFFFFF) TDO (1670FF8B565F152B) MASK (FFFFFFFFFFFFFFFF);
SIR 10 TDI (032);
RUNTEST 18 TCK;
SIR 10 TDI (026);
RUNTEST 8 TCK;
SDR 64 TDI (FFFFFFFFFFFFFFFF) TDO (1670FF8B565F152B);
SIR 10 TDI (01E);
RUNTEST 8 TCK;
SDR 273 TDI (000000000000000004000000000000000000000000000000000000000020000000000);
SIR 10 TDI (012);
RUNTEST 8 TCK;
SIR 10 TDI (016);
RUNTEST 8 TCK;
SDR 320 TDI (84210842108421084210842108421084210842108421084210842108421084210842108421084210);
SIR 10 TDI (01A);
RUNTEST 8 TCK;
SDR 320 TDI (84210842108421084210842108421084210842108421084210842108421084210842108421084210);
SIR 10 TDI (036);
RUNTEST 18 TCK;
SIR 10 TDI (022);
RUNTEST 8 TCK;
SDR 64 TDI (FFFFFFFFFFFFFFFF) TDO (FFFFFFFFFFFFFFFF) MASK (FFFFFFFFFFFFFFFF);
SIR 10 TDI (032);
RUNTEST 18 TCK;
SIR 10 TDI (022);
RUNTEST 8 TCK;
SDR 64 TDI (FFFFFFFFFFFFFFFF) TDO (FFFFFFFFFFFFFFFF);
SIR 10 TDI (016);
RUNTEST 8 TCK;
SDR 320 TDI (42108421084210842108421084210842108421084210842108421084210842108421084210842108);
SIR 10 TDI (036);
RUNTEST 18 TCK;
SIR 10 TDI (022);
RUNTEST 8 TCK;
SDR 64 TDI (FFFFFFFFFFFFFFFF) TDO (FFFFFFFFFFFFFFFF) MASK (FFFFFFFFFFFFFFFF);
SIR 10 TDI (032);
RUNTEST 18 TCK;
SIR 10 TDI (022);
RUNTEST 8 TCK;
SDR 64 TDI (FFFFFFFFFFFFFFFF) TDO (FFFFFFFFFFFFFFFF);
SIR 10 TDI (016);
RUNTEST 8 TCK;
SDR 320 TDI (21084210842108421084210842108421084210842108421084210842108421084210842108421084);
SIR 10 TDI (036);
RUNTEST 18 TCK;
SIR 10 TDI (022);
RUNTEST 8 TCK;
SDR 64 TDI (FFFFFFFFFFFFFFFF) TDO (1057DFFEDEFF7BFD) MASK (FFFFFFFFFFFFFFFF);
SIR 10 TDI (032);
RUNTEST 18 TCK;
SIR 10 TDI (022);
RUNTEST 8 TCK;
SDR 64 TDI (FFFFFFFFFFFFFFFF) TDO (1057DFFEDEFF7BFD);
SIR 10 TDI (016);
RUNTEST 8 TCK;
SDR 320 TDI (10842108421084210842108421084210842108421084210842108421084210842108421084210842);
SIR 10 TDI (036);
RUNTEST 18 TCK;
SIR 10 TDI (022);
RUNTEST 8 TCK;
SDR 64 TDI (FFFFFFFFFFFFFFFF) TDO (FFFFFFFFFFFFFFFF) MASK (FFFFFFFFFFFFFFFF);
SIR 10 TDI (032);
RUNTEST 18 TCK;
SIR 10 TDI (022);
RUNTEST 8 TCK;
SDR 64 TDI (FFFFFFFFFFFFFFFF) TDO (FFFFFFFFFFFFFFFF);
SIR 10 TDI (016);
RUNTEST 8 TCK;
SDR 320 TDI (08421084210842108421084210842108421084210842108421084210842108421084210842108421);
SIR 10 TDI (036);
RUNTEST 18 TCK;
SIR 10 TDI (022);
RUNTEST 8 TCK;
SDR 64 TDI (FFFFFFFFFFFFFFFF) TDO (0053DFEE80D11BFD) MASK (FFFFFFFFFFFFFFFF);
SIR 10 TDI (032);
RUNTEST 18 TCK;
SIR 10 TDI (022);
RUNTEST 8 TCK;
SDR 64 TDI (FFFFFFFFFFFFFFFF) TDO (0053DFEE80D11BFD);
SIR 10 TDI (036);
RUNTEST 18 TCK;
SIR 10 TDI (026);
RUNTEST 8 TCK;
SDR 64 TDI (FFFFFFFFFFFFFFFF) TDO (FFFDF7FFFFFFFFFF);
SIR 10 TDI (032);
RUNTEST 18 TCK;
SIR 10 TDI (026);
RUNTEST 8 TCK;
SDR 64 TDI (FFFFFFFFFFFFFFFF) TDO (FFFDF7FFFFFFFFFF);
SIR 10 TDI (01A);
RUNTEST 8 TCK;
SDR 320 TDI (42108421084210842108421084210842108421084210842108421084210842108421084210842108);
SIR 10 TDI (036);
RUNTEST 18 TCK;
SIR 10 TDI (026);
RUNTEST 8 TCK;
SDR 64 TDI (FFFFFFFFFFFFFFFF) TDO (FFFADFFFFFFFFFFF) MASK (FFFFFFFFFFFFFFFF);
SIR 10 TDI (032);
RUNTEST 18 TCK;
SIR 10 TDI (026);
RUNTEST 8 TCK;
SDR 64 TDI (FFFFFFFFFFFFFFFF) TDO (FFFADFFFFFFFFFFF);
SIR 10 TDI (01A);
RUNTEST 8 TCK;
SDR 320 TDI (21084210842108421084210842108421084210842108421084210842108421084210842108421084);
SIR 10 TDI (036);
RUNTEST 18 TCK;
SIR 10 TDI (026);
RUNTEST 8 TCK;
SDR 64 TDI (FFFFFFFFFFFFFFFF) TDO (5FFED7FFFFFF173B) MASK (FFFFFFFFFFFFFFFF);
SIR 10 TDI (032);
RUNTEST 18 TCK;
SIR 10 TDI (026);
RUNTEST 8 TCK;
SDR 64 TDI (FFFFFFFFFFFFFFFF) TDO (5FFED7FFFFFF173B);
SIR 10 TDI (01A);
RUNTEST 8 TCK;
SDR 320 TDI (10842108421084210842108421084210842108421084210842108421084210842108421084210842);
SIR 10 TDI (036);
RUNTEST 18 TCK;
SIR 10 TDI (026);
RUNTEST 8 TCK;
SDR 64 TDI (FFFFFFFFFFFFFFFF) TDO (FFFFFFFFFFFFFFFF) MASK (FFFFFFFFFFFFFFFF);
SIR 10 TDI (032);
RUNTEST 18 TCK;
SIR 10 TDI (026);
RUNTEST 8 TCK;
SDR 64 TDI (FFFFFFFFFFFFFFFF) TDO (FFFFFFFFFFFFFFFF);
SIR 10 TDI (01A);
RUNTEST 8 TCK;
SDR 320 TDI (08421084210842108421084210842108421084210842108421084210842108421084210842108421);
SIR 10 TDI (036);
RUNTEST 18 TCK;
SIR 10 TDI (026);
RUNTEST 8 TCK;
SDR 64 TDI (FFFFFFFFFFFFFFFF) TDO (57D2FAFBFE5F152B) MASK (FFFFFFFFFFFFFFFF);
SIR 10 TDI (032);
RUNTEST 18 TCK;
SIR 10 TDI (026);
RUNTEST 8 TCK;
SDR 64 TDI (FFFFFFFFFFFFFFFF) TDO (57D2FAFBFE5F152B);
SIR 10 TDI (01E);
RUNTEST 8 TCK;
SDR 273 TDI (000000000000000002000000000000000000000000000000000000000010000000000);
SIR 10 TDI (012);
RUNTEST 8 TCK;
SIR 10 TDI (016);
RUNTEST 8 TCK;
SDR 320 TDI (84210842108421084210842108421084210842108421084210842108421084210842108421084210);
SIR 10 TDI (01A);
RUNTEST 8 TCK;
SDR 320 TDI (84210842108421084210842108421084210842108421084210842108421084210842108421084210);
SIR 10 TDI (036);
RUNTEST 18 TCK;
SIR 10 TDI (022);
RUNTEST 8 TCK;
SDR 64 TDI (FFFFFFFFFFFFFFFF) TDO (FFFFFFFFFFFFFFFF) MASK (FFFFFFFFFFFFFFFF);
SIR 10 TDI (032);
RUNTEST 18 TCK;
SIR 10 TDI (022);
RUNTEST 8 TCK;
SDR 64 TDI (FFFFFFFFFFFFFFFF) TDO (FFFFFFFFFFFFFFFF);
SIR 10 TDI (016);
RUNTEST 8 TCK;
SDR 320 TDI (42108421084210842108421084210842108421084210842108421084210842108421084210842108);
SIR 10 TDI (036);
RUNTEST 18 TCK;
SIR 10 TDI (022);
RUNTEST 8 TCK;
SDR 64 TDI (FFFFFFFFFFFFFFFF) TDO (FFFFFFFFFFFFFFFF) MASK (FFFFFFFFFFFFFFFF);
SIR 10 TDI (032);
RUNTEST 18 TCK;
SIR 10 TDI (022);
RUNTEST 8 TCK;
SDR 64 TDI (FFFFFFFFFFFFFFFF) TDO (FFFFFFFFFFFFFFFF);
SIR 10 TDI (016);
RUNTEST 8 TCK;
SDR 320 TDI (21084210842108421084210842108421084210842108421084210842108421084210842108421084);
SIR 10 TDI (036);
RUNTEST 18 TCK;
SIR 10 TDI (022);
RUNTEST 8 TCK;
SDR 64 TDI (FFFFFFFFFFFFFFFF) TDO (1057DFFEDEFF7BFD) MASK (FFFFFFFFFFFFFFFF);
SIR 10 TDI (032);
RUNTEST 18 TCK;
SIR 10 TDI (022);
RUNTEST 8 TCK;
SDR 64 TDI (FFFFFFFFFFFFFFFF) TDO (1057DFFEDEFF7BFD);
SIR 10 TDI (016);
RUNTEST 8 TCK;
SDR 320 TDI (10842108421084210842108421084210842108421084210842108421084210842108421084210842);
SIR 10 TDI (036);
RUNTEST 18 TCK;
SIR 10 TDI (022);
RUNTEST 8 TCK;
SDR 64 TDI (FFFFFFFFFFFFFFFF) TDO (FFFFFFFFFFFFFFFF) MASK (FFFFFFFFFFFFFFFF);
SIR 10 TDI (032);
RUNTEST 18 TCK;
SIR 10 TDI (022);
RUNTEST 8 TCK;
SDR 64 TDI (FFFFFFFFFFFFFFFF) TDO (FFFFFFFFFFFFFFFF);
SIR 10 TDI (016);
RUNTEST 8 TCK;
SDR 320 TDI (08421084210842108421084210842108421084210842108421084210842108421084210842108421);
SIR 10 TDI (036);
RUNTEST 18 TCK;
SIR 10 TDI (022);
RUNTEST 8 TCK;
SDR 64 TDI (FFFFFFFFFFFFFFFF) TDO (0053DFEE80D11BF9) MASK (FFFFFFFFFFFFFFFF);
SIR 10 TDI (032);
RUNTEST 18 TCK;
SIR 10 TDI (022);
RUNTEST 8 TCK;
SDR 64 TDI (FFFFFFFFFFFFFFFF) TDO (0053DFEE80D11BF9);
SIR 10 TDI (036);
RUNTEST 18 TCK;
SIR 10 TDI (026);
RUNTEST 8 TCK;
SDR 64 TDI (FFFFFFFFFFFFFFFF) TDO (FFFFFFFFFFFFFFFF);
SIR 10 TDI (032);
RUNTEST 18 TCK;
SIR 10 TDI (026);
RUNTEST 8 TCK;
SDR 64 TDI (FFFFFFFFFFFFFFFF) TDO (FFFFFFFFFFFFFFFF);
SIR 10 TDI (01A);
RUNTEST 8 TCK;
SDR 320 TDI (42108421084210842108421084210842108421084210842108421084210842108421084210842108);
SIR 10 TDI (036);
RUNTEST 18 TCK;
SIR 10 TDI (026);
RUNTEST 8 TCK;
SDR 64 TDI (FFFFFFFFFFFFFFFF) TDO (FFDEFAFFFFFFFBFF) MASK (FFFFFFFFFFFFFFFF);
SIR 10 TDI (032);
RUNTEST 18 TCK;
SIR 10 TDI (026);
RUNTEST 8 TCK;
SDR 64 TDI (FFFFFFFFFFFFFFFF) TDO (FFDEFAFFFFFFFBFF);
SIR 10 TDI (01A);
RUNTEST 8 TCK;
SDR 320 TDI (21084210842108421084210842108421084210842108421084210842108421084210842108421084);
SIR 10 TDI (036);
RUNTEST 18 TCK;
SIR 10 TDI (026);
RUNTEST 8 TCK;
SDR 64 TDI (FFFFFFFFFFFFFFFF) TDO (5FFEFFFFFFFF173B) MASK (FFFFFFFFFFFFFFFF);
SIR 10 TDI (032);
RUNTEST 18 TCK;
SIR 10 TDI (026);
RUNTEST 8 TCK;
SDR 64 TDI (FFFFFFFFFFFFFFFF) TDO (5FFEFFFFFFFF173B);
SIR 10 TDI (01A);
RUNTEST 8 TCK;
SDR 320 TDI (10842108421084210842108421084210842108421084210842108421084210842108421084210842);
SIR 10 TDI (036);
RUNTEST 18 TCK;
SIR 10 TDI (026);
RUNTEST 8 TCK;
SDR 64 TDI (FFFFFFFFFFFFFFFF) TDO (FFDFFAFFFFFFFFFF) MASK (FFFFFFFFFFFFFFFF);
SIR 10 TDI (032);
RUNTEST 18 TCK;
SIR 10 TDI (026);
RUNTEST 8 TCK;
SDR 64 TDI (FFFFFFFFFFFFFFFF) TDO (FFDFFAFFFFFFFFFF);
SIR 10 TDI (01A);
RUNTEST 8 TCK;
SDR 320 TDI (08421084210842108421084210842108421084210842108421084210842108421084210842108421);
SIR 10 TDI (036);
RUNTEST 18 TCK;
SIR 10 TDI (026);
RUNTEST 8 TCK;
SDR 64 TDI (FFFFFFFFFFFFFFFF) TDO (57F2FFFBFE5F152B) MASK (FFFFFFFFFFFFFFFF);
SIR 10 TDI (032);
RUNTEST 18 TCK;
SIR 10 TDI (026);
RUNTEST 8 TCK;
SDR 64 TDI (FFFFFFFFFFFFFFFF) TDO (57F2FFFBFE5F152B);
SIR 10 TDI (01E);
RUNTEST 8 TCK;
SDR 273 TDI (000000000000000001000000000000000000000000000000000000000008000000000);
SIR 10 TDI (012);
RUNTEST 8 TCK;
SIR 10 TDI (016);
RUNTEST 8 TCK;
SDR 320 TDI (84210842108421084210842108421084210842108421084210842108421084210842108421084210);
SIR 10 TDI (01A);
RUNTEST 8 TCK;
SDR 320 TDI (84210842108421084210842108421084210842108421084210842108421084210842108421084210);
SIR 10 TDI (036);
RUNTEST 18 TCK;
SIR 10 TDI (022);
RUNTEST 8 TCK;
SDR 64 TDI (FFFFFFFFFFFFFFFF) TDO (FFFFFFFFFFFFFFFF) MASK (FFFFFFFFFFFFFFFF);
SIR 10 TDI (032);
RUNTEST 18 TCK;
SIR 10 TDI (022);
RUNTEST 8 TCK;
SDR 64 TDI (FFFFFFFFFFFFFFFF) TDO (FFFFFFFFFFFFFFFF);
SIR 10 TDI (016);
RUNTEST 8 TCK;
SDR 320 TDI (42108421084210842108421084210842108421084210842108421084210842108421084210842108);
SIR 10 TDI (036);
RUNTEST 18 TCK;
SIR 10 TDI (022);
RUNTEST 8 TCK;
SDR 64 TDI (FFFFFFFFFFFFFFFF) TDO (FFFFFFFFFFFFFFFF) MASK (FFFFFFFFFFFFFFFF);
SIR 10 TDI (032);
RUNTEST 18 TCK;
SIR 10 TDI (022);
RUNTEST 8 TCK;
SDR 64 TDI (FFFFFFFFFFFFFFFF) TDO (FFFFFFFFFFFFFFFF);
SIR 10 TDI (016);
RUNTEST 8 TCK;
SDR 320 TDI (21084210842108421084210842108421084210842108421084210842108421084210842108421084);
SIR 10 TDI (036);
RUNTEST 18 TCK;
SIR 10 TDI (022);
RUNTEST 8 TCK;
SDR 64 TDI (FFFFFFFFFFFFFFFF) TDO (1057DFFEDEFF7BFD) MASK (FFFFFFFFFFFFFFFF);
SIR 10 TDI (032);
RUNTEST 18 TCK;
SIR 10 TDI (022);
RUNTEST 8 TCK;
SDR 64 TDI (FFFFFFFFFFFFFFFF) TDO (1057DFFEDEFF7BFD);
SIR 10 TDI (016);
RUNTEST 8 TCK;
SDR 320 TDI (10842108421084210842108421084210842108421084210842108421084210842108421084210842);
SIR 10 TDI (036);
RUNTEST 18 TCK;
SIR 10 TDI (022);
RUNTEST 8 TCK;
SDR 64 TDI (FFFFFFFFFFFFFFFF) TDO (FFFFFFFFFFFFFFFF) MASK (FFFFFFFFFFFFFFFF);
SIR 10 TDI (032);
RUNTEST 18 TCK;
SIR 10 TDI (022);
RUNTEST 8 TCK;
SDR 64 TDI (FFFFFFFFFFFFFFFF) TDO (FFFFFFFFFFFFFFFF);
SIR 10 TDI (016);
RUNTEST 8 TCK;
SDR 320 TDI (08421084210842108421084210842108421084210842108421084210842108421084210842108421);
SIR 10 TDI (036);
RUNTEST 18 TCK;
SIR 10 TDI (022);
RUNTEST 8 TCK;
SDR 64 TDI (FFFFFFFFFFFFFFFF) TDO (0053DFEE80D11BFD) MASK (FFFFFFFFFFFFFFFF);
SIR 10 TDI (032);
RUNTEST 18 TCK;
SIR 10 TDI (022);
RUNTEST 8 TCK;
SDR 64 TDI (FFFFFFFFFFFFFFFF) TDO (0053DFEE80D11BFD);
SIR 10 TDI (036);
RUNTEST 18 TCK;
SIR 10 TDI (026);
RUNTEST 8 TCK;
SDR 64 TDI (FFFFFFFFFFFFFFFF) TDO (FFFFFFFFFFFFFFFF);
SIR 10 TDI (032);
RUNTEST 18 TCK;
SIR 10 TDI (026);
RUNTEST 8 TCK;
SDR 64 TDI (FFFFFFFFFFFFFFFF) TDO (FFFFFFFFFFFFFFFF);
SIR 10 TDI (01A);
RUNTEST 8 TCK;
SDR 320 TDI (42108421084210842108421084210842108421084210842108421084210842108421084210842108);
SIR 10 TDI (036);
RUNTEST 18 TCK;
SIR 10 TDI (026);
RUNTEST 8 TCK;
SDR 64 TDI (FFFFFFFFFFFFFFFF) TDO (FFFEFFFFFFFFFFFF) MASK (FFFFFFFFFFFFFFFF);
SIR 10 TDI (032);
RUNTEST 18 TCK;
SIR 10 TDI (026);
RUNTEST 8 TCK;
SDR 64 TDI (FFFFFFFFFFFFFFFF) TDO (FFFEFFFFFFFFFFFF);
SIR 10 TDI (01A);
RUNTEST 8 TCK;
SDR 320 TDI (21084210842108421084210842108421084210842108421084210842108421084210842108421084);
SIR 10 TDI (036);
RUNTEST 18 TCK;
SIR 10 TDI (026);
RUNTEST 8 TCK;
SDR 64 TDI (FFFFFFFFFFFFFFFF) TDO (5FFEFFFFFFFF173B) MASK (FFFFFFFFFFFFFFFF);
SIR 10 TDI (032);
RUNTEST 18 TCK;
SIR 10 TDI (026);
RUNTEST 8 TCK;
SDR 64 TDI (FFFFFFFFFFFFFFFF) TDO (5FFEFFFFFFFF173B);
SIR 10 TDI (01A);
RUNTEST 8 TCK;
SDR 320 TDI (10842108421084210842108421084210842108421084210842108421084210842108421084210842);
SIR 10 TDI (036);
RUNTEST 18 TCK;
SIR 10 TDI (026);
RUNTEST 8 TCK;
SDR 64 TDI (FFFFFFFFFFFFFFFF) TDO (FFFFFFFFFFFFFFFF) MASK (FFFFFFFFFFFFFFFF);
SIR 10 TDI (032);
RUNTEST 18 TCK;
SIR 10 TDI (026);
RUNTEST 8 TCK;
SDR 64 TDI (FFFFFFFFFFFFFFFF) TDO (FFFFFFFFFFFFFFFF);
SIR 10 TDI (01A);
RUNTEST 8 TCK;
SDR 320 TDI (08421084210842108421084210842108421084210842108421084210842108421084210842108421);
SIR 10 TDI (036);
RUNTEST 18 TCK;
SIR 10 TDI (026);
RUNTEST 8 TCK;
SDR 64 TDI (FFFFFFFFFFFFFFFF) TDO (57F2FFFBFE5F152B) MASK (FFFFFFFFFFFFFFFF);
SIR 10 TDI (032);
RUNTEST 18 TCK;
SIR 10 TDI (026);
RUNTEST 8 TCK;
SDR 64 TDI (FFFFFFFFFFFFFFFF) TDO (57F2FFFBFE5F152B);
SIR 10 TDI (01E);
RUNTEST 8 TCK;
SDR 273 TDI (000000000000000000800000000000000000000000000000000000000004000000000);
SIR 10 TDI (012);
RUNTEST 8 TCK;
SIR 10 TDI (016);
RUNTEST 8 TCK;
SDR 320 TDI (84210842108421084210842108421084210842108421084210842108421084210842108421084210);
SIR 10 TDI (01A);
RUNTEST 8 TCK;
SDR 320 TDI (84210842108421084210842108421084210842108421084210842108421084210842108421084210);
SIR 10 TDI (036);
RUNTEST 18 TCK;
SIR 10 TDI (022);
RUNTEST 8 TCK;
SDR 64 TDI (FFFFFFFFFFFFFFFF) TDO (FFFF7FFFFFFFFFFF) MASK (FFFFFFFFFFFFFFFF);
SIR 10 TDI (032);
RUNTEST 18 TCK;
SIR 10 TDI (022);
RUNTEST 8 TCK;
SDR 64 TDI (FFFFFFFFFFFFFFFF) TDO (FFFF7FFFFFFFFFFF);
SIR 10 TDI (016);
RUNTEST 8 TCK;
SDR 320 TDI (42108421084210842108421084210842108421084210842108421084210842108421084210842108);
SIR 10 TDI (036);
RUNTEST 18 TCK;
SIR 10 TDI (022);
RUNTEST 8 TCK;
SDR 64 TDI (FFFFFFFFFFFFFFFF) TDO (FFFFFFFFDFFEBFFF) MASK (FFFFFFFFFFFFFFFF);
SIR 10 TDI (032);
RUNTEST 18 TCK;
SIR 10 TDI (022);
RUNTEST 8 TCK;
SDR 64 TDI (FFFFFFFFFFFFFFFF) TDO (FFFFFFFFDFFEBFFF);
SIR 10 TDI (016);
RUNTEST 8 TCK;
SDR 320 TDI (21084210842108421084210842108421084210842108421084210842108421084210842108421084);
SIR 10 TDI (036);
RUNTEST 18 TCK;
SIR 10 TDI (022);
RUNTEST 8 TCK;
SDR 64 TDI (FFFFFFFFFFFFFFFF) TDO (1057DFFEDEFE7BFD) MASK (FFFFFFFFFFFFFFFF);
SIR 10 TDI (032);
RUNTEST 18 TCK;
SIR 10 TDI (022);
RUNTEST 8 TCK;
SDR 64 TDI (FFFFFFFFFFFFFFFF) TDO (1057DFFEDEFE7BFD);
SIR 10 TDI (016);
RUNTEST 8 TCK;
SDR 320 TDI (10842108421084210842108421084210842108421084210842108421084210842108421084210842);
SIR 10 TDI (036);
RUNTEST 18 TCK;
SIR 10 TDI (022);
RUNTEST 8 TCK;
SDR 64 TDI (FFFFFFFFFFFFFFFF) TDO (FFFFFFFFFFFEFFFF) MASK (FFFFFFFFFFFFFFFF);
SIR 10 TDI (032);
RUNTEST 18 TCK;
SIR 10 TDI (022);
RUNTEST 8 TCK;
SDR 64 TDI (FFFFFFFFFFFFFFFF) TDO (FFFFFFFFFFFEFFFF);
SIR 10 TDI (016);
RUNTEST 8 TCK;
SDR 320 TDI (08421084210842108421084210842108421084210842108421084210842108421084210842108421);
SIR 10 TDI (036);
RUNTEST 18 TCK;
SIR 10 TDI (022);
RUNTEST 8 TCK;
SDR 64 TDI (FFFFFFFFFFFFFFFF) TDO (0053DFEE80D01BFD) MASK (FFFFFFFFFFFFFFFF);
SIR 10 TDI (032);
RUNTEST 18 TCK;
SIR 10 TDI (022);
RUNTEST 8 TCK;
SDR 64 TDI (FFFFFFFFFFFFFFFF) TDO (0053DFEE80D01BFD);
SIR 10 TDI (036);
RUNTEST 18 TCK;
SIR 10 TDI (026);
RUNTEST 8 TCK;
SDR 64 TDI (FFFFFFFFFFFFFFFF) TDO (FFFFFFFFFFFFFEFF);
SIR 10 TDI (032);
RUNTEST 18 TCK;
SIR 10 TDI (026);
RUNTEST 8 TCK;
SDR 64 TDI (FFFFFFFFFFFFFFFF) TDO (FFFFFFFFFFFFFEFF);
SIR 10 TDI (01A);
RUNTEST 8 TCK;
SDR 320 TDI (42108421084210842108421084210842108421084210842108421084210842108421084210842108);
SIR 10 TDI (036);
RUNTEST 18 TCK;
SIR 10 TDI (026);
RUNTEST 8 TCK;
SDR 64 TDI (FFFFFFFFFFFFFFFF) TDO (DFFEFFFFFFFFFFFF) MASK (FFFFFFFFFFFFFFFF);
SIR 10 TDI (032);
RUNTEST 18 TCK;
SIR 10 TDI (026);
RUNTEST 8 TCK;
SDR 64 TDI (FFFFFFFFFFFFFFFF) TDO (DFFEFFFFFFFFFFFF);
SIR 10 TDI (01A);
RUNTEST 8 TCK;
SDR 320 TDI (21084210842108421084210842108421084210842108421084210842108421084210842108421084);
SIR 10 TDI (036);
RUNTEST 18 TCK;
SIR 10 TDI (026);
RUNTEST 8 TCK;
SDR 64 TDI (FFFFFFFFFFFFFFFF) TDO (5FFEFFF7FFFF173B) MASK (FFFFFFFFFFFFFFFF);
SIR 10 TDI (032);
RUNTEST 18 TCK;
SIR 10 TDI (026);
RUNTEST 8 TCK;
SDR 64 TDI (FFFFFFFFFFFFFFFF) TDO (5FFEFFF7FFFF173B);
SIR 10 TDI (01A);
RUNTEST 8 TCK;
SDR 320 TDI (10842108421084210842108421084210842108421084210842108421084210842108421084210842);
SIR 10 TDI (036);
RUNTEST 18 TCK;
SIR 10 TDI (026);
RUNTEST 8 TCK;
SDR 64 TDI (FFFFFFFFFFFFFFFF) TDO (FFFFFFFFFFFFFFFF) MASK (FFFFFFFFFFFFFFFF);
SIR 10 TDI (032);
RUNTEST 18 TCK;
SIR 10 TDI (026);
RUNTEST 8 TCK;
SDR 64 TDI (FFFFFFFFFFFFFFFF) TDO (FFFFFFFFFFFFFFFF);
SIR 10 TDI (01A);
RUNTEST 8 TCK;
SDR 320 TDI (08421084210842108421084210842108421084210842108421084210842108421084210842108421);
SIR 10 TDI (036);
RUNTEST 18 TCK;
SIR 10 TDI (026);
RUNTEST 8 TCK;
SDR 64 TDI (FFFFFFFFFFFFFFFF) TDO (57F2FFFBFE5F152B) MASK (FFFFFFFFFFFFFFFF);
SIR 10 TDI (032);
RUNTEST 18 TCK;
SIR 10 TDI (026);
RUNTEST 8 TCK;
SDR 64 TDI (FFFFFFFFFFFFFFFF) TDO (57F2FFFBFE5F152B);
SIR 10 TDI (01E);
RUNTEST 8 TCK;
SDR 273 TDI (000000000000000000400000000000000000000000000000000000000002000000000);
SIR 10 TDI (012);
RUNTEST 8 TCK;
SIR 10 TDI (016);
RUNTEST 8 TCK;
SDR 320 TDI (84210842108421084210842108421084210842108421084210842108421084210842108421084210);
SIR 10 TDI (01A);
RUNTEST 8 TCK;
SDR 320 TDI (84210842108421084210842108421084210842108421084210842108421084210842108421084210);
SIR 10 TDI (036);
RUNTEST 18 TCK;
SIR 10 TDI (022);
RUNTEST 8 TCK;
SDR 64 TDI (FFFFFFFFFFFFFFFF) TDO (FFFFFFFFFF7FFFFF) MASK (FFFFFFFFFFFFFFFF);
SIR 10 TDI (032);
RUNTEST 18 TCK;
SIR 10 TDI (022);
RUNTEST 8 TCK;
SDR 64 TDI (FFFFFFFFFFFFFFFF) TDO (FFFFFFFFFF7FFFFF);
SIR 10 TDI (016);
RUNTEST 8 TCK;
SDR 320 TDI (42108421084210842108421084210842108421084210842108421084210842108421084210842108);
SIR 10 TDI (036);
RUNTEST 18 TCK;
SIR 10 TDI (022);
RUNTEST 8 TCK;
SDR 64 TDI (FFFFFFFFFFFFFFFF) TDO (FFFFFFFFFFFFFFFF) MASK (FFFFFFFFFFFFFFFF);
SIR 10 TDI (032);
RUNTEST 18 TCK;
SIR 10 TDI (022);
RUNTEST 8 TCK;
SDR 64 TDI (FFFFFFFFFFFFFFFF) TDO (FFFFFFFFFFFFFFFF);
SIR 10 TDI (016);
RUNTEST 8 TCK;
SDR 320 TDI (21084210842108421084210842108421084210842108421084210842108421084210842108421084);
SIR 10 TDI (036);
RUNTEST 18 TCK;
SIR 10 TDI (022);
RUNTEST 8 TCK;
SDR 64 TDI (FFFFFFFFFFFFFFFF) TDO (1057DFFEDEFF7BFD) MASK (FFFFFFFFFFFFFFFF);
SIR 10 TDI (032);
RUNTEST 18 TCK;
SIR 10 TDI (022);
RUNTEST 8 TCK;
SDR 64 TDI (FFFFFFFFFFFFFFFF) TDO (1057DFFEDEFF7BFD);
SIR 10 TDI (016);
RUNTEST 8 TCK;
SDR 320 TDI (10842108421084210842108421084210842108421084210842108421084210842108421084210842);
SIR 10 TDI (036);
RUNTEST 18 TCK;
SIR 10 TDI (022);
RUNTEST 8 TCK;
SDR 64 TDI (FFFFFFFFFFFFFFFF) TDO (FFFFFFFFFFFFFFFF) MASK (FFFFFFFFFFFFFFFF);
SIR 10 TDI (032);
RUNTEST 18 TCK;
SIR 10 TDI (022);
RUNTEST 8 TCK;
SDR 64 TDI (FFFFFFFFFFFFFFFF) TDO (FFFFFFFFFFFFFFFF);
SIR 10 TDI (016);
RUNTEST 8 TCK;
SDR 320 TDI (08421084210842108421084210842108421084210842108421084210842108421084210842108421);
SIR 10 TDI (036);
RUNTEST 18 TCK;
SIR 10 TDI (022);
RUNTEST 8 TCK;
SDR 64 TDI (FFFFFFFFFFFFFFFF) TDO (0053DFEE80D11BFD) MASK (FFFFFFFFFFFFFFFF);
SIR 10 TDI (032);
RUNTEST 18 TCK;
SIR 10 TDI (022);
RUNTEST 8 TCK;
SDR 64 TDI (FFFFFFFFFFFFFFFF) TDO (0053DFEE80D11BFD);
SIR 10 TDI (036);
RUNTEST 18 TCK;
SIR 10 TDI (026);
RUNTEST 8 TCK;
SDR 64 TDI (FFFFFFFFFFFFFFFF) TDO (FFFFFFFFFFFFFFFF);
SIR 10 TDI (032);
RUNTEST 18 TCK;
SIR 10 TDI (026);
RUNTEST 8 TCK;
SDR 64 TDI (FFFFFFFFFFFFFFFF) TDO (FFFFFFFFFFFFFFFF);
SIR 10 TDI (01A);
RUNTEST 8 TCK;
SDR 320 TDI (42108421084210842108421084210842108421084210842108421084210842108421084210842108);
SIR 10 TDI (036);
RUNTEST 18 TCK;
SIR 10 TDI (026);
RUNTEST 8 TCK;
SDR 64 TDI (FFFFFFFFFFFFFFFF) TDO (FFFEFFFFFFFFFFFF) MASK (FFFFFFFFFFFFFFFF);
SIR 10 TDI (032);
RUNTEST 18 TCK;
SIR 10 TDI (026);
RUNTEST 8 TCK;
SDR 64 TDI (FFFFFFFFFFFFFFFF) TDO (FFFEFFFFFFFFFFFF);
SIR 10 TDI (01A);
RUNTEST 8 TCK;
SDR 320 TDI (21084210842108421084210842108421084210842108421084210842108421084210842108421084);
SIR 10 TDI (036);
RUNTEST 18 TCK;
SIR 10 TDI (026);
RUNTEST 8 TCK;
SDR 64 TDI (FFFFFFFFFFFFFFFF) TDO (5FFEFFFFFFFF173B) MASK (FFFFFFFFFFFFFFFF);
SIR 10 TDI (032);
RUNTEST 18 TCK;
SIR 10 TDI (026);
RUNTEST 8 TCK;
SDR 64 TDI (FFFFFFFFFFFFFFFF) TDO (5FFEFFFFFFFF173B);
SIR 10 TDI (01A);
RUNTEST 8 TCK;
SDR 320 TDI (10842108421084210842108421084210842108421084210842108421084210842108421084210842);
SIR 10 TDI (036);
RUNTEST 18 TCK;
SIR 10 TDI (026);
RUNTEST 8 TCK;
SDR 64 TDI (FFFFFFFFFFFFFFFF) TDO (FFFFFFFFFFFFFFFF) MASK (FFFFFFFFFFFFFFFF);
SIR 10 TDI (032);
RUNTEST 18 TCK;
SIR 10 TDI (026);
RUNTEST 8 TCK;
SDR 64 TDI (FFFFFFFFFFFFFFFF) TDO (FFFFFFFFFFFFFFFF);
SIR 10 TDI (01A);
RUNTEST 8 TCK;
SDR 320 TDI (08421084210842108421084210842108421084210842108421084210842108421084210842108421);
SIR 10 TDI (036);
RUNTEST 18 TCK;
SIR 10 TDI (026);
RUNTEST 8 TCK;
SDR 64 TDI (FFFFFFFFFFFFFFFF) TDO (57F2FFFBFE5F152B) MASK (FFFFFFFFFFFFFFFF);
SIR 10 TDI (032);
RUNTEST 18 TCK;
SIR 10 TDI (026);
RUNTEST 8 TCK;
SDR 64 TDI (FFFFFFFFFFFFFFFF) TDO (57F2FFFBFE5F152B);
SIR 10 TDI (01E);
RUNTEST 8 TCK;
SDR 273 TDI (000000000000000000200000000000000000000000000000000000000001000000000);
SIR 10 TDI (012);
RUNTEST 8 TCK;
SIR 10 TDI (016);
RUNTEST 8 TCK;
SDR 320 TDI (84210842108421084210842108421084210842108421084210842108421084210842108421084210);
SIR 10 TDI (01A);
RUNTEST 8 TCK;
SDR 320 TDI (84210842108421084210842108421084210842108421084210842108421084210842108421084210);
SIR 10 TDI (036);
RUNTEST 18 TCK;
SIR 10 TDI (022);
RUNTEST 8 TCK;
SDR 64 TDI (FFFFFFFFFFFFFFFF) TDO (FFFFFFFFFFFFFFFF) MASK (FFFFFFFFFFFFFFFF);
SIR 10 TDI (032);
RUNTEST 18 TCK;
SIR 10 TDI (022);
RUNTEST 8 TCK;
SDR 64 TDI (FFFFFFFFFFFFFFFF) TDO (FFFFFFFFFFFFFFFF);
SIR 10 TDI (016);
RUNTEST 8 TCK;
SDR 320 TDI (42108421084210842108421084210842108421084210842108421084210842108421084210842108);
SIR 10 TDI (036);
RUNTEST 18 TCK;
SIR 10 TDI (022);
RUNTEST 8 TCK;
SDR 64 TDI (FFFFFFFFFFFFFFFF) TDO (FFFFFFFFFFFFFDF9) MASK (FFFFFFFFFFFFFFFF);
SIR 10 TDI (032);
RUNTEST 18 TCK;
SIR 10 TDI (022);
RUNTEST 8 TCK;
SDR 64 TDI (FFFFFFFFFFFFFFFF) TDO (FFFFFFFFFFFFFDF9);
SIR 10 TDI (016);
RUNTEST 8 TCK;
SDR 320 TDI (21084210842108421084210842108421084210842108421084210842108421084210842108421084);
SIR 10 TDI (036);
RUNTEST 18 TCK;
SIR 10 TDI (022);
RUNTEST 8 TCK;
SDR 64 TDI (FFFFFFFFFFFFFFFF) TDO (1057DFFEDEFF7BFD) MASK (FFFFFFFFFFFFFFFF);
SIR 10 TDI (032);
RUNTEST 18 TCK;
SIR 10 TDI (022);
RUNTEST 8 TCK;
SDR 64 TDI (FFFFFFFFFFFFFFFF) TDO (1057DFFEDEFF7BFD);
SIR 10 TDI (016);
RUNTEST 8 TCK;
SDR 320 TDI (10842108421084210842108421084210842108421084210842108421084210842108421084210842);
SIR 10 TDI (036);
RUNTEST 18 TCK;
SIR 10 TDI (022);
RUNTEST 8 TCK;
SDR 64 TDI (FFFFFFFFFFFFFFFF) TDO (FFFFFFFFFFFFFFFF) MASK (FFFFFFFFFFFFFFFF);
SIR 10 TDI (032);
RUNTEST 18 TCK;
SIR 10 TDI (022);
RUNTEST 8 TCK;
SDR 64 TDI (FFFFFFFFFFFFFFFF) TDO (FFFFFFFFFFFFFFFF);
SIR 10 TDI (016);
RUNTEST 8 TCK;
SDR 320 TDI (08421084210842108421084210842108421084210842108421084210842108421084210842108421);
SIR 10 TDI (036);
RUNTEST 18 TCK;
SIR 10 TDI (022);
RUNTEST 8 TCK;
SDR 64 TDI (FFFFFFFFFFFFFFFF) TDO (0053DFEE80D01BFD) MASK (FFFFFFFFFFFFFFFF);
SIR 10 TDI (032);
RUNTEST 18 TCK;
SIR 10 TDI (022);
RUNTEST 8 TCK;
SDR 64 TDI (FFFFFFFFFFFFFFFF) TDO (0053DFEE80D01BFD);
SIR 10 TDI (036);
RUNTEST 18 TCK;
SIR 10 TDI (026);
RUNTEST 8 TCK;
SDR 64 TDI (FFFFFFFFFFFFFFFF) TDO (FFFFFFFFFFFFFFFF);
SIR 10 TDI (032);
RUNTEST 18 TCK;
SIR 10 TDI (026);
RUNTEST 8 TCK;
SDR 64 TDI (FFFFFFFFFFFFFFFF) TDO (FFFFFFFFFFFFFFFF);
SIR 10 TDI (01A);
RUNTEST 8 TCK;
SDR 320 TDI (42108421084210842108421084210842108421084210842108421084210842108421084210842108);
SIR 10 TDI (036);
RUNTEST 18 TCK;
SIR 10 TDI (026);
RUNTEST 8 TCK;
SDR 64 TDI (FFFFFFFFFFFFFFFF) TDO (BE58FFFFFFFFFFFF) MASK (FFFFFFFFFFFFFFFF);
SIR 10 TDI (032);
RUNTEST 18 TCK;
SIR 10 TDI (026);
RUNTEST 8 TCK;
SDR 64 TDI (FFFFFFFFFFFFFFFF) TDO (BE58FFFFFFFFFFFF);
SIR 10 TDI (01A);
RUNTEST 8 TCK;
SDR 320 TDI (21084210842108421084210842108421084210842108421084210842108421084210842108421084);
SIR 10 TDI (036);
RUNTEST 18 TCK;
SIR 10 TDI (026);
RUNTEST 8 TCK;
SDR 64 TDI (FFFFFFFFFFFFFFFF) TDO (5FFEFFFFFFDF173B) MASK (FFFFFFFFFFFFFFFF);
SIR 10 TDI (032);
RUNTEST 18 TCK;
SIR 10 TDI (026);
RUNTEST 8 TCK;
SDR 64 TDI (FFFFFFFFFFFFFFFF) TDO (5FFEFFFFFFDF173B);
SIR 10 TDI (01A);
RUNTEST 8 TCK;
SDR 320 TDI (10842108421084210842108421084210842108421084210842108421084210842108421084210842);
SIR 10 TDI (036);
RUNTEST 18 TCK;
SIR 10 TDI (026);
RUNTEST 8 TCK;
SDR 64 TDI (FFFFFFFFFFFFFFFF) TDO (FFDFFFFFFFFFFEFF) MASK (FFFFFFFFFFFFFFFF);
SIR 10 TDI (032);
RUNTEST 18 TCK;
SIR 10 TDI (026);
RUNTEST 8 TCK;
SDR 64 TDI (FFFFFFFFFFFFFFFF) TDO (FFDFFFFFFFFFFEFF);
SIR 10 TDI (01A);
RUNTEST 8 TCK;
SDR 320 TDI (08421084210842108421084210842108421084210842108421084210842108421084210842108421);
SIR 10 TDI (036);
RUNTEST 18 TCK;
SIR 10 TDI (026);
RUNTEST 8 TCK;
SDR 64 TDI (FFFFFFFFFFFFFFFF) TDO (1672FFFBFE5F152B) MASK (FFFFFFFFFFFFFFFF);
SIR 10 TDI (032);
RUNTEST 18 TCK;
SIR 10 TDI (026);
RUNTEST 8 TCK;
SDR 64 TDI (FFFFFFFFFFFFFFFF) TDO (1672FFFBFE5F152B);
SIR 10 TDI (01E);
RUNTEST 8 TCK;
SDR 273 TDI (000000000000000000100000000000000000000000000000000000000000800000000);
SIR 10 TDI (012);
RUNTEST 8 TCK;
SIR 10 TDI (016);
RUNTEST 8 TCK;
SDR 320 TDI (84210842108421084210842108421084210842108421084210842108421084210842108421084210);
SIR 10 TDI (01A);
RUNTEST 8 TCK;
SDR 320 TDI (84210842108421084210842108421084210842108421084210842108421084210842108421084210);
SIR 10 TDI (036);
RUNTEST 18 TCK;
SIR 10 TDI (022);
RUNTEST 8 TCK;
SDR 64 TDI (FFFFFFFFFFFFFFFF) TDO (FFFFFFFFFFFFFDFA) MASK (FFFFFFFFFFFFFFFF);
SIR 10 TDI (032);
RUNTEST 18 TCK;
SIR 10 TDI (022);
RUNTEST 8 TCK;
SDR 64 TDI (FFFFFFFFFFFFFFFF) TDO (FFFFFFFFFFFFFDFA);
SIR 10 TDI (016);
RUNTEST 8 TCK;
SDR 320 TDI (42108421084210842108421084210842108421084210842108421084210842108421084210842108);
SIR 10 TDI (036);
RUNTEST 18 TCK;
SIR 10 TDI (022);
RUNTEST 8 TCK;
SDR 64 TDI (FFFFFFFFFFFFFFFF) TDO (FFFFFFFFFF7FFBFE) MASK (FFFFFFFFFFFFFFFF);
SIR 10 TDI (032);
RUNTEST 18 TCK;
SIR 10 TDI (022);
RUNTEST 8 TCK;
SDR 64 TDI (FFFFFFFFFFFFFFFF) TDO (FFFFFFFFFF7FFBFE);
SIR 10 TDI (016);
RUNTEST 8 TCK;
SDR 320 TDI (21084210842108421084210842108421084210842108421084210842108421084210842108421084);
SIR 10 TDI (036);
RUNTEST 18 TCK;
SIR 10 TDI (022);
RUNTEST 8 TCK;
SDR 64 TDI (FFFFFFFFFFFFFFFF) TDO (1057DFFEDEFF79FC) MASK (FFFFFFFFFFFFFFFF);
SIR 10 TDI (032);
RUNTEST 18 TCK;
SIR 10 TDI (022);
RUNTEST 8 TCK;
SDR 64 TDI (FFFFFFFFFFFFFFFF) TDO (1057DFFEDEFF79FC);
SIR 10 TDI (016);
RUNTEST 8 TCK;
SDR 320 TDI (10842108421084210842108421084210842108421084210842108421084210842108421084210842);
SIR 10 TDI (036);
RUNTEST 18 TCK;
SIR 10 TDI (022);
RUNTEST 8 TCK;
SDR 64 TDI (FFFFFFFFFFFFFFFF) TDO (FFFFFFFFFF7FFFFA) MASK (FFFFFFFFFFFFFFFF);
SIR 10 TDI (032);
RUNTEST 18 TCK;
SIR 10 TDI (022);
RUNTEST 8 TCK;
SDR 64 TDI (FFFFFFFFFFFFFFFF) TDO (FFFFFFFFFF7FFFFA);
SIR 10 TDI (016);
RUNTEST 8 TCK;
SDR 320 TDI (08421084210842108421084210842108421084210842108421084210842108421084210842108421);
SIR 10 TDI (036);
RUNTEST 18 TCK;
SIR 10 TDI (022);
RUNTEST 8 TCK;
SDR 64 TDI (FFFFFFFFFFFFFFFF) TDO (0053DFEE80D119F9) MASK (FFFFFFFFFFFFFFFF);
SIR 10 TDI (032);
RUNTEST 18 TCK;
SIR 10 TDI (022);
RUNTEST 8 TCK;
SDR 64 TDI (FFFFFFFFFFFFFFFF) TDO (0053DFEE80D119F9);
SIR 10 TDI (036);
RUNTEST 18 TCK;
SIR 10 TDI (026);
RUNTEST 8 TCK;
SDR 64 TDI (FFFFFFFFFFFFFFFF) TDO (FFFFFFFFFFFFFFFF);
SIR 10 TDI (032);
RUNTEST 18 TCK;
SIR 10 TDI (026);
RUNTEST 8 TCK;
SDR 64 TDI (FFFFFFFFFFFFFFFF) TDO (FFFFFFFFFFFFFFFF);
SIR 10 TDI (01A);
RUNTEST 8 TCK;
SDR 320 TDI (42108421084210842108421084210842108421084210842108421084210842108421084210842108);
SIR 10 TDI (036);
RUNTEST 18 TCK;
SIR 10 TDI (026);
RUNTEST 8 TCK;
SDR 64 TDI (FFFFFFFFFFFFFFFF) TDO (FFFEFFFFFFFFFFFF) MASK (FFFFFFFFFFFFFFFF);
SIR 10 TDI (032);
RUNTEST 18 TCK;
SIR 10 TDI (026);
RUNTEST 8 TCK;
SDR 64 TDI (FFFFFFFFFFFFFFFF) TDO (FFFEFFFFFFFFFFFF);
SIR 10 TDI (01A);
RUNTEST 8 TCK;
SDR 320 TDI (21084210842108421084210842108421084210842108421084210842108421084210842108421084);
SIR 10 TDI (036);
RUNTEST 18 TCK;
SIR 10 TDI (026);
RUNTEST 8 TCK;
SDR 64 TDI (FFFFFFFFFFFFFFFF) TDO (5FFAFFFFFFFF173B) MASK (FFFFFFFFFFFFFFFF);
SIR 10 TDI (032);
RUNTEST 18 TCK;
SIR 10 TDI (026);
RUNTEST 8 TCK;
SDR 64 TDI (FFFFFFFFFFFFFFFF) TDO (5FFAFFFFFFFF173B);
SIR 10 TDI (01A);
RUNTEST 8 TCK;
SDR 320 TDI (10842108421084210842108421084210842108421084210842108421084210842108421084210842);
SIR 10 TDI (036);
RUNTEST 18 TCK;
SIR 10 TDI (026);
RUNTEST 8 TCK;
SDR 64 TDI (FFFFFFFFFFFFFFFF) TDO (BE7DFFFFFFFFFFFF) MASK (FFFFFFFFFFFFFFFF);
SIR 10 TDI (032);
RUNTEST 18 TCK;
SIR 10 TDI (026);
RUNTEST 8 TCK;
SDR 64 TDI (FFFFFFFFFFFFFFFF) TDO (BE7DFFFFFFFFFFFF);
SIR 10 TDI (01A);
RUNTEST 8 TCK;
SDR 320 TDI (08421084210842108421084210842108421084210842108421084210842108421084210842108421);
SIR 10 TDI (036);
RUNTEST 18 TCK;
SIR 10 TDI (026);
RUNTEST 8 TCK;
SDR 64 TDI (FFFFFFFFFFFFFFFF) TDO (57D2FFFBFE5F152B) MASK (FFFFFFFFFFFFFFFF);
SIR 10 TDI (032);
RUNTEST 18 TCK;
SIR 10 TDI (026);
RUNTEST 8 TCK;
SDR 64 TDI (FFFFFFFFFFFFFFFF) TDO (57D2FFFBFE5F152B);
SIR 10 TDI (01E);
RUNTEST 8 TCK;
SDR 273 TDI (000000000000000000080000000000000000000000000000000000000000400000000);
SIR 10 TDI (012);
RUNTEST 8 TCK;
SIR 10 TDI (016);
RUNTEST 8 TCK;
SDR 320 TDI (84210842108421084210842108421084210842108421084210842108421084210842108421084210);
SIR 10 TDI (01A);
RUNTEST 8 TCK;
SDR 320 TDI (84210842108421084210842108421084210842108421084210842108421084210842108421084210);
SIR 10 TDI (036);
RUNTEST 18 TCK;
SIR 10 TDI (022);
RUNTEST 8 TCK;
SDR 64 TDI (FFFFFFFFFFFFFFFF) TDO (FFFFFFFFFFFFFFFF) MASK (FFFFFFFFFFFFFFFF);
SIR 10 TDI (032);
RUNTEST 18 TCK;
SIR 10 TDI (022);
RUNTEST 8 TCK;
SDR 64 TDI (FFFFFFFFFFFFFFFF) TDO (FFFFFFFFFFFFFFFF);
SIR 10 TDI (016);
RUNTEST 8 TCK;
SDR 320 TDI (42108421084210842108421084210842108421084210842108421084210842108421084210842108);
SIR 10 TDI (036);
RUNTEST 18 TCK;
SIR 10 TDI (022);
RUNTEST 8 TCK;
SDR 64 TDI (FFFFFFFFFFFFFFFF) TDO (FFFFFFFFFFFFFFFF) MASK (FFFFFFFFFFFFFFFF);
SIR 10 TDI (032);
RUNTEST 18 TCK;
SIR 10 TDI (022);
RUNTEST 8 TCK;
SDR 64 TDI (FFFFFFFFFFFFFFFF) TDO (FFFFFFFFFFFFFFFF);
SIR 10 TDI (016);
RUNTEST 8 TCK;
SDR 320 TDI (21084210842108421084210842108421084210842108421084210842108421084210842108421084);
SIR 10 TDI (036);
RUNTEST 18 TCK;
SIR 10 TDI (022);
RUNTEST 8 TCK;
SDR 64 TDI (FFFFFFFFFFFFFFFF) TDO (1057DFFEDEFF7BFD) MASK (FFFFFFFFFFFFFFFF);
SIR 10 TDI (032);
RUNTEST 18 TCK;
SIR 10 TDI (022);
RUNTEST 8 TCK;
SDR 64 TDI (FFFFFFFFFFFFFFFF) TDO (1057DFFEDEFF7BFD);
SIR 10 TDI (016);
RUNTEST 8 TCK;
SDR 320 TDI (10842108421084210842108421084210842108421084210842108421084210842108421084210842);
SIR 10 TDI (036);
RUNTEST 18 TCK;
SIR 10 TDI (022);
RUNTEST 8 TCK;
SDR 64 TDI (FFFFFFFFFFFFFFFF) TDO (FFFFFEFFFFFFFFFF) MASK (FFFFFFFFFFFFFFFF);
SIR 10 TDI (032);
RUNTEST 18 TCK;
SIR 10 TDI (022);
RUNTEST 8 TCK;
SDR 64 TDI (FFFFFFFFFFFFFFFF) TDO (FFFFFEFFFFFFFFFF);
SIR 10 TDI (016);
RUNTEST 8 TCK;
SDR 320 TDI (08421084210842108421084210842108421084210842108421084210842108421084210842108421);
SIR 10 TDI (036);
RUNTEST 18 TCK;
SIR 10 TDI (022);
RUNTEST 8 TCK;
SDR 64 TDI (FFFFFFFFFFFFFFFF) TDO (0053DFEE80D11BFD) MASK (FFFFFFFFFFFFFFFF);
SIR 10 TDI (032);
RUNTEST 18 TCK;
SIR 10 TDI (022);
RUNTEST 8 TCK;
SDR 64 TDI (FFFFFFFFFFFFFFFF) TDO (0053DFEE80D11BFD);
SIR 10 TDI (036);
RUNTEST 18 TCK;
SIR 10 TDI (026);
RUNTEST 8 TCK;
SDR 64 TDI (FFFFFFFFFFFFFFFF) TDO (FFFFFFFFFFFFFFFF);
SIR 10 TDI (032);
RUNTEST 18 TCK;
SIR 10 TDI (026);
RUNTEST 8 TCK;
SDR 64 TDI (FFFFFFFFFFFFFFFF) TDO (FFFFFFFFFFFFFFFF);
SIR 10 TDI (01A);
RUNTEST 8 TCK;
SDR 320 TDI (42108421084210842108421084210842108421084210842108421084210842108421084210842108);
SIR 10 TDI (036);
RUNTEST 18 TCK;
SIR 10 TDI (026);
RUNTEST 8 TCK;
SDR 64 TDI (FFFFFFFFFFFFFFFF) TDO (FFFEFFFFFFFFFFFF) MASK (FFFFFFFFFFFFFFFF);
SIR 10 TDI (032);
RUNTEST 18 TCK;
SIR 10 TDI (026);
RUNTEST 8 TCK;
SDR 64 TDI (FFFFFFFFFFFFFFFF) TDO (FFFEFFFFFFFFFFFF);
SIR 10 TDI (01A);
RUNTEST 8 TCK;
SDR 320 TDI (21084210842108421084210842108421084210842108421084210842108421084210842108421084);
SIR 10 TDI (036);
RUNTEST 18 TCK;
SIR 10 TDI (026);
RUNTEST 8 TCK;
SDR 64 TDI (FFFFFFFFFFFFFFFF) TDO (5FFEFFFFFFFF173B) MASK (FFFFFFFFFFFFFFFF);
SIR 10 TDI (032);
RUNTEST 18 TCK;
SIR 10 TDI (026);
RUNTEST 8 TCK;
SDR 64 TDI (FFFFFFFFFFFFFFFF) TDO (5FFEFFFFFFFF173B);
SIR 10 TDI (01A);
RUNTEST 8 TCK;
SDR 320 TDI (10842108421084210842108421084210842108421084210842108421084210842108421084210842);
SIR 10 TDI (036);
RUNTEST 18 TCK;
SIR 10 TDI (026);
RUNTEST 8 TCK;
SDR 64 TDI (FFFFFFFFFFFFFFFF) TDO (FFFFFFFFFFFFFFFF) MASK (FFFFFFFFFFFFFFFF);
SIR 10 TDI (032);
RUNTEST 18 TCK;
SIR 10 TDI (026);
RUNTEST 8 TCK;
SDR 64 TDI (FFFFFFFFFFFFFFFF) TDO (FFFFFFFFFFFFFFFF);
SIR 10 TDI (01A);
RUNTEST 8 TCK;
SDR 320 TDI (08421084210842108421084210842108421084210842108421084210842108421084210842108421);
SIR 10 TDI (036);
RUNTEST 18 TCK;
SIR 10 TDI (026);
RUNTEST 8 TCK;
SDR 64 TDI (FFFFFFFFFFFFFFFF) TDO (57F2FFFBFE5F152B) MASK (FFFFFFFFFFFFFFFF);
SIR 10 TDI (032);
RUNTEST 18 TCK;
SIR 10 TDI (026);
RUNTEST 8 TCK;
SDR 64 TDI (FFFFFFFFFFFFFFFF) TDO (57F2FFFBFE5F152B);
SIR 10 TDI (01E);
RUNTEST 8 TCK;
SDR 273 TDI (000000000000000000040000000000000000000000000000000000000000200000000);
SIR 10 TDI (012);
RUNTEST 8 TCK;
SIR 10 TDI (016);
RUNTEST 8 TCK;
SDR 320 TDI (84210842108421084210842108421084210842108421084210842108421084210842108421084210);
SIR 10 TDI (01A);
RUNTEST 8 TCK;
SDR 320 TDI (84210842108421084210842108421084210842108421084210842108421084210842108421084210);
SIR 10 TDI (036);
RUNTEST 18 TCK;
SIR 10 TDI (022);
RUNTEST 8 TCK;
SDR 64 TDI (FFFFFFFFFFFFFFFF) TDO (FFFFFFFFFFFFFFFF) MASK (FFFFFFFFFFFFFFFF);
SIR 10 TDI (032);
RUNTEST 18 TCK;
SIR 10 TDI (022);
RUNTEST 8 TCK;
SDR 64 TDI (FFFFFFFFFFFFFFFF) TDO (FFFFFFFFFFFFFFFF);
SIR 10 TDI (016);
RUNTEST 8 TCK;
SDR 320 TDI (42108421084210842108421084210842108421084210842108421084210842108421084210842108);
SIR 10 TDI (036);
RUNTEST 18 TCK;
SIR 10 TDI (022);
RUNTEST 8 TCK;
SDR 64 TDI (FFFFFFFFFFFFFFFF) TDO (FFFFFFFFFFFFFFFF) MASK (FFFFFFFFFFFFFFFF);
SIR 10 TDI (032);
RUNTEST 18 TCK;
SIR 10 TDI (022);
RUNTEST 8 TCK;
SDR 64 TDI (FFFFFFFFFFFFFFFF) TDO (FFFFFFFFFFFFFFFF);
SIR 10 TDI (016);
RUNTEST 8 TCK;
SDR 320 TDI (21084210842108421084210842108421084210842108421084210842108421084210842108421084);
SIR 10 TDI (036);
RUNTEST 18 TCK;
SIR 10 TDI (022);
RUNTEST 8 TCK;
SDR 64 TDI (FFFFFFFFFFFFFFFF) TDO (1057DFFEDEFF7BFD) MASK (FFFFFFFFFFFFFFFF);
SIR 10 TDI (032);
RUNTEST 18 TCK;
SIR 10 TDI (022);
RUNTEST 8 TCK;
SDR 64 TDI (FFFFFFFFFFFFFFFF) TDO (1057DFFEDEFF7BFD);
SIR 10 TDI (016);
RUNTEST 8 TCK;
SDR 320 TDI (10842108421084210842108421084210842108421084210842108421084210842108421084210842);
SIR 10 TDI (036);
RUNTEST 18 TCK;
SIR 10 TDI (022);
RUNTEST 8 TCK;
SDR 64 TDI (FFFFFFFFFFFFFFFF) TDO (FFFFFFFFFFFFFFFF) MASK (FFFFFFFFFFFFFFFF);
SIR 10 TDI (032);
RUNTEST 18 TCK;
SIR 10 TDI (022);
RUNTEST 8 TCK;
SDR 64 TDI (FFFFFFFFFFFFFFFF) TDO (FFFFFFFFFFFFFFFF);
SIR 10 TDI (016);
RUNTEST 8 TCK;
SDR 320 TDI (08421084210842108421084210842108421084210842108421084210842108421084210842108421);
SIR 10 TDI (036);
RUNTEST 18 TCK;
SIR 10 TDI (022);
RUNTEST 8 TCK;
SDR 64 TDI (FFFFFFFFFFFFFFFF) TDO (0053DFEE80D11BFD) MASK (FFFFFFFFFFFFFFFF);
SIR 10 TDI (032);
RUNTEST 18 TCK;
SIR 10 TDI (022);
RUNTEST 8 TCK;
SDR 64 TDI (FFFFFFFFFFFFFFFF) TDO (0053DFEE80D11BFD);
SIR 10 TDI (036);
RUNTEST 18 TCK;
SIR 10 TDI (026);
RUNTEST 8 TCK;
SDR 64 TDI (FFFFFFFFFFFFFFFF) TDO (FFFFFFFFFFFFFFFF);
SIR 10 TDI (032);
RUNTEST 18 TCK;
SIR 10 TDI (026);
RUNTEST 8 TCK;
SDR 64 TDI (FFFFFFFFFFFFFFFF) TDO (FFFFFFFFFFFFFFFF);
SIR 10 TDI (01A);
RUNTEST 8 TCK;
SDR 320 TDI (42108421084210842108421084210842108421084210842108421084210842108421084210842108);
SIR 10 TDI (036);
RUNTEST 18 TCK;
SIR 10 TDI (026);
RUNTEST 8 TCK;
SDR 64 TDI (FFFFFFFFFFFFFFFF) TDO (FFFEFFFFFFFFFFFF) MASK (FFFFFFFFFFFFFFFF);
SIR 10 TDI (032);
RUNTEST 18 TCK;
SIR 10 TDI (026);
RUNTEST 8 TCK;
SDR 64 TDI (FFFFFFFFFFFFFFFF) TDO (FFFEFFFFFFFFFFFF);
SIR 10 TDI (01A);
RUNTEST 8 TCK;
SDR 320 TDI (21084210842108421084210842108421084210842108421084210842108421084210842108421084);
SIR 10 TDI (036);
RUNTEST 18 TCK;
SIR 10 TDI (026);
RUNTEST 8 TCK;
SDR 64 TDI (FFFFFFFFFFFFFFFF) TDO (5FFEFFFFFFFF173B) MASK (FFFFFFFFFFFFFFFF);
SIR 10 TDI (032);
RUNTEST 18 TCK;
SIR 10 TDI (026);
RUNTEST 8 TCK;
SDR 64 TDI (FFFFFFFFFFFFFFFF) TDO (5FFEFFFFFFFF173B);
SIR 10 TDI (01A);
RUNTEST 8 TCK;
SDR 320 TDI (10842108421084210842108421084210842108421084210842108421084210842108421084210842);
SIR 10 TDI (036);
RUNTEST 18 TCK;
SIR 10 TDI (026);
RUNTEST 8 TCK;
SDR 64 TDI (FFFFFFFFFFFFFFFF) TDO (FFFFFFFFFFFFFFFF) MASK (FFFFFFFFFFFFFFFF);
SIR 10 TDI (032);
RUNTEST 18 TCK;
SIR 10 TDI (026);
RUNTEST 8 TCK;
SDR 64 TDI (FFFFFFFFFFFFFFFF) TDO (FFFFFFFFFFFFFFFF);
SIR 10 TDI (01A);
RUNTEST 8 TCK;
SDR 320 TDI (08421084210842108421084210842108421084210842108421084210842108421084210842108421);
SIR 10 TDI (036);
RUNTEST 18 TCK;
SIR 10 TDI (026);
RUNTEST 8 TCK;
SDR 64 TDI (FFFFFFFFFFFFFFFF) TDO (57F2FFFBFE5F152B) MASK (FFFFFFFFFFFFFFFF);
SIR 10 TDI (032);
RUNTEST 18 TCK;
SIR 10 TDI (026);
RUNTEST 8 TCK;
SDR 64 TDI (FFFFFFFFFFFFFFFF) TDO (57F2FFFBFE5F152B);
SIR 10 TDI (01E);
RUNTEST 8 TCK;
SDR 273 TDI (000000000000000000020000000000000000000000000000000000000000100000000);
SIR 10 TDI (012);
RUNTEST 8 TCK;
SIR 10 TDI (016);
RUNTEST 8 TCK;
SDR 320 TDI (84210842108421084210842108421084210842108421084210842108421084210842108421084210);
SIR 10 TDI (01A);
RUNTEST 8 TCK;
SDR 320 TDI (84210842108421084210842108421084210842108421084210842108421084210842108421084210);
SIR 10 TDI (036);
RUNTEST 18 TCK;
SIR 10 TDI (022);
RUNTEST 8 TCK;
SDR 64 TDI (FFFFFFFFFFFFFFFF) TDO (FFFFFFFFFFFFFFFF) MASK (FFFFFFFFFFFFFFFF);
SIR 10 TDI (032);
RUNTEST 18 TCK;
SIR 10 TDI (022);
RUNTEST 8 TCK;
SDR 64 TDI (FFFFFFFFFFFFFFFF) TDO (FFFFFFFFFFFFFFFF);
SIR 10 TDI (016);
RUNTEST 8 TCK;
SDR 320 TDI (42108421084210842108421084210842108421084210842108421084210842108421084210842108);
SIR 10 TDI (036);
RUNTEST 18 TCK;
SIR 10 TDI (022);
RUNTEST 8 TCK;
SDR 64 TDI (FFFFFFFFFFFFFFFF) TDO (FFFFFFFFFFFFFFFF) MASK (FFFFFFFFFFFFFFFF);
SIR 10 TDI (032);
RUNTEST 18 TCK;
SIR 10 TDI (022);
RUNTEST 8 TCK;
SDR 64 TDI (FFFFFFFFFFFFFFFF) TDO (FFFFFFFFFFFFFFFF);
SIR 10 TDI (016);
RUNTEST 8 TCK;
SDR 320 TDI (21084210842108421084210842108421084210842108421084210842108421084210842108421084);
SIR 10 TDI (036);
RUNTEST 18 TCK;
SIR 10 TDI (022);
RUNTEST 8 TCK;
SDR 64 TDI (FFFFFFFFFFFFFFFF) TDO (1057DFFEDEFF7BFD) MASK (FFFFFFFFFFFFFFFF);
SIR 10 TDI (032);
RUNTEST 18 TCK;
SIR 10 TDI (022);
RUNTEST 8 TCK;
SDR 64 TDI (FFFFFFFFFFFFFFFF) TDO (1057DFFEDEFF7BFD);
SIR 10 TDI (016);
RUNTEST 8 TCK;
SDR 320 TDI (10842108421084210842108421084210842108421084210842108421084210842108421084210842);
SIR 10 TDI (036);
RUNTEST 18 TCK;
SIR 10 TDI (022);
RUNTEST 8 TCK;
SDR 64 TDI (FFFFFFFFFFFFFFFF) TDO (FFFFFFFFFFFFFFFF) MASK (FFFFFFFFFFFFFFFF);
SIR 10 TDI (032);
RUNTEST 18 TCK;
SIR 10 TDI (022);
RUNTEST 8 TCK;
SDR 64 TDI (FFFFFFFFFFFFFFFF) TDO (FFFFFFFFFFFFFFFF);
SIR 10 TDI (016);
RUNTEST 8 TCK;
SDR 320 TDI (08421084210842108421084210842108421084210842108421084210842108421084210842108421);
SIR 10 TDI (036);
RUNTEST 18 TCK;
SIR 10 TDI (022);
RUNTEST 8 TCK;
SDR 64 TDI (FFFFFFFFFFFFFFFF) TDO (0053DFEE80D11BFD) MASK (FFFFFFFFFFFFFFFF);
SIR 10 TDI (032);
RUNTEST 18 TCK;
SIR 10 TDI (022);
RUNTEST 8 TCK;
SDR 64 TDI (FFFFFFFFFFFFFFFF) TDO (0053DFEE80D11BFD);
SIR 10 TDI (036);
RUNTEST 18 TCK;
SIR 10 TDI (026);
RUNTEST 8 TCK;
SDR 64 TDI (FFFFFFFFFFFFFFFF) TDO (FFFFFFFFFFFFFFFF);
SIR 10 TDI (032);
RUNTEST 18 TCK;
SIR 10 TDI (026);
RUNTEST 8 TCK;
SDR 64 TDI (FFFFFFFFFFFFFFFF) TDO (FFFFFFFFFFFFFFFF);
SIR 10 TDI (01A);
RUNTEST 8 TCK;
SDR 320 TDI (42108421084210842108421084210842108421084210842108421084210842108421084210842108);
SIR 10 TDI (036);
RUNTEST 18 TCK;
SIR 10 TDI (026);
RUNTEST 8 TCK;
SDR 64 TDI (FFFFFFFFFFFFFFFF) TDO (FFFEFFFFFFFFFFFF) MASK (FFFFFFFFFFFFFFFF);
SIR 10 TDI (032);
RUNTEST 18 TCK;
SIR 10 TDI (026);
RUNTEST 8 TCK;
SDR 64 TDI (FFFFFFFFFFFFFFFF) TDO (FFFEFFFFFFFFFFFF);
SIR 10 TDI (01A);
RUNTEST 8 TCK;
SDR 320 TDI (21084210842108421084210842108421084210842108421084210842108421084210842108421084);
SIR 10 TDI (036);
RUNTEST 18 TCK;
SIR 10 TDI (026);
RUNTEST 8 TCK;
SDR 64 TDI (FFFFFFFFFFFFFFFF) TDO (5FFEFFFFFFFF173B) MASK (FFFFFFFFFFFFFFFF);
SIR 10 TDI (032);
RUNTEST 18 TCK;
SIR 10 TDI (026);
RUNTEST 8 TCK;
SDR 64 TDI (FFFFFFFFFFFFFFFF) TDO (5FFEFFFFFFFF173B);
SIR 10 TDI (01A);
RUNTEST 8 TCK;
SDR 320 TDI (10842108421084210842108421084210842108421084210842108421084210842108421084210842);
SIR 10 TDI (036);
RUNTEST 18 TCK;
SIR 10 TDI (026);
RUNTEST 8 TCK;
SDR 64 TDI (FFFFFFFFFFFFFFFF) TDO (FFFFFFFFFFFFFFFF) MASK (FFFFFFFFFFFFFFFF);
SIR 10 TDI (032);
RUNTEST 18 TCK;
SIR 10 TDI (026);
RUNTEST 8 TCK;
SDR 64 TDI (FFFFFFFFFFFFFFFF) TDO (FFFFFFFFFFFFFFFF);
SIR 10 TDI (01A);
RUNTEST 8 TCK;
SDR 320 TDI (08421084210842108421084210842108421084210842108421084210842108421084210842108421);
SIR 10 TDI (036);
RUNTEST 18 TCK;
SIR 10 TDI (026);
RUNTEST 8 TCK;
SDR 64 TDI (FFFFFFFFFFFFFFFF) TDO (57F2FFFBFE5F152B) MASK (FFFFFFFFFFFFFFFF);
SIR 10 TDI (032);
RUNTEST 18 TCK;
SIR 10 TDI (026);
RUNTEST 8 TCK;
SDR 64 TDI (FFFFFFFFFFFFFFFF) TDO (57F2FFFBFE5F152B);
SIR 10 TDI (01E);
RUNTEST 8 TCK;
SDR 273 TDI (000000000000000000010000000000000000000000000000000000000000080000000);
SIR 10 TDI (012);
RUNTEST 8 TCK;
SIR 10 TDI (016);
RUNTEST 8 TCK;
SDR 320 TDI (84210842108421084210842108421084210842108421084210842108421084210842108421084210);
SIR 10 TDI (01A);
RUNTEST 8 TCK;
SDR 320 TDI (84210842108421084210842108421084210842108421084210842108421084210842108421084210);
SIR 10 TDI (036);
RUNTEST 18 TCK;
SIR 10 TDI (022);
RUNTEST 8 TCK;
SDR 64 TDI (FFFFFFFFFFFFFFFF) TDO (FFFFFFFFFFFFFFFF) MASK (FFFFFFFFFFFFFFFF);
SIR 10 TDI (032);
RUNTEST 18 TCK;
SIR 10 TDI (022);
RUNTEST 8 TCK;
SDR 64 TDI (FFFFFFFFFFFFFFFF) TDO (FFFFFFFFFFFFFFFF);
SIR 10 TDI (016);
RUNTEST 8 TCK;
SDR 320 TDI (42108421084210842108421084210842108421084210842108421084210842108421084210842108);
SIR 10 TDI (036);
RUNTEST 18 TCK;
SIR 10 TDI (022);
RUNTEST 8 TCK;
SDR 64 TDI (FFFFFFFFFFFFFFFF) TDO (FFFFFFFFFFFFFFFF) MASK (FFFFFFFFFFFFFFFF);
SIR 10 TDI (032);
RUNTEST 18 TCK;
SIR 10 TDI (022);
RUNTEST 8 TCK;
SDR 64 TDI (FFFFFFFFFFFFFFFF) TDO (FFFFFFFFFFFFFFFF);
SIR 10 TDI (016);
RUNTEST 8 TCK;
SDR 320 TDI (21084210842108421084210842108421084210842108421084210842108421084210842108421084);
SIR 10 TDI (036);
RUNTEST 18 TCK;
SIR 10 TDI (022);
RUNTEST 8 TCK;
SDR 64 TDI (FFFFFFFFFFFFFFFF) TDO (1057DFFEDEFF7BFD) MASK (FFFFFFFFFFFFFFFF);
SIR 10 TDI (032);
RUNTEST 18 TCK;
SIR 10 TDI (022);
RUNTEST 8 TCK;
SDR 64 TDI (FFFFFFFFFFFFFFFF) TDO (1057DFFEDEFF7BFD);
SIR 10 TDI (016);
RUNTEST 8 TCK;
SDR 320 TDI (10842108421084210842108421084210842108421084210842108421084210842108421084210842);
SIR 10 TDI (036);
RUNTEST 18 TCK;
SIR 10 TDI (022);
RUNTEST 8 TCK;
SDR 64 TDI (FFFFFFFFFFFFFFFF) TDO (FFFFFFFFFFFFFFFF) MASK (FFFFFFFFFFFFFFFF);
SIR 10 TDI (032);
RUNTEST 18 TCK;
SIR 10 TDI (022);
RUNTEST 8 TCK;
SDR 64 TDI (FFFFFFFFFFFFFFFF) TDO (FFFFFFFFFFFFFFFF);
SIR 10 TDI (016);
RUNTEST 8 TCK;
SDR 320 TDI (08421084210842108421084210842108421084210842108421084210842108421084210842108421);
SIR 10 TDI (036);
RUNTEST 18 TCK;
SIR 10 TDI (022);
RUNTEST 8 TCK;
SDR 64 TDI (FFFFFFFFFFFFFFFF) TDO (0053DFEE80D11BFD) MASK (FFFFFFFFFFFFFFFF);
SIR 10 TDI (032);
RUNTEST 18 TCK;
SIR 10 TDI (022);
RUNTEST 8 TCK;
SDR 64 TDI (FFFFFFFFFFFFFFFF) TDO (0053DFEE80D11BFD);
SIR 10 TDI (036);
RUNTEST 18 TCK;
SIR 10 TDI (026);
RUNTEST 8 TCK;
SDR 64 TDI (FFFFFFFFFFFFFFFF) TDO (FFFFFFFFFFFFFFFF);
SIR 10 TDI (032);
RUNTEST 18 TCK;
SIR 10 TDI (026);
RUNTEST 8 TCK;
SDR 64 TDI (FFFFFFFFFFFFFFFF) TDO (FFFFFFFFFFFFFFFF);
SIR 10 TDI (01A);
RUNTEST 8 TCK;
SDR 320 TDI (42108421084210842108421084210842108421084210842108421084210842108421084210842108);
SIR 10 TDI (036);
RUNTEST 18 TCK;
SIR 10 TDI (026);
RUNTEST 8 TCK;
SDR 64 TDI (FFFFFFFFFFFFFFFF) TDO (FFFEFFFFFFFFFFFF) MASK (FFFFFFFFFFFFFFFF);
SIR 10 TDI (032);
RUNTEST 18 TCK;
SIR 10 TDI (026);
RUNTEST 8 TCK;
SDR 64 TDI (FFFFFFFFFFFFFFFF) TDO (FFFEFFFFFFFFFFFF);
SIR 10 TDI (01A);
RUNTEST 8 TCK;
SDR 320 TDI (21084210842108421084210842108421084210842108421084210842108421084210842108421084);
SIR 10 TDI (036);
RUNTEST 18 TCK;
SIR 10 TDI (026);
RUNTEST 8 TCK;
SDR 64 TDI (FFFFFFFFFFFFFFFF) TDO (5FFEFFFFFFFF173B) MASK (FFFFFFFFFFFFFFFF);
SIR 10 TDI (032);
RUNTEST 18 TCK;
SIR 10 TDI (026);
RUNTEST 8 TCK;
SDR 64 TDI (FFFFFFFFFFFFFFFF) TDO (5FFEFFFFFFFF173B);
SIR 10 TDI (01A);
RUNTEST 8 TCK;
SDR 320 TDI (10842108421084210842108421084210842108421084210842108421084210842108421084210842);
SIR 10 TDI (036);
RUNTEST 18 TCK;
SIR 10 TDI (026);
RUNTEST 8 TCK;
SDR 64 TDI (FFFFFFFFFFFFFFFF) TDO (FFFFFFFFFFFFFFFF) MASK (FFFFFFFFFFFFFFFF);
SIR 10 TDI (032);
RUNTEST 18 TCK;
SIR 10 TDI (026);
RUNTEST 8 TCK;
SDR 64 TDI (FFFFFFFFFFFFFFFF) TDO (FFFFFFFFFFFFFFFF);
SIR 10 TDI (01A);
RUNTEST 8 TCK;
SDR 320 TDI (08421084210842108421084210842108421084210842108421084210842108421084210842108421);
SIR 10 TDI (036);
RUNTEST 18 TCK;
SIR 10 TDI (026);
RUNTEST 8 TCK;
SDR 64 TDI (FFFFFFFFFFFFFFFF) TDO (57F2FFFBFE5F152B) MASK (FFFFFFFFFFFFFFFF);
SIR 10 TDI (032);
RUNTEST 18 TCK;
SIR 10 TDI (026);
RUNTEST 8 TCK;
SDR 64 TDI (FFFFFFFFFFFFFFFF) TDO (57F2FFFBFE5F152B);
SIR 10 TDI (01E);
RUNTEST 8 TCK;
SDR 273 TDI (000000000000000000008000000000000000000000000000000000000000040000000);
SIR 10 TDI (012);
RUNTEST 8 TCK;
SIR 10 TDI (016);
RUNTEST 8 TCK;
SDR 320 TDI (84210842108421084210842108421084210842108421084210842108421084210842108421084210);
SIR 10 TDI (01A);
RUNTEST 8 TCK;
SDR 320 TDI (84210842108421084210842108421084210842108421084210842108421084210842108421084210);
SIR 10 TDI (036);
RUNTEST 18 TCK;
SIR 10 TDI (022);
RUNTEST 8 TCK;
SDR 64 TDI (FFFFFFFFFFFFFFFF) TDO (FFFFFFFFFFFFFFFF) MASK (FFFFFFFFFFFFFFFF);
SIR 10 TDI (032);
RUNTEST 18 TCK;
SIR 10 TDI (022);
RUNTEST 8 TCK;
SDR 64 TDI (FFFFFFFFFFFFFFFF) TDO (FFFFFFFFFFFFFFFF);
SIR 10 TDI (016);
RUNTEST 8 TCK;
SDR 320 TDI (42108421084210842108421084210842108421084210842108421084210842108421084210842108);
SIR 10 TDI (036);
RUNTEST 18 TCK;
SIR 10 TDI (022);
RUNTEST 8 TCK;
SDR 64 TDI (FFFFFFFFFFFFFFFF) TDO (FFFFFFFFFFFFFFFF) MASK (FFFFFFFFFFFFFFFF);
SIR 10 TDI (032);
RUNTEST 18 TCK;
SIR 10 TDI (022);
RUNTEST 8 TCK;
SDR 64 TDI (FFFFFFFFFFFFFFFF) TDO (FFFFFFFFFFFFFFFF);
SIR 10 TDI (016);
RUNTEST 8 TCK;
SDR 320 TDI (21084210842108421084210842108421084210842108421084210842108421084210842108421084);
SIR 10 TDI (036);
RUNTEST 18 TCK;
SIR 10 TDI (022);
RUNTEST 8 TCK;
SDR 64 TDI (FFFFFFFFFFFFFFFF) TDO (1057DFFEDEFF7BFD) MASK (FFFFFFFFFFFFFFFF);
SIR 10 TDI (032);
RUNTEST 18 TCK;
SIR 10 TDI (022);
RUNTEST 8 TCK;
SDR 64 TDI (FFFFFFFFFFFFFFFF) TDO (1057DFFEDEFF7BFD);
SIR 10 TDI (016);
RUNTEST 8 TCK;
SDR 320 TDI (10842108421084210842108421084210842108421084210842108421084210842108421084210842);
SIR 10 TDI (036);
RUNTEST 18 TCK;
SIR 10 TDI (022);
RUNTEST 8 TCK;
SDR 64 TDI (FFFFFFFFFFFFFFFF) TDO (FFFFFFFFFFFFFFFF) MASK (FFFFFFFFFFFFFFFF);
SIR 10 TDI (032);
RUNTEST 18 TCK;
SIR 10 TDI (022);
RUNTEST 8 TCK;
SDR 64 TDI (FFFFFFFFFFFFFFFF) TDO (FFFFFFFFFFFFFFFF);
SIR 10 TDI (016);
RUNTEST 8 TCK;
SDR 320 TDI (08421084210842108421084210842108421084210842108421084210842108421084210842108421);
SIR 10 TDI (036);
RUNTEST 18 TCK;
SIR 10 TDI (022);
RUNTEST 8 TCK;
SDR 64 TDI (FFFFFFFFFFFFFFFF) TDO (0053DFEE80D11BFD) MASK (FFFFFFFFFFFFFFFF);
SIR 10 TDI (032);
RUNTEST 18 TCK;
SIR 10 TDI (022);
RUNTEST 8 TCK;
SDR 64 TDI (FFFFFFFFFFFFFFFF) TDO (0053DFEE80D11BFD);
SIR 10 TDI (036);
RUNTEST 18 TCK;
SIR 10 TDI (026);
RUNTEST 8 TCK;
SDR 64 TDI (FFFFFFFFFFFFFFFF) TDO (FFFFFFFFFFFFFFFF);
SIR 10 TDI (032);
RUNTEST 18 TCK;
SIR 10 TDI (026);
RUNTEST 8 TCK;
SDR 64 TDI (FFFFFFFFFFFFFFFF) TDO (FFFFFFFFFFFFFFFF);
SIR 10 TDI (01A);
RUNTEST 8 TCK;
SDR 320 TDI (42108421084210842108421084210842108421084210842108421084210842108421084210842108);
SIR 10 TDI (036);
RUNTEST 18 TCK;
SIR 10 TDI (026);
RUNTEST 8 TCK;
SDR 64 TDI (FFFFFFFFFFFFFFFF) TDO (FFFEFFFFFFFFFFFF) MASK (FFFFFFFFFFFFFFFF);
SIR 10 TDI (032);
RUNTEST 18 TCK;
SIR 10 TDI (026);
RUNTEST 8 TCK;
SDR 64 TDI (FFFFFFFFFFFFFFFF) TDO (FFFEFFFFFFFFFFFF);
SIR 10 TDI (01A);
RUNTEST 8 TCK;
SDR 320 TDI (21084210842108421084210842108421084210842108421084210842108421084210842108421084);
SIR 10 TDI (036);
RUNTEST 18 TCK;
SIR 10 TDI (026);
RUNTEST 8 TCK;
SDR 64 TDI (FFFFFFFFFFFFFFFF) TDO (5FFEFFFFFFFF173B) MASK (FFFFFFFFFFFFFFFF);
SIR 10 TDI (032);
RUNTEST 18 TCK;
SIR 10 TDI (026);
RUNTEST 8 TCK;
SDR 64 TDI (FFFFFFFFFFFFFFFF) TDO (5FFEFFFFFFFF173B);
SIR 10 TDI (01A);
RUNTEST 8 TCK;
SDR 320 TDI (10842108421084210842108421084210842108421084210842108421084210842108421084210842);
SIR 10 TDI (036);
RUNTEST 18 TCK;
SIR 10 TDI (026);
RUNTEST 8 TCK;
SDR 64 TDI (FFFFFFFFFFFFFFFF) TDO (FFFFFFFFFFFFFFFF) MASK (FFFFFFFFFFFFFFFF);
SIR 10 TDI (032);
RUNTEST 18 TCK;
SIR 10 TDI (026);
RUNTEST 8 TCK;
SDR 64 TDI (FFFFFFFFFFFFFFFF) TDO (FFFFFFFFFFFFFFFF);
SIR 10 TDI (01A);
RUNTEST 8 TCK;
SDR 320 TDI (08421084210842108421084210842108421084210842108421084210842108421084210842108421);
SIR 10 TDI (036);
RUNTEST 18 TCK;
SIR 10 TDI (026);
RUNTEST 8 TCK;
SDR 64 TDI (FFFFFFFFFFFFFFFF) TDO (57F2FFFBFE5F152B) MASK (FFFFFFFFFFFFFFFF);
SIR 10 TDI (032);
RUNTEST 18 TCK;
SIR 10 TDI (026);
RUNTEST 8 TCK;
SDR 64 TDI (FFFFFFFFFFFFFFFF) TDO (57F2FFFBFE5F152B);
SIR 10 TDI (01E);
RUNTEST 8 TCK;
SDR 273 TDI (000000000000000000004000000000000000000000000000000000000000020000000);
SIR 10 TDI (012);
RUNTEST 8 TCK;
SIR 10 TDI (016);
RUNTEST 8 TCK;
SDR 320 TDI (84210842108421084210842108421084210842108421084210842108421084210842108421084210);
SIR 10 TDI (01A);
RUNTEST 8 TCK;
SDR 320 TDI (84210842108421084210842108421084210842108421084210842108421084210842108421084210);
SIR 10 TDI (036);
RUNTEST 18 TCK;
SIR 10 TDI (022);
RUNTEST 8 TCK;
SDR 64 TDI (FFFFFFFFFFFFFFFF) TDO (FFFFFFFFFFFFFFFF) MASK (FFFFFFFFFFFFFFFF);
SIR 10 TDI (032);
RUNTEST 18 TCK;
SIR 10 TDI (022);
RUNTEST 8 TCK;
SDR 64 TDI (FFFFFFFFFFFFFFFF) TDO (FFFFFFFFFFFFFFFF);
SIR 10 TDI (016);
RUNTEST 8 TCK;
SDR 320 TDI (42108421084210842108421084210842108421084210842108421084210842108421084210842108);
SIR 10 TDI (036);
RUNTEST 18 TCK;
SIR 10 TDI (022);
RUNTEST 8 TCK;
SDR 64 TDI (FFFFFFFFFFFFFFFF) TDO (FFFFFFFFFFFFFFFF) MASK (FFFFFFFFFFFFFFFF);
SIR 10 TDI (032);
RUNTEST 18 TCK;
SIR 10 TDI (022);
RUNTEST 8 TCK;
SDR 64 TDI (FFFFFFFFFFFFFFFF) TDO (FFFFFFFFFFFFFFFF);
SIR 10 TDI (016);
RUNTEST 8 TCK;
SDR 320 TDI (21084210842108421084210842108421084210842108421084210842108421084210842108421084);
SIR 10 TDI (036);
RUNTEST 18 TCK;
SIR 10 TDI (022);
RUNTEST 8 TCK;
SDR 64 TDI (FFFFFFFFFFFFFFFF) TDO (1057DFFEDEFF7BFD) MASK (FFFFFFFFFFFFFFFF);
SIR 10 TDI (032);
RUNTEST 18 TCK;
SIR 10 TDI (022);
RUNTEST 8 TCK;
SDR 64 TDI (FFFFFFFFFFFFFFFF) TDO (1057DFFEDEFF7BFD);
SIR 10 TDI (016);
RUNTEST 8 TCK;
SDR 320 TDI (10842108421084210842108421084210842108421084210842108421084210842108421084210842);
SIR 10 TDI (036);
RUNTEST 18 TCK;
SIR 10 TDI (022);
RUNTEST 8 TCK;
SDR 64 TDI (FFFFFFFFFFFFFFFF) TDO (FFFFFFFFFFFFFFFF) MASK (FFFFFFFFFFFFFFFF);
SIR 10 TDI (032);
RUNTEST 18 TCK;
SIR 10 TDI (022);
RUNTEST 8 TCK;
SDR 64 TDI (FFFFFFFFFFFFFFFF) TDO (FFFFFFFFFFFFFFFF);
SIR 10 TDI (016);
RUNTEST 8 TCK;
SDR 320 TDI (08421084210842108421084210842108421084210842108421084210842108421084210842108421);
SIR 10 TDI (036);
RUNTEST 18 TCK;
SIR 10 TDI (022);
RUNTEST 8 TCK;
SDR 64 TDI (FFFFFFFFFFFFFFFF) TDO (0053DFEE80D11BFD) MASK (FFFFFFFFFFFFFFFF);
SIR 10 TDI (032);
RUNTEST 18 TCK;
SIR 10 TDI (022);
RUNTEST 8 TCK;
SDR 64 TDI (FFFFFFFFFFFFFFFF) TDO (0053DFEE80D11BFD);
SIR 10 TDI (036);
RUNTEST 18 TCK;
SIR 10 TDI (026);
RUNTEST 8 TCK;
SDR 64 TDI (FFFFFFFFFFFFFFFF) TDO (FFFFFFFFFFFFFFFF);
SIR 10 TDI (032);
RUNTEST 18 TCK;
SIR 10 TDI (026);
RUNTEST 8 TCK;
SDR 64 TDI (FFFFFFFFFFFFFFFF) TDO (FFFFFFFFFFFFFFFF);
SIR 10 TDI (01A);
RUNTEST 8 TCK;
SDR 320 TDI (42108421084210842108421084210842108421084210842108421084210842108421084210842108);
SIR 10 TDI (036);
RUNTEST 18 TCK;
SIR 10 TDI (026);
RUNTEST 8 TCK;
SDR 64 TDI (FFFFFFFFFFFFFFFF) TDO (FFFEFFFFFFFFFFFF) MASK (FFFFFFFFFFFFFFFF);
SIR 10 TDI (032);
RUNTEST 18 TCK;
SIR 10 TDI (026);
RUNTEST 8 TCK;
SDR 64 TDI (FFFFFFFFFFFFFFFF) TDO (FFFEFFFFFFFFFFFF);
SIR 10 TDI (01A);
RUNTEST 8 TCK;
SDR 320 TDI (21084210842108421084210842108421084210842108421084210842108421084210842108421084);
SIR 10 TDI (036);
RUNTEST 18 TCK;
SIR 10 TDI (026);
RUNTEST 8 TCK;
SDR 64 TDI (FFFFFFFFFFFFFFFF) TDO (5FFEFFFFFFFF173B) MASK (FFFFFFFFFFFFFFFF);
SIR 10 TDI (032);
RUNTEST 18 TCK;
SIR 10 TDI (026);
RUNTEST 8 TCK;
SDR 64 TDI (FFFFFFFFFFFFFFFF) TDO (5FFEFFFFFFFF173B);
SIR 10 TDI (01A);
RUNTEST 8 TCK;
SDR 320 TDI (10842108421084210842108421084210842108421084210842108421084210842108421084210842);
SIR 10 TDI (036);
RUNTEST 18 TCK;
SIR 10 TDI (026);
RUNTEST 8 TCK;
SDR 64 TDI (FFFFFFFFFFFFFFFF) TDO (FFFFFFFFFFFFFFFF) MASK (FFFFFFFFFFFFFFFF);
SIR 10 TDI (032);
RUNTEST 18 TCK;
SIR 10 TDI (026);
RUNTEST 8 TCK;
SDR 64 TDI (FFFFFFFFFFFFFFFF) TDO (FFFFFFFFFFFFFFFF);
SIR 10 TDI (01A);
RUNTEST 8 TCK;
SDR 320 TDI (08421084210842108421084210842108421084210842108421084210842108421084210842108421);
SIR 10 TDI (036);
RUNTEST 18 TCK;
SIR 10 TDI (026);
RUNTEST 8 TCK;
SDR 64 TDI (FFFFFFFFFFFFFFFF) TDO (57F2FFFBFE5F152B) MASK (FFFFFFFFFFFFFFFF);
SIR 10 TDI (032);
RUNTEST 18 TCK;
SIR 10 TDI (026);
RUNTEST 8 TCK;
SDR 64 TDI (FFFFFFFFFFFFFFFF) TDO (57F2FFFBFE5F152B);
SIR 10 TDI (01E);
RUNTEST 8 TCK;
SDR 273 TDI (000000000000000000002000000000000000000000000000000000000000010000000);
SIR 10 TDI (012);
RUNTEST 8 TCK;
SIR 10 TDI (016);
RUNTEST 8 TCK;
SDR 320 TDI (84210842108421084210842108421084210842108421084210842108421084210842108421084210);
SIR 10 TDI (01A);
RUNTEST 8 TCK;
SDR 320 TDI (84210842108421084210842108421084210842108421084210842108421084210842108421084210);
SIR 10 TDI (036);
RUNTEST 18 TCK;
SIR 10 TDI (022);
RUNTEST 8 TCK;
SDR 64 TDI (FFFFFFFFFFFFFFFF) TDO (FFFFFFFFFFFFFFFF) MASK (FFFFFFFFFFFFFFFF);
SIR 10 TDI (032);
RUNTEST 18 TCK;
SIR 10 TDI (022);
RUNTEST 8 TCK;
SDR 64 TDI (FFFFFFFFFFFFFFFF) TDO (FFFFFFFFFFFFFFFF);
SIR 10 TDI (016);
RUNTEST 8 TCK;
SDR 320 TDI (42108421084210842108421084210842108421084210842108421084210842108421084210842108);
SIR 10 TDI (036);
RUNTEST 18 TCK;
SIR 10 TDI (022);
RUNTEST 8 TCK;
SDR 64 TDI (FFFFFFFFFFFFFFFF) TDO (FFFFFFFFFFFFFFFF) MASK (FFFFFFFFFFFFFFFF);
SIR 10 TDI (032);
RUNTEST 18 TCK;
SIR 10 TDI (022);
RUNTEST 8 TCK;
SDR 64 TDI (FFFFFFFFFFFFFFFF) TDO (FFFFFFFFFFFFFFFF);
SIR 10 TDI (016);
RUNTEST 8 TCK;
SDR 320 TDI (21084210842108421084210842108421084210842108421084210842108421084210842108421084);
SIR 10 TDI (036);
RUNTEST 18 TCK;
SIR 10 TDI (022);
RUNTEST 8 TCK;
SDR 64 TDI (FFFFFFFFFFFFFFFF) TDO (1057DFFEDEFF7BFD) MASK (FFFFFFFFFFFFFFFF);
SIR 10 TDI (032);
RUNTEST 18 TCK;
SIR 10 TDI (022);
RUNTEST 8 TCK;
SDR 64 TDI (FFFFFFFFFFFFFFFF) TDO (1057DFFEDEFF7BFD);
SIR 10 TDI (016);
RUNTEST 8 TCK;
SDR 320 TDI (10842108421084210842108421084210842108421084210842108421084210842108421084210842);
SIR 10 TDI (036);
RUNTEST 18 TCK;
SIR 10 TDI (022);
RUNTEST 8 TCK;
SDR 64 TDI (FFFFFFFFFFFFFFFF) TDO (FFFFFFFFFFFFFFFF) MASK (FFFFFFFFFFFFFFFF);
SIR 10 TDI (032);
RUNTEST 18 TCK;
SIR 10 TDI (022);
RUNTEST 8 TCK;
SDR 64 TDI (FFFFFFFFFFFFFFFF) TDO (FFFFFFFFFFFFFFFF);
SIR 10 TDI (016);
RUNTEST 8 TCK;
SDR 320 TDI (08421084210842108421084210842108421084210842108421084210842108421084210842108421);
SIR 10 TDI (036);
RUNTEST 18 TCK;
SIR 10 TDI (022);
RUNTEST 8 TCK;
SDR 64 TDI (FFFFFFFFFFFFFFFF) TDO (0053DFEE80D11BFD) MASK (FFFFFFFFFFFFFFFF);
SIR 10 TDI (032);
RUNTEST 18 TCK;
SIR 10 TDI (022);
RUNTEST 8 TCK;
SDR 64 TDI (FFFFFFFFFFFFFFFF) TDO (0053DFEE80D11BFD);
SIR 10 TDI (036);
RUNTEST 18 TCK;
SIR 10 TDI (026);
RUNTEST 8 TCK;
SDR 64 TDI (FFFFFFFFFFFFFFFF) TDO (FFFFFFFFFFFFFFFF);
SIR 10 TDI (032);
RUNTEST 18 TCK;
SIR 10 TDI (026);
RUNTEST 8 TCK;
SDR 64 TDI (FFFFFFFFFFFFFFFF) TDO (FFFFFFFFFFFFFFFF);
SIR 10 TDI (01A);
RUNTEST 8 TCK;
SDR 320 TDI (42108421084210842108421084210842108421084210842108421084210842108421084210842108);
SIR 10 TDI (036);
RUNTEST 18 TCK;
SIR 10 TDI (026);
RUNTEST 8 TCK;
SDR 64 TDI (FFFFFFFFFFFFFFFF) TDO (FFFEFFFFFFFFFFFF) MASK (FFFFFFFFFFFFFFFF);
SIR 10 TDI (032);
RUNTEST 18 TCK;
SIR 10 TDI (026);
RUNTEST 8 TCK;
SDR 64 TDI (FFFFFFFFFFFFFFFF) TDO (FFFEFFFFFFFFFFFF);
SIR 10 TDI (01A);
RUNTEST 8 TCK;
SDR 320 TDI (21084210842108421084210842108421084210842108421084210842108421084210842108421084);
SIR 10 TDI (036);
RUNTEST 18 TCK;
SIR 10 TDI (026);
RUNTEST 8 TCK;
SDR 64 TDI (FFFFFFFFFFFFFFFF) TDO (5FFEFFFFFFFF173B) MASK (FFFFFFFFFFFFFFFF);
SIR 10 TDI (032);
RUNTEST 18 TCK;
SIR 10 TDI (026);
RUNTEST 8 TCK;
SDR 64 TDI (FFFFFFFFFFFFFFFF) TDO (5FFEFFFFFFFF173B);
SIR 10 TDI (01A);
RUNTEST 8 TCK;
SDR 320 TDI (10842108421084210842108421084210842108421084210842108421084210842108421084210842);
SIR 10 TDI (036);
RUNTEST 18 TCK;
SIR 10 TDI (026);
RUNTEST 8 TCK;
SDR 64 TDI (FFFFFFFFFFFFFFFF) TDO (FFFFFFFFFFFFFFFF) MASK (FFFFFFFFFFFFFFFF);
SIR 10 TDI (032);
RUNTEST 18 TCK;
SIR 10 TDI (026);
RUNTEST 8 TCK;
SDR 64 TDI (FFFFFFFFFFFFFFFF) TDO (FFFFFFFFFFFFFFFF);
SIR 10 TDI (01A);
RUNTEST 8 TCK;
SDR 320 TDI (08421084210842108421084210842108421084210842108421084210842108421084210842108421);
SIR 10 TDI (036);
RUNTEST 18 TCK;
SIR 10 TDI (026);
RUNTEST 8 TCK;
SDR 64 TDI (FFFFFFFFFFFFFFFF) TDO (57F2FFFBFE5F152B) MASK (FFFFFFFFFFFFFFFF);
SIR 10 TDI (032);
RUNTEST 18 TCK;
SIR 10 TDI (026);
RUNTEST 8 TCK;
SDR 64 TDI (FFFFFFFFFFFFFFFF) TDO (57F2FFFBFE5F152B);
SIR 10 TDI (01E);
RUNTEST 8 TCK;
SDR 273 TDI (000000000000000000001000000000000000000000000000000000000000008000000);
SIR 10 TDI (012);
RUNTEST 8 TCK;
SIR 10 TDI (016);
RUNTEST 8 TCK;
SDR 320 TDI (84210842108421084210842108421084210842108421084210842108421084210842108421084210);
SIR 10 TDI (01A);
RUNTEST 8 TCK;
SDR 320 TDI (84210842108421084210842108421084210842108421084210842108421084210842108421084210);
SIR 10 TDI (036);
RUNTEST 18 TCK;
SIR 10 TDI (022);
RUNTEST 8 TCK;
SDR 64 TDI (FFFFFFFFFFFFFFFF) TDO (FFFFFFFFFFFFFFFF) MASK (FFFFFFFFFFFFFFFF);
SIR 10 TDI (032);
RUNTEST 18 TCK;
SIR 10 TDI (022);
RUNTEST 8 TCK;
SDR 64 TDI (FFFFFFFFFFFFFFFF) TDO (FFFFFFFFFFFFFFFF);
SIR 10 TDI (016);
RUNTEST 8 TCK;
SDR 320 TDI (42108421084210842108421084210842108421084210842108421084210842108421084210842108);
SIR 10 TDI (036);
RUNTEST 18 TCK;
SIR 10 TDI (022);
RUNTEST 8 TCK;
SDR 64 TDI (FFFFFFFFFFFFFFFF) TDO (FFFFFFFFFFFFFFFF) MASK (FFFFFFFFFFFFFFFF);
SIR 10 TDI (032);
RUNTEST 18 TCK;
SIR 10 TDI (022);
RUNTEST 8 TCK;
SDR 64 TDI (FFFFFFFFFFFFFFFF) TDO (FFFFFFFFFFFFFFFF);
SIR 10 TDI (016);
RUNTEST 8 TCK;
SDR 320 TDI (21084210842108421084210842108421084210842108421084210842108421084210842108421084);
SIR 10 TDI (036);
RUNTEST 18 TCK;
SIR 10 TDI (022);
RUNTEST 8 TCK;
SDR 64 TDI (FFFFFFFFFFFFFFFF) TDO (1057DFFEDEFF7BFD) MASK (FFFFFFFFFFFFFFFF);
SIR 10 TDI (032);
RUNTEST 18 TCK;
SIR 10 TDI (022);
RUNTEST 8 TCK;
SDR 64 TDI (FFFFFFFFFFFFFFFF) TDO (1057DFFEDEFF7BFD);
SIR 10 TDI (016);
RUNTEST 8 TCK;
SDR 320 TDI (10842108421084210842108421084210842108421084210842108421084210842108421084210842);
SIR 10 TDI (036);
RUNTEST 18 TCK;
SIR 10 TDI (022);
RUNTEST 8 TCK;
SDR 64 TDI (FFFFFFFFFFFFFFFF) TDO (FFFFFFFFFFFFFFFF) MASK (FFFFFFFFFFFFFFFF);
SIR 10 TDI (032);
RUNTEST 18 TCK;
SIR 10 TDI (022);
RUNTEST 8 TCK;
SDR 64 TDI (FFFFFFFFFFFFFFFF) TDO (FFFFFFFFFFFFFFFF);
SIR 10 TDI (016);
RUNTEST 8 TCK;
SDR 320 TDI (08421084210842108421084210842108421084210842108421084210842108421084210842108421);
SIR 10 TDI (036);
RUNTEST 18 TCK;
SIR 10 TDI (022);
RUNTEST 8 TCK;
SDR 64 TDI (FFFFFFFFFFFFFFFF) TDO (0053DFEE80D11BFD) MASK (FFFFFFFFFFFFFFFF);
SIR 10 TDI (032);
RUNTEST 18 TCK;
SIR 10 TDI (022);
RUNTEST 8 TCK;
SDR 64 TDI (FFFFFFFFFFFFFFFF) TDO (0053DFEE80D11BFD);
SIR 10 TDI (036);
RUNTEST 18 TCK;
SIR 10 TDI (026);
RUNTEST 8 TCK;
SDR 64 TDI (FFFFFFFFFFFFFFFF) TDO (FFFFFFFFFFFFFFFF);
SIR 10 TDI (032);
RUNTEST 18 TCK;
SIR 10 TDI (026);
RUNTEST 8 TCK;
SDR 64 TDI (FFFFFFFFFFFFFFFF) TDO (FFFFFFFFFFFFFFFF);
SIR 10 TDI (01A);
RUNTEST 8 TCK;
SDR 320 TDI (42108421084210842108421084210842108421084210842108421084210842108421084210842108);
SIR 10 TDI (036);
RUNTEST 18 TCK;
SIR 10 TDI (026);
RUNTEST 8 TCK;
SDR 64 TDI (FFFFFFFFFFFFFFFF) TDO (FFFEFFFFFFFFFFFF) MASK (FFFFFFFFFFFFFFFF);
SIR 10 TDI (032);
RUNTEST 18 TCK;
SIR 10 TDI (026);
RUNTEST 8 TCK;
SDR 64 TDI (FFFFFFFFFFFFFFFF) TDO (FFFEFFFFFFFFFFFF);
SIR 10 TDI (01A);
RUNTEST 8 TCK;
SDR 320 TDI (21084210842108421084210842108421084210842108421084210842108421084210842108421084);
SIR 10 TDI (036);
RUNTEST 18 TCK;
SIR 10 TDI (026);
RUNTEST 8 TCK;
SDR 64 TDI (FFFFFFFFFFFFFFFF) TDO (5FFEFFFFFFFF173B) MASK (FFFFFFFFFFFFFFFF);
SIR 10 TDI (032);
RUNTEST 18 TCK;
SIR 10 TDI (026);
RUNTEST 8 TCK;
SDR 64 TDI (FFFFFFFFFFFFFFFF) TDO (5FFEFFFFFFFF173B);
SIR 10 TDI (01A);
RUNTEST 8 TCK;
SDR 320 TDI (10842108421084210842108421084210842108421084210842108421084210842108421084210842);
SIR 10 TDI (036);
RUNTEST 18 TCK;
SIR 10 TDI (026);
RUNTEST 8 TCK;
SDR 64 TDI (FFFFFFFFFFFFFFFF) TDO (FFFFFFFFFFFFFFFF) MASK (FFFFFFFFFFFFFFFF);
SIR 10 TDI (032);
RUNTEST 18 TCK;
SIR 10 TDI (026);
RUNTEST 8 TCK;
SDR 64 TDI (FFFFFFFFFFFFFFFF) TDO (FFFFFFFFFFFFFFFF);
SIR 10 TDI (01A);
RUNTEST 8 TCK;
SDR 320 TDI (08421084210842108421084210842108421084210842108421084210842108421084210842108421);
SIR 10 TDI (036);
RUNTEST 18 TCK;
SIR 10 TDI (026);
RUNTEST 8 TCK;
SDR 64 TDI (FFFFFFFFFFFFFFFF) TDO (57F2FFFBFE5F152B) MASK (FFFFFFFFFFFFFFFF);
SIR 10 TDI (032);
RUNTEST 18 TCK;
SIR 10 TDI (026);
RUNTEST 8 TCK;
SDR 64 TDI (FFFFFFFFFFFFFFFF) TDO (57F2FFFBFE5F152B);
SIR 10 TDI (01E);
RUNTEST 8 TCK;
SDR 273 TDI (000000000000000000000800000000000000000000000000000000000000004000000);
SIR 10 TDI (012);
RUNTEST 8 TCK;
SIR 10 TDI (016);
RUNTEST 8 TCK;
SDR 320 TDI (84210842108421084210842108421084210842108421084210842108421084210842108421084210);
SIR 10 TDI (01A);
RUNTEST 8 TCK;
SDR 320 TDI (84210842108421084210842108421084210842108421084210842108421084210842108421084210);
SIR 10 TDI (036);
RUNTEST 18 TCK;
SIR 10 TDI (022);
RUNTEST 8 TCK;
SDR 64 TDI (FFFFFFFFFFFFFFFF) TDO (FFFFFFFFFFFFFFFF) MASK (FFFFFFFFFFFFFFFF);
SIR 10 TDI (032);
RUNTEST 18 TCK;
SIR 10 TDI (022);
RUNTEST 8 TCK;
SDR 64 TDI (FFFFFFFFFFFFFFFF) TDO (FFFFFFFFFFFFFFFF);
SIR 10 TDI (016);
RUNTEST 8 TCK;
SDR 320 TDI (42108421084210842108421084210842108421084210842108421084210842108421084210842108);
SIR 10 TDI (036);
RUNTEST 18 TCK;
SIR 10 TDI (022);
RUNTEST 8 TCK;
SDR 64 TDI (FFFFFFFFFFFFFFFF) TDO (FFFFFFFFFFFFFFFF) MASK (FFFFFFFFFFFFFFFF);
SIR 10 TDI (032);
RUNTEST 18 TCK;
SIR 10 TDI (022);
RUNTEST 8 TCK;
SDR 64 TDI (FFFFFFFFFFFFFFFF) TDO (FFFFFFFFFFFFFFFF);
SIR 10 TDI (016);
RUNTEST 8 TCK;
SDR 320 TDI (21084210842108421084210842108421084210842108421084210842108421084210842108421084);
SIR 10 TDI (036);
RUNTEST 18 TCK;
SIR 10 TDI (022);
RUNTEST 8 TCK;
SDR 64 TDI (FFFFFFFFFFFFFFFF) TDO (1057DFFEDEFF7BFD) MASK (FFFFFFFFFFFFFFFF);
SIR 10 TDI (032);
RUNTEST 18 TCK;
SIR 10 TDI (022);
RUNTEST 8 TCK;
SDR 64 TDI (FFFFFFFFFFFFFFFF) TDO (1057DFFEDEFF7BFD);
SIR 10 TDI (016);
RUNTEST 8 TCK;
SDR 320 TDI (10842108421084210842108421084210842108421084210842108421084210842108421084210842);
SIR 10 TDI (036);
RUNTEST 18 TCK;
SIR 10 TDI (022);
RUNTEST 8 TCK;
SDR 64 TDI (FFFFFFFFFFFFFFFF) TDO (FFFFFFFFFFFFFFFF) MASK (FFFFFFFFFFFFFFFF);
SIR 10 TDI (032);
RUNTEST 18 TCK;
SIR 10 TDI (022);
RUNTEST 8 TCK;
SDR 64 TDI (FFFFFFFFFFFFFFFF) TDO (FFFFFFFFFFFFFFFF);
SIR 10 TDI (016);
RUNTEST 8 TCK;
SDR 320 TDI (08421084210842108421084210842108421084210842108421084210842108421084210842108421);
SIR 10 TDI (036);
RUNTEST 18 TCK;
SIR 10 TDI (022);
RUNTEST 8 TCK;
SDR 64 TDI (FFFFFFFFFFFFFFFF) TDO (0053DFEE80D11BFD) MASK (FFFFFFFFFFFFFFFF);
SIR 10 TDI (032);
RUNTEST 18 TCK;
SIR 10 TDI (022);
RUNTEST 8 TCK;
SDR 64 TDI (FFFFFFFFFFFFFFFF) TDO (0053DFEE80D11BFD);
SIR 10 TDI (036);
RUNTEST 18 TCK;
SIR 10 TDI (026);
RUNTEST 8 TCK;
SDR 64 TDI (FFFFFFFFFFFFFFFF) TDO (FFFFFFFFFFFFFFFF);
SIR 10 TDI (032);
RUNTEST 18 TCK;
SIR 10 TDI (026);
RUNTEST 8 TCK;
SDR 64 TDI (FFFFFFFFFFFFFFFF) TDO (FFFFFFFFFFFFFFFF);
SIR 10 TDI (01A);
RUNTEST 8 TCK;
SDR 320 TDI (42108421084210842108421084210842108421084210842108421084210842108421084210842108);
SIR 10 TDI (036);
RUNTEST 18 TCK;
SIR 10 TDI (026);
RUNTEST 8 TCK;
SDR 64 TDI (FFFFFFFFFFFFFFFF) TDO (FFFEFFFFFFFFFFFF) MASK (FFFFFFFFFFFFFFFF);
SIR 10 TDI (032);
RUNTEST 18 TCK;
SIR 10 TDI (026);
RUNTEST 8 TCK;
SDR 64 TDI (FFFFFFFFFFFFFFFF) TDO (FFFEFFFFFFFFFFFF);
SIR 10 TDI (01A);
RUNTEST 8 TCK;
SDR 320 TDI (21084210842108421084210842108421084210842108421084210842108421084210842108421084);
SIR 10 TDI (036);
RUNTEST 18 TCK;
SIR 10 TDI (026);
RUNTEST 8 TCK;
SDR 64 TDI (FFFFFFFFFFFFFFFF) TDO (5FFEFFFFFFFF173B) MASK (FFFFFFFFFFFFFFFF);
SIR 10 TDI (032);
RUNTEST 18 TCK;
SIR 10 TDI (026);
RUNTEST 8 TCK;
SDR 64 TDI (FFFFFFFFFFFFFFFF) TDO (5FFEFFFFFFFF173B);
SIR 10 TDI (01A);
RUNTEST 8 TCK;
SDR 320 TDI (10842108421084210842108421084210842108421084210842108421084210842108421084210842);
SIR 10 TDI (036);
RUNTEST 18 TCK;
SIR 10 TDI (026);
RUNTEST 8 TCK;
SDR 64 TDI (FFFFFFFFFFFFFFFF) TDO (FFFFFFFFFFFFFFFF) MASK (FFFFFFFFFFFFFFFF);
SIR 10 TDI (032);
RUNTEST 18 TCK;
SIR 10 TDI (026);
RUNTEST 8 TCK;
SDR 64 TDI (FFFFFFFFFFFFFFFF) TDO (FFFFFFFFFFFFFFFF);
SIR 10 TDI (01A);
RUNTEST 8 TCK;
SDR 320 TDI (08421084210842108421084210842108421084210842108421084210842108421084210842108421);
SIR 10 TDI (036);
RUNTEST 18 TCK;
SIR 10 TDI (026);
RUNTEST 8 TCK;
SDR 64 TDI (FFFFFFFFFFFFFFFF) TDO (57F2FFFBFE5F152B) MASK (FFFFFFFFFFFFFFFF);
SIR 10 TDI (032);
RUNTEST 18 TCK;
SIR 10 TDI (026);
RUNTEST 8 TCK;
SDR 64 TDI (FFFFFFFFFFFFFFFF) TDO (57F2FFFBFE5F152B);
SIR 10 TDI (01E);
RUNTEST 8 TCK;
SDR 273 TDI (000000000000000000000400000000000000000000000000000000000000002000000);
SIR 10 TDI (012);
RUNTEST 8 TCK;
SIR 10 TDI (016);
RUNTEST 8 TCK;
SDR 320 TDI (84210842108421084210842108421084210842108421084210842108421084210842108421084210);
SIR 10 TDI (01A);
RUNTEST 8 TCK;
SDR 320 TDI (84210842108421084210842108421084210842108421084210842108421084210842108421084210);
SIR 10 TDI (036);
RUNTEST 18 TCK;
SIR 10 TDI (022);
RUNTEST 8 TCK;
SDR 64 TDI (FFFFFFFFFFFFFFFF) TDO (FFFFFFFFFFFFFFFF) MASK (FFFFFFFFFFFFFFFF);
SIR 10 TDI (032);
RUNTEST 18 TCK;
SIR 10 TDI (022);
RUNTEST 8 TCK;
SDR 64 TDI (FFFFFFFFFFFFFFFF) TDO (FFFFFFFFFFFFFFFF);
SIR 10 TDI (016);
RUNTEST 8 TCK;
SDR 320 TDI (42108421084210842108421084210842108421084210842108421084210842108421084210842108);
SIR 10 TDI (036);
RUNTEST 18 TCK;
SIR 10 TDI (022);
RUNTEST 8 TCK;
SDR 64 TDI (FFFFFFFFFFFFFFFF) TDO (FFFFFFFFFFFFFFFF) MASK (FFFFFFFFFFFFFFFF);
SIR 10 TDI (032);
RUNTEST 18 TCK;
SIR 10 TDI (022);
RUNTEST 8 TCK;
SDR 64 TDI (FFFFFFFFFFFFFFFF) TDO (FFFFFFFFFFFFFFFF);
SIR 10 TDI (016);
RUNTEST 8 TCK;
SDR 320 TDI (21084210842108421084210842108421084210842108421084210842108421084210842108421084);
SIR 10 TDI (036);
RUNTEST 18 TCK;
SIR 10 TDI (022);
RUNTEST 8 TCK;
SDR 64 TDI (FFFFFFFFFFFFFFFF) TDO (1057DFFEDEFF7BFD) MASK (FFFFFFFFFFFFFFFF);
SIR 10 TDI (032);
RUNTEST 18 TCK;
SIR 10 TDI (022);
RUNTEST 8 TCK;
SDR 64 TDI (FFFFFFFFFFFFFFFF) TDO (1057DFFEDEFF7BFD);
SIR 10 TDI (016);
RUNTEST 8 TCK;
SDR 320 TDI (10842108421084210842108421084210842108421084210842108421084210842108421084210842);
SIR 10 TDI (036);
RUNTEST 18 TCK;
SIR 10 TDI (022);
RUNTEST 8 TCK;
SDR 64 TDI (FFFFFFFFFFFFFFFF) TDO (FFFFFFFFFFFFFFFF) MASK (FFFFFFFFFFFFFFFF);
SIR 10 TDI (032);
RUNTEST 18 TCK;
SIR 10 TDI (022);
RUNTEST 8 TCK;
SDR 64 TDI (FFFFFFFFFFFFFFFF) TDO (FFFFFFFFFFFFFFFF);
SIR 10 TDI (016);
RUNTEST 8 TCK;
SDR 320 TDI (08421084210842108421084210842108421084210842108421084210842108421084210842108421);
SIR 10 TDI (036);
RUNTEST 18 TCK;
SIR 10 TDI (022);
RUNTEST 8 TCK;
SDR 64 TDI (FFFFFFFFFFFFFFFF) TDO (0053DFEE80D11BFD) MASK (FFFFFFFFFFFFFFFF);
SIR 10 TDI (032);
RUNTEST 18 TCK;
SIR 10 TDI (022);
RUNTEST 8 TCK;
SDR 64 TDI (FFFFFFFFFFFFFFFF) TDO (0053DFEE80D11BFD);
SIR 10 TDI (036);
RUNTEST 18 TCK;
SIR 10 TDI (026);
RUNTEST 8 TCK;
SDR 64 TDI (FFFFFFFFFFFFFFFF) TDO (FFFFFFFFFFFFFFFF);
SIR 10 TDI (032);
RUNTEST 18 TCK;
SIR 10 TDI (026);
RUNTEST 8 TCK;
SDR 64 TDI (FFFFFFFFFFFFFFFF) TDO (FFFFFFFFFFFFFFFF);
SIR 10 TDI (01A);
RUNTEST 8 TCK;
SDR 320 TDI (42108421084210842108421084210842108421084210842108421084210842108421084210842108);
SIR 10 TDI (036);
RUNTEST 18 TCK;
SIR 10 TDI (026);
RUNTEST 8 TCK;
SDR 64 TDI (FFFFFFFFFFFFFFFF) TDO (FFFEFFFFFFFFFFFF) MASK (FFFFFFFFFFFFFFFF);
SIR 10 TDI (032);
RUNTEST 18 TCK;
SIR 10 TDI (026);
RUNTEST 8 TCK;
SDR 64 TDI (FFFFFFFFFFFFFFFF) TDO (FFFEFFFFFFFFFFFF);
SIR 10 TDI (01A);
RUNTEST 8 TCK;
SDR 320 TDI (21084210842108421084210842108421084210842108421084210842108421084210842108421084);
SIR 10 TDI (036);
RUNTEST 18 TCK;
SIR 10 TDI (026);
RUNTEST 8 TCK;
SDR 64 TDI (FFFFFFFFFFFFFFFF) TDO (5FFEFFFFFFFF173B) MASK (FFFFFFFFFFFFFFFF);
SIR 10 TDI (032);
RUNTEST 18 TCK;
SIR 10 TDI (026);
RUNTEST 8 TCK;
SDR 64 TDI (FFFFFFFFFFFFFFFF) TDO (5FFEFFFFFFFF173B);
SIR 10 TDI (01A);
RUNTEST 8 TCK;
SDR 320 TDI (10842108421084210842108421084210842108421084210842108421084210842108421084210842);
SIR 10 TDI (036);
RUNTEST 18 TCK;
SIR 10 TDI (026);
RUNTEST 8 TCK;
SDR 64 TDI (FFFFFFFFFFFFFFFF) TDO (FFFFFFFFFFFFFFFF) MASK (FFFFFFFFFFFFFFFF);
SIR 10 TDI (032);
RUNTEST 18 TCK;
SIR 10 TDI (026);
RUNTEST 8 TCK;
SDR 64 TDI (FFFFFFFFFFFFFFFF) TDO (FFFFFFFFFFFFFFFF);
SIR 10 TDI (01A);
RUNTEST 8 TCK;
SDR 320 TDI (08421084210842108421084210842108421084210842108421084210842108421084210842108421);
SIR 10 TDI (036);
RUNTEST 18 TCK;
SIR 10 TDI (026);
RUNTEST 8 TCK;
SDR 64 TDI (FFFFFFFFFFFFFFFF) TDO (57F2FFFBFE5F152B) MASK (FFFFFFFFFFFFFFFF);
SIR 10 TDI (032);
RUNTEST 18 TCK;
SIR 10 TDI (026);
RUNTEST 8 TCK;
SDR 64 TDI (FFFFFFFFFFFFFFFF) TDO (57F2FFFBFE5F152B);
SIR 10 TDI (01E);
RUNTEST 8 TCK;
SDR 273 TDI (000000000000000000000200000000000000000000000000000000000000001000000);
SIR 10 TDI (012);
RUNTEST 8 TCK;
SIR 10 TDI (016);
RUNTEST 8 TCK;
SDR 320 TDI (84210842108421084210842108421084210842108421084210842108421084210842108421084210);
SIR 10 TDI (01A);
RUNTEST 8 TCK;
SDR 320 TDI (84210842108421084210842108421084210842108421084210842108421084210842108421084210);
SIR 10 TDI (036);
RUNTEST 18 TCK;
SIR 10 TDI (022);
RUNTEST 8 TCK;
SDR 64 TDI (FFFFFFFFFFFFFFFF) TDO (FFFFFFFFFFFFFFFF) MASK (FFFFFFFFFFFFFFFF);
SIR 10 TDI (032);
RUNTEST 18 TCK;
SIR 10 TDI (022);
RUNTEST 8 TCK;
SDR 64 TDI (FFFFFFFFFFFFFFFF) TDO (FFFFFFFFFFFFFFFF);
SIR 10 TDI (016);
RUNTEST 8 TCK;
SDR 320 TDI (42108421084210842108421084210842108421084210842108421084210842108421084210842108);
SIR 10 TDI (036);
RUNTEST 18 TCK;
SIR 10 TDI (022);
RUNTEST 8 TCK;
SDR 64 TDI (FFFFFFFFFFFFFFFF) TDO (FFFFFFFFFFFFFFFF) MASK (FFFFFFFFFFFFFFFF);
SIR 10 TDI (032);
RUNTEST 18 TCK;
SIR 10 TDI (022);
RUNTEST 8 TCK;
SDR 64 TDI (FFFFFFFFFFFFFFFF) TDO (FFFFFFFFFFFFFFFF);
SIR 10 TDI (016);
RUNTEST 8 TCK;
SDR 320 TDI (21084210842108421084210842108421084210842108421084210842108421084210842108421084);
SIR 10 TDI (036);
RUNTEST 18 TCK;
SIR 10 TDI (022);
RUNTEST 8 TCK;
SDR 64 TDI (FFFFFFFFFFFFFFFF) TDO (1057DFFEDEFF7BFD) MASK (FFFFFFFFFFFFFFFF);
SIR 10 TDI (032);
RUNTEST 18 TCK;
SIR 10 TDI (022);
RUNTEST 8 TCK;
SDR 64 TDI (FFFFFFFFFFFFFFFF) TDO (1057DFFEDEFF7BFD);
SIR 10 TDI (016);
RUNTEST 8 TCK;
SDR 320 TDI (10842108421084210842108421084210842108421084210842108421084210842108421084210842);
SIR 10 TDI (036);
RUNTEST 18 TCK;
SIR 10 TDI (022);
RUNTEST 8 TCK;
SDR 64 TDI (FFFFFFFFFFFFFFFF) TDO (FFFFFFFFFFFFFFFF) MASK (FFFFFFFFFFFFFFFF);
SIR 10 TDI (032);
RUNTEST 18 TCK;
SIR 10 TDI (022);
RUNTEST 8 TCK;
SDR 64 TDI (FFFFFFFFFFFFFFFF) TDO (FFFFFFFFFFFFFFFF);
SIR 10 TDI (016);
RUNTEST 8 TCK;
SDR 320 TDI (08421084210842108421084210842108421084210842108421084210842108421084210842108421);
SIR 10 TDI (036);
RUNTEST 18 TCK;
SIR 10 TDI (022);
RUNTEST 8 TCK;
SDR 64 TDI (FFFFFFFFFFFFFFFF) TDO (0053DFEE80D11BFD) MASK (FFFFFFFFFFFFFFFF);
SIR 10 TDI (032);
RUNTEST 18 TCK;
SIR 10 TDI (022);
RUNTEST 8 TCK;
SDR 64 TDI (FFFFFFFFFFFFFFFF) TDO (0053DFEE80D11BFD);
SIR 10 TDI (036);
RUNTEST 18 TCK;
SIR 10 TDI (026);
RUNTEST 8 TCK;
SDR 64 TDI (FFFFFFFFFFFFFFFF) TDO (FFFFFFFFFFFFFFFF);
SIR 10 TDI (032);
RUNTEST 18 TCK;
SIR 10 TDI (026);
RUNTEST 8 TCK;
SDR 64 TDI (FFFFFFFFFFFFFFFF) TDO (FFFFFFFFFFFFFFFF);
SIR 10 TDI (01A);
RUNTEST 8 TCK;
SDR 320 TDI (42108421084210842108421084210842108421084210842108421084210842108421084210842108);
SIR 10 TDI (036);
RUNTEST 18 TCK;
SIR 10 TDI (026);
RUNTEST 8 TCK;
SDR 64 TDI (FFFFFFFFFFFFFFFF) TDO (FFFEFFFFFFFFFFFF) MASK (FFFFFFFFFFFFFFFF);
SIR 10 TDI (032);
RUNTEST 18 TCK;
SIR 10 TDI (026);
RUNTEST 8 TCK;
SDR 64 TDI (FFFFFFFFFFFFFFFF) TDO (FFFEFFFFFFFFFFFF);
SIR 10 TDI (01A);
RUNTEST 8 TCK;
SDR 320 TDI (21084210842108421084210842108421084210842108421084210842108421084210842108421084);
SIR 10 TDI (036);
RUNTEST 18 TCK;
SIR 10 TDI (026);
RUNTEST 8 TCK;
SDR 64 TDI (FFFFFFFFFFFFFFFF) TDO (5FFEFFFFFFFF173B) MASK (FFFFFFFFFFFFFFFF);
SIR 10 TDI (032);
RUNTEST 18 TCK;
SIR 10 TDI (026);
RUNTEST 8 TCK;
SDR 64 TDI (FFFFFFFFFFFFFFFF) TDO (5FFEFFFFFFFF173B);
SIR 10 TDI (01A);
RUNTEST 8 TCK;
SDR 320 TDI (10842108421084210842108421084210842108421084210842108421084210842108421084210842);
SIR 10 TDI (036);
RUNTEST 18 TCK;
SIR 10 TDI (026);
RUNTEST 8 TCK;
SDR 64 TDI (FFFFFFFFFFFFFFFF) TDO (FFFFFFFFFFFFFFFF) MASK (FFFFFFFFFFFFFFFF);
SIR 10 TDI (032);
RUNTEST 18 TCK;
SIR 10 TDI (026);
RUNTEST 8 TCK;
SDR 64 TDI (FFFFFFFFFFFFFFFF) TDO (FFFFFFFFFFFFFFFF);
SIR 10 TDI (01A);
RUNTEST 8 TCK;
SDR 320 TDI (08421084210842108421084210842108421084210842108421084210842108421084210842108421);
SIR 10 TDI (036);
RUNTEST 18 TCK;
SIR 10 TDI (026);
RUNTEST 8 TCK;
SDR 64 TDI (FFFFFFFFFFFFFFFF) TDO (57F2FFFBFE5F152B) MASK (FFFFFFFFFFFFFFFF);
SIR 10 TDI (032);
RUNTEST 18 TCK;
SIR 10 TDI (026);
RUNTEST 8 TCK;
SDR 64 TDI (FFFFFFFFFFFFFFFF) TDO (57F2FFFBFE5F152B);
SIR 10 TDI (01E);
RUNTEST 8 TCK;
SDR 273 TDI (000000000000000000000100000000000000000000000000000000000000000800000);
SIR 10 TDI (012);
RUNTEST 8 TCK;
SIR 10 TDI (016);
RUNTEST 8 TCK;
SDR 320 TDI (84210842108421084210842108421084210842108421084210842108421084210842108421084210);
SIR 10 TDI (01A);
RUNTEST 8 TCK;
SDR 320 TDI (84210842108421084210842108421084210842108421084210842108421084210842108421084210);
SIR 10 TDI (036);
RUNTEST 18 TCK;
SIR 10 TDI (022);
RUNTEST 8 TCK;
SDR 64 TDI (FFFFFFFFFFFFFFFF) TDO (FFFFFFFFFFFFFFFF) MASK (FFFFFFFFFFFFFFFF);
SIR 10 TDI (032);
RUNTEST 18 TCK;
SIR 10 TDI (022);
RUNTEST 8 TCK;
SDR 64 TDI (FFFFFFFFFFFFFFFF) TDO (FFFFFFFFFFFFFFFF);
SIR 10 TDI (016);
RUNTEST 8 TCK;
SDR 320 TDI (42108421084210842108421084210842108421084210842108421084210842108421084210842108);
SIR 10 TDI (036);
RUNTEST 18 TCK;
SIR 10 TDI (022);
RUNTEST 8 TCK;
SDR 64 TDI (FFFFFFFFFFFFFFFF) TDO (FFFFFFFFFFFFFFFF) MASK (FFFFFFFFFFFFFFFF);
SIR 10 TDI (032);
RUNTEST 18 TCK;
SIR 10 TDI (022);
RUNTEST 8 TCK;
SDR 64 TDI (FFFFFFFFFFFFFFFF) TDO (FFFFFFFFFFFFFFFF);
SIR 10 TDI (016);
RUNTEST 8 TCK;
SDR 320 TDI (21084210842108421084210842108421084210842108421084210842108421084210842108421084);
SIR 10 TDI (036);
RUNTEST 18 TCK;
SIR 10 TDI (022);
RUNTEST 8 TCK;
SDR 64 TDI (FFFFFFFFFFFFFFFF) TDO (1057DFFEDEFF7BFD) MASK (FFFFFFFFFFFFFFFF);
SIR 10 TDI (032);
RUNTEST 18 TCK;
SIR 10 TDI (022);
RUNTEST 8 TCK;
SDR 64 TDI (FFFFFFFFFFFFFFFF) TDO (1057DFFEDEFF7BFD);
SIR 10 TDI (016);
RUNTEST 8 TCK;
SDR 320 TDI (10842108421084210842108421084210842108421084210842108421084210842108421084210842);
SIR 10 TDI (036);
RUNTEST 18 TCK;
SIR 10 TDI (022);
RUNTEST 8 TCK;
SDR 64 TDI (FFFFFFFFFFFFFFFF) TDO (FFFFFFFFFFFFFFFF) MASK (FFFFFFFFFFFFFFFF);
SIR 10 TDI (032);
RUNTEST 18 TCK;
SIR 10 TDI (022);
RUNTEST 8 TCK;
SDR 64 TDI (FFFFFFFFFFFFFFFF) TDO (FFFFFFFFFFFFFFFF);
SIR 10 TDI (016);
RUNTEST 8 TCK;
SDR 320 TDI (08421084210842108421084210842108421084210842108421084210842108421084210842108421);
SIR 10 TDI (036);
RUNTEST 18 TCK;
SIR 10 TDI (022);
RUNTEST 8 TCK;
SDR 64 TDI (FFFFFFFFFFFFFFFF) TDO (0053DFEE80D11BFD) MASK (FFFFFFFFFFFFFFFF);
SIR 10 TDI (032);
RUNTEST 18 TCK;
SIR 10 TDI (022);
RUNTEST 8 TCK;
SDR 64 TDI (FFFFFFFFFFFFFFFF) TDO (0053DFEE80D11BFD);
SIR 10 TDI (036);
RUNTEST 18 TCK;
SIR 10 TDI (026);
RUNTEST 8 TCK;
SDR 64 TDI (FFFFFFFFFFFFFFFF) TDO (FFFFFFFFFFFFFFFF);
SIR 10 TDI (032);
RUNTEST 18 TCK;
SIR 10 TDI (026);
RUNTEST 8 TCK;
SDR 64 TDI (FFFFFFFFFFFFFFFF) TDO (FFFFFFFFFFFFFFFF);
SIR 10 TDI (01A);
RUNTEST 8 TCK;
SDR 320 TDI (42108421084210842108421084210842108421084210842108421084210842108421084210842108);
SIR 10 TDI (036);
RUNTEST 18 TCK;
SIR 10 TDI (026);
RUNTEST 8 TCK;
SDR 64 TDI (FFFFFFFFFFFFFFFF) TDO (FFFEFFFFFFFFFFFF) MASK (FFFFFFFFFFFFFFFF);
SIR 10 TDI (032);
RUNTEST 18 TCK;
SIR 10 TDI (026);
RUNTEST 8 TCK;
SDR 64 TDI (FFFFFFFFFFFFFFFF) TDO (FFFEFFFFFFFFFFFF);
SIR 10 TDI (01A);
RUNTEST 8 TCK;
SDR 320 TDI (21084210842108421084210842108421084210842108421084210842108421084210842108421084);
SIR 10 TDI (036);
RUNTEST 18 TCK;
SIR 10 TDI (026);
RUNTEST 8 TCK;
SDR 64 TDI (FFFFFFFFFFFFFFFF) TDO (5FFEFFFFFFFF173B) MASK (FFFFFFFFFFFFFFFF);
SIR 10 TDI (032);
RUNTEST 18 TCK;
SIR 10 TDI (026);
RUNTEST 8 TCK;
SDR 64 TDI (FFFFFFFFFFFFFFFF) TDO (5FFEFFFFFFFF173B);
SIR 10 TDI (01A);
RUNTEST 8 TCK;
SDR 320 TDI (10842108421084210842108421084210842108421084210842108421084210842108421084210842);
SIR 10 TDI (036);
RUNTEST 18 TCK;
SIR 10 TDI (026);
RUNTEST 8 TCK;
SDR 64 TDI (FFFFFFFFFFFFFFFF) TDO (FFFFFFFFFFFFFFFF) MASK (FFFFFFFFFFFFFFFF);
SIR 10 TDI (032);
RUNTEST 18 TCK;
SIR 10 TDI (026);
RUNTEST 8 TCK;
SDR 64 TDI (FFFFFFFFFFFFFFFF) TDO (FFFFFFFFFFFFFFFF);
SIR 10 TDI (01A);
RUNTEST 8 TCK;
SDR 320 TDI (08421084210842108421084210842108421084210842108421084210842108421084210842108421);
SIR 10 TDI (036);
RUNTEST 18 TCK;
SIR 10 TDI (026);
RUNTEST 8 TCK;
SDR 64 TDI (FFFFFFFFFFFFFFFF) TDO (57F2FFFBFE5F152B) MASK (FFFFFFFFFFFFFFFF);
SIR 10 TDI (032);
RUNTEST 18 TCK;
SIR 10 TDI (026);
RUNTEST 8 TCK;
SDR 64 TDI (FFFFFFFFFFFFFFFF) TDO (57F2FFFBFE5F152B);
SIR 10 TDI (01E);
RUNTEST 8 TCK;
SDR 273 TDI (000000000000000000000080000000000000000000000000000000000000000400000);
SIR 10 TDI (012);
RUNTEST 8 TCK;
SIR 10 TDI (016);
RUNTEST 8 TCK;
SDR 320 TDI (84210842108421084210842108421084210842108421084210842108421084210842108421084210);
SIR 10 TDI (01A);
RUNTEST 8 TCK;
SDR 320 TDI (84210842108421084210842108421084210842108421084210842108421084210842108421084210);
SIR 10 TDI (036);
RUNTEST 18 TCK;
SIR 10 TDI (022);
RUNTEST 8 TCK;
SDR 64 TDI (FFFFFFFFFFFFFFFF) TDO (FFFFFFFFFFFFFFFF) MASK (FFFFFFFFFFFFFFFF);
SIR 10 TDI (032);
RUNTEST 18 TCK;
SIR 10 TDI (022);
RUNTEST 8 TCK;
SDR 64 TDI (FFFFFFFFFFFFFFFF) TDO (FFFFFFFFFFFFFFFF);
SIR 10 TDI (016);
RUNTEST 8 TCK;
SDR 320 TDI (42108421084210842108421084210842108421084210842108421084210842108421084210842108);
SIR 10 TDI (036);
RUNTEST 18 TCK;
SIR 10 TDI (022);
RUNTEST 8 TCK;
SDR 64 TDI (FFFFFFFFFFFFFFFF) TDO (FFFFFFFFFFFFFFFF) MASK (FFFFFFFFFFFFFFFF);
SIR 10 TDI (032);
RUNTEST 18 TCK;
SIR 10 TDI (022);
RUNTEST 8 TCK;
SDR 64 TDI (FFFFFFFFFFFFFFFF) TDO (FFFFFFFFFFFFFFFF);
SIR 10 TDI (016);
RUNTEST 8 TCK;
SDR 320 TDI (21084210842108421084210842108421084210842108421084210842108421084210842108421084);
SIR 10 TDI (036);
RUNTEST 18 TCK;
SIR 10 TDI (022);
RUNTEST 8 TCK;
SDR 64 TDI (FFFFFFFFFFFFFFFF) TDO (1057DFFEDEFF7BFD) MASK (FFFFFFFFFFFFFFFF);
SIR 10 TDI (032);
RUNTEST 18 TCK;
SIR 10 TDI (022);
RUNTEST 8 TCK;
SDR 64 TDI (FFFFFFFFFFFFFFFF) TDO (1057DFFEDEFF7BFD);
SIR 10 TDI (016);
RUNTEST 8 TCK;
SDR 320 TDI (10842108421084210842108421084210842108421084210842108421084210842108421084210842);
SIR 10 TDI (036);
RUNTEST 18 TCK;
SIR 10 TDI (022);
RUNTEST 8 TCK;
SDR 64 TDI (FFFFFFFFFFFFFFFF) TDO (FFFFFFFFFFFFFFFF) MASK (FFFFFFFFFFFFFFFF);
SIR 10 TDI (032);
RUNTEST 18 TCK;
SIR 10 TDI (022);
RUNTEST 8 TCK;
SDR 64 TDI (FFFFFFFFFFFFFFFF) TDO (FFFFFFFFFFFFFFFF);
SIR 10 TDI (016);
RUNTEST 8 TCK;
SDR 320 TDI (08421084210842108421084210842108421084210842108421084210842108421084210842108421);
SIR 10 TDI (036);
RUNTEST 18 TCK;
SIR 10 TDI (022);
RUNTEST 8 TCK;
SDR 64 TDI (FFFFFFFFFFFFFFFF) TDO (0053DFEE80D11BFD) MASK (FFFFFFFFFFFFFFFF);
SIR 10 TDI (032);
RUNTEST 18 TCK;
SIR 10 TDI (022);
RUNTEST 8 TCK;
SDR 64 TDI (FFFFFFFFFFFFFFFF) TDO (0053DFEE80D11BFD);
SIR 10 TDI (036);
RUNTEST 18 TCK;
SIR 10 TDI (026);
RUNTEST 8 TCK;
SDR 64 TDI (FFFFFFFFFFFFFFFF) TDO (FFFFFFFFFFFFFFFF);
SIR 10 TDI (032);
RUNTEST 18 TCK;
SIR 10 TDI (026);
RUNTEST 8 TCK;
SDR 64 TDI (FFFFFFFFFFFFFFFF) TDO (FFFFFFFFFFFFFFFF);
SIR 10 TDI (01A);
RUNTEST 8 TCK;
SDR 320 TDI (42108421084210842108421084210842108421084210842108421084210842108421084210842108);
SIR 10 TDI (036);
RUNTEST 18 TCK;
SIR 10 TDI (026);
RUNTEST 8 TCK;
SDR 64 TDI (FFFFFFFFFFFFFFFF) TDO (FFFEFFFFFFFFFFFF) MASK (FFFFFFFFFFFFFFFF);
SIR 10 TDI (032);
RUNTEST 18 TCK;
SIR 10 TDI (026);
RUNTEST 8 TCK;
SDR 64 TDI (FFFFFFFFFFFFFFFF) TDO (FFFEFFFFFFFFFFFF);
SIR 10 TDI (01A);
RUNTEST 8 TCK;
SDR 320 TDI (21084210842108421084210842108421084210842108421084210842108421084210842108421084);
SIR 10 TDI (036);
RUNTEST 18 TCK;
SIR 10 TDI (026);
RUNTEST 8 TCK;
SDR 64 TDI (FFFFFFFFFFFFFFFF) TDO (5FFEFFFFFFFF173B) MASK (FFFFFFFFFFFFFFFF);
SIR 10 TDI (032);
RUNTEST 18 TCK;
SIR 10 TDI (026);
RUNTEST 8 TCK;
SDR 64 TDI (FFFFFFFFFFFFFFFF) TDO (5FFEFFFFFFFF173B);
SIR 10 TDI (01A);
RUNTEST 8 TCK;
SDR 320 TDI (10842108421084210842108421084210842108421084210842108421084210842108421084210842);
SIR 10 TDI (036);
RUNTEST 18 TCK;
SIR 10 TDI (026);
RUNTEST 8 TCK;
SDR 64 TDI (FFFFFFFFFFFFFFFF) TDO (FFFFFFFFFFFFFFFF) MASK (FFFFFFFFFFFFFFFF);
SIR 10 TDI (032);
RUNTEST 18 TCK;
SIR 10 TDI (026);
RUNTEST 8 TCK;
SDR 64 TDI (FFFFFFFFFFFFFFFF) TDO (FFFFFFFFFFFFFFFF);
SIR 10 TDI (01A);
RUNTEST 8 TCK;
SDR 320 TDI (08421084210842108421084210842108421084210842108421084210842108421084210842108421);
SIR 10 TDI (036);
RUNTEST 18 TCK;
SIR 10 TDI (026);
RUNTEST 8 TCK;
SDR 64 TDI (FFFFFFFFFFFFFFFF) TDO (57F2FFFBFE5F152B) MASK (FFFFFFFFFFFFFFFF);
SIR 10 TDI (032);
RUNTEST 18 TCK;
SIR 10 TDI (026);
RUNTEST 8 TCK;
SDR 64 TDI (FFFFFFFFFFFFFFFF) TDO (57F2FFFBFE5F152B);
SIR 10 TDI (01E);
RUNTEST 8 TCK;
SDR 273 TDI (000000000000000000000040000000000000000000000000000000000000000200000);
SIR 10 TDI (012);
RUNTEST 8 TCK;
SIR 10 TDI (016);
RUNTEST 8 TCK;
SDR 320 TDI (84210842108421084210842108421084210842108421084210842108421084210842108421084210);
SIR 10 TDI (01A);
RUNTEST 8 TCK;
SDR 320 TDI (84210842108421084210842108421084210842108421084210842108421084210842108421084210);
SIR 10 TDI (036);
RUNTEST 18 TCK;
SIR 10 TDI (022);
RUNTEST 8 TCK;
SDR 64 TDI (FFFFFFFFFFFFFFFF) TDO (FFFFFFFFFFFFFFFF) MASK (FFFFFFFFFFFFFFFF);
SIR 10 TDI (032);
RUNTEST 18 TCK;
SIR 10 TDI (022);
RUNTEST 8 TCK;
SDR 64 TDI (FFFFFFFFFFFFFFFF) TDO (FFFFFFFFFFFFFFFF);
SIR 10 TDI (016);
RUNTEST 8 TCK;
SDR 320 TDI (42108421084210842108421084210842108421084210842108421084210842108421084210842108);
SIR 10 TDI (036);
RUNTEST 18 TCK;
SIR 10 TDI (022);
RUNTEST 8 TCK;
SDR 64 TDI (FFFFFFFFFFFFFFFF) TDO (FFFFFFFFFFFFFFFF) MASK (FFFFFFFFFFFFFFFF);
SIR 10 TDI (032);
RUNTEST 18 TCK;
SIR 10 TDI (022);
RUNTEST 8 TCK;
SDR 64 TDI (FFFFFFFFFFFFFFFF) TDO (FFFFFFFFFFFFFFFF);
SIR 10 TDI (016);
RUNTEST 8 TCK;
SDR 320 TDI (21084210842108421084210842108421084210842108421084210842108421084210842108421084);
SIR 10 TDI (036);
RUNTEST 18 TCK;
SIR 10 TDI (022);
RUNTEST 8 TCK;
SDR 64 TDI (FFFFFFFFFFFFFFFF) TDO (1057DFFEDEFF7BFD) MASK (FFFFFFFFFFFFFFFF);
SIR 10 TDI (032);
RUNTEST 18 TCK;
SIR 10 TDI (022);
RUNTEST 8 TCK;
SDR 64 TDI (FFFFFFFFFFFFFFFF) TDO (1057DFFEDEFF7BFD);
SIR 10 TDI (016);
RUNTEST 8 TCK;
SDR 320 TDI (10842108421084210842108421084210842108421084210842108421084210842108421084210842);
SIR 10 TDI (036);
RUNTEST 18 TCK;
SIR 10 TDI (022);
RUNTEST 8 TCK;
SDR 64 TDI (FFFFFFFFFFFFFFFF) TDO (FFFFFFFFFFFFFFFF) MASK (FFFFFFFFFFFFFFFF);
SIR 10 TDI (032);
RUNTEST 18 TCK;
SIR 10 TDI (022);
RUNTEST 8 TCK;
SDR 64 TDI (FFFFFFFFFFFFFFFF) TDO (FFFFFFFFFFFFFFFF);
SIR 10 TDI (016);
RUNTEST 8 TCK;
SDR 320 TDI (08421084210842108421084210842108421084210842108421084210842108421084210842108421);
SIR 10 TDI (036);
RUNTEST 18 TCK;
SIR 10 TDI (022);
RUNTEST 8 TCK;
SDR 64 TDI (FFFFFFFFFFFFFFFF) TDO (0053DFEE80D11BFD) MASK (FFFFFFFFFFFFFFFF);
SIR 10 TDI (032);
RUNTEST 18 TCK;
SIR 10 TDI (022);
RUNTEST 8 TCK;
SDR 64 TDI (FFFFFFFFFFFFFFFF) TDO (0053DFEE80D11BFD);
SIR 10 TDI (036);
RUNTEST 18 TCK;
SIR 10 TDI (026);
RUNTEST 8 TCK;
SDR 64 TDI (FFFFFFFFFFFFFFFF) TDO (FFFFFFFFFFFFFFFF);
SIR 10 TDI (032);
RUNTEST 18 TCK;
SIR 10 TDI (026);
RUNTEST 8 TCK;
SDR 64 TDI (FFFFFFFFFFFFFFFF) TDO (FFFFFFFFFFFFFFFF);
SIR 10 TDI (01A);
RUNTEST 8 TCK;
SDR 320 TDI (42108421084210842108421084210842108421084210842108421084210842108421084210842108);
SIR 10 TDI (036);
RUNTEST 18 TCK;
SIR 10 TDI (026);
RUNTEST 8 TCK;
SDR 64 TDI (FFFFFFFFFFFFFFFF) TDO (FFFEFFFFFFFFFFFF) MASK (FFFFFFFFFFFFFFFF);
SIR 10 TDI (032);
RUNTEST 18 TCK;
SIR 10 TDI (026);
RUNTEST 8 TCK;
SDR 64 TDI (FFFFFFFFFFFFFFFF) TDO (FFFEFFFFFFFFFFFF);
SIR 10 TDI (01A);
RUNTEST 8 TCK;
SDR 320 TDI (21084210842108421084210842108421084210842108421084210842108421084210842108421084);
SIR 10 TDI (036);
RUNTEST 18 TCK;
SIR 10 TDI (026);
RUNTEST 8 TCK;
SDR 64 TDI (FFFFFFFFFFFFFFFF) TDO (5FFEFFFFFFFF173B) MASK (FFFFFFFFFFFFFFFF);
SIR 10 TDI (032);
RUNTEST 18 TCK;
SIR 10 TDI (026);
RUNTEST 8 TCK;
SDR 64 TDI (FFFFFFFFFFFFFFFF) TDO (5FFEFFFFFFFF173B);
SIR 10 TDI (01A);
RUNTEST 8 TCK;
SDR 320 TDI (10842108421084210842108421084210842108421084210842108421084210842108421084210842);
SIR 10 TDI (036);
RUNTEST 18 TCK;
SIR 10 TDI (026);
RUNTEST 8 TCK;
SDR 64 TDI (FFFFFFFFFFFFFFFF) TDO (FFFFFFFFFFFFFFFF) MASK (FFFFFFFFFFFFFFFF);
SIR 10 TDI (032);
RUNTEST 18 TCK;
SIR 10 TDI (026);
RUNTEST 8 TCK;
SDR 64 TDI (FFFFFFFFFFFFFFFF) TDO (FFFFFFFFFFFFFFFF);
SIR 10 TDI (01A);
RUNTEST 8 TCK;
SDR 320 TDI (08421084210842108421084210842108421084210842108421084210842108421084210842108421);
SIR 10 TDI (036);
RUNTEST 18 TCK;
SIR 10 TDI (026);
RUNTEST 8 TCK;
SDR 64 TDI (FFFFFFFFFFFFFFFF) TDO (57F2FFFBFE5F152B) MASK (FFFFFFFFFFFFFFFF);
SIR 10 TDI (032);
RUNTEST 18 TCK;
SIR 10 TDI (026);
RUNTEST 8 TCK;
SDR 64 TDI (FFFFFFFFFFFFFFFF) TDO (57F2FFFBFE5F152B);
SIR 10 TDI (01E);
RUNTEST 8 TCK;
SDR 273 TDI (000000000000000000000020000000000000000000000000000000000000000100000);
SIR 10 TDI (012);
RUNTEST 8 TCK;
SIR 10 TDI (016);
RUNTEST 8 TCK;
SDR 320 TDI (84210842108421084210842108421084210842108421084210842108421084210842108421084210);
SIR 10 TDI (01A);
RUNTEST 8 TCK;
SDR 320 TDI (84210842108421084210842108421084210842108421084210842108421084210842108421084210);
SIR 10 TDI (036);
RUNTEST 18 TCK;
SIR 10 TDI (022);
RUNTEST 8 TCK;
SDR 64 TDI (FFFFFFFFFFFFFFFF) TDO (FFFFFFFFFFFFFFFF) MASK (FFFFFFFFFFFFFFFF);
SIR 10 TDI (032);
RUNTEST 18 TCK;
SIR 10 TDI (022);
RUNTEST 8 TCK;
SDR 64 TDI (FFFFFFFFFFFFFFFF) TDO (FFFFFFFFFFFFFFFF);
SIR 10 TDI (016);
RUNTEST 8 TCK;
SDR 320 TDI (42108421084210842108421084210842108421084210842108421084210842108421084210842108);
SIR 10 TDI (036);
RUNTEST 18 TCK;
SIR 10 TDI (022);
RUNTEST 8 TCK;
SDR 64 TDI (FFFFFFFFFFFFFFFF) TDO (FFFFFFFFFFFFFFFF) MASK (FFFFFFFFFFFFFFFF);
SIR 10 TDI (032);
RUNTEST 18 TCK;
SIR 10 TDI (022);
RUNTEST 8 TCK;
SDR 64 TDI (FFFFFFFFFFFFFFFF) TDO (FFFFFFFFFFFFFFFF);
SIR 10 TDI (016);
RUNTEST 8 TCK;
SDR 320 TDI (21084210842108421084210842108421084210842108421084210842108421084210842108421084);
SIR 10 TDI (036);
RUNTEST 18 TCK;
SIR 10 TDI (022);
RUNTEST 8 TCK;
SDR 64 TDI (FFFFFFFFFFFFFFFF) TDO (1057DFFEDEFF7BFD) MASK (FFFFFFFFFFFFFFFF);
SIR 10 TDI (032);
RUNTEST 18 TCK;
SIR 10 TDI (022);
RUNTEST 8 TCK;
SDR 64 TDI (FFFFFFFFFFFFFFFF) TDO (1057DFFEDEFF7BFD);
SIR 10 TDI (016);
RUNTEST 8 TCK;
SDR 320 TDI (10842108421084210842108421084210842108421084210842108421084210842108421084210842);
SIR 10 TDI (036);
RUNTEST 18 TCK;
SIR 10 TDI (022);
RUNTEST 8 TCK;
SDR 64 TDI (FFFFFFFFFFFFFFFF) TDO (FFFFFFFFFFFFFFFF) MASK (FFFFFFFFFFFFFFFF);
SIR 10 TDI (032);
RUNTEST 18 TCK;
SIR 10 TDI (022);
RUNTEST 8 TCK;
SDR 64 TDI (FFFFFFFFFFFFFFFF) TDO (FFFFFFFFFFFFFFFF);
SIR 10 TDI (016);
RUNTEST 8 TCK;
SDR 320 TDI (08421084210842108421084210842108421084210842108421084210842108421084210842108421);
SIR 10 TDI (036);
RUNTEST 18 TCK;
SIR 10 TDI (022);
RUNTEST 8 TCK;
SDR 64 TDI (FFFFFFFFFFFFFFFF) TDO (0053DFEE80D11BFD) MASK (FFFFFFFFFFFFFFFF);
SIR 10 TDI (032);
RUNTEST 18 TCK;
SIR 10 TDI (022);
RUNTEST 8 TCK;
SDR 64 TDI (FFFFFFFFFFFFFFFF) TDO (0053DFEE80D11BFD);
SIR 10 TDI (036);
RUNTEST 18 TCK;
SIR 10 TDI (026);
RUNTEST 8 TCK;
SDR 64 TDI (FFFFFFFFFFFFFFFF) TDO (FFFFFFFFFFFFFFFF);
SIR 10 TDI (032);
RUNTEST 18 TCK;
SIR 10 TDI (026);
RUNTEST 8 TCK;
SDR 64 TDI (FFFFFFFFFFFFFFFF) TDO (FFFFFFFFFFFFFFFF);
SIR 10 TDI (01A);
RUNTEST 8 TCK;
SDR 320 TDI (42108421084210842108421084210842108421084210842108421084210842108421084210842108);
SIR 10 TDI (036);
RUNTEST 18 TCK;
SIR 10 TDI (026);
RUNTEST 8 TCK;
SDR 64 TDI (FFFFFFFFFFFFFFFF) TDO (FFFEFFFFFFFFFFFF) MASK (FFFFFFFFFFFFFFFF);
SIR 10 TDI (032);
RUNTEST 18 TCK;
SIR 10 TDI (026);
RUNTEST 8 TCK;
SDR 64 TDI (FFFFFFFFFFFFFFFF) TDO (FFFEFFFFFFFFFFFF);
SIR 10 TDI (01A);
RUNTEST 8 TCK;
SDR 320 TDI (21084210842108421084210842108421084210842108421084210842108421084210842108421084);
SIR 10 TDI (036);
RUNTEST 18 TCK;
SIR 10 TDI (026);
RUNTEST 8 TCK;
SDR 64 TDI (FFFFFFFFFFFFFFFF) TDO (5FFEFFFFFFFF173B) MASK (FFFFFFFFFFFFFFFF);
SIR 10 TDI (032);
RUNTEST 18 TCK;
SIR 10 TDI (026);
RUNTEST 8 TCK;
SDR 64 TDI (FFFFFFFFFFFFFFFF) TDO (5FFEFFFFFFFF173B);
SIR 10 TDI (01A);
RUNTEST 8 TCK;
SDR 320 TDI (10842108421084210842108421084210842108421084210842108421084210842108421084210842);
SIR 10 TDI (036);
RUNTEST 18 TCK;
SIR 10 TDI (026);
RUNTEST 8 TCK;
SDR 64 TDI (FFFFFFFFFFFFFFFF) TDO (FFFFFFFFFFFFFFFF) MASK (FFFFFFFFFFFFFFFF);
SIR 10 TDI (032);
RUNTEST 18 TCK;
SIR 10 TDI (026);
RUNTEST 8 TCK;
SDR 64 TDI (FFFFFFFFFFFFFFFF) TDO (FFFFFFFFFFFFFFFF);
SIR 10 TDI (01A);
RUNTEST 8 TCK;
SDR 320 TDI (08421084210842108421084210842108421084210842108421084210842108421084210842108421);
SIR 10 TDI (036);
RUNTEST 18 TCK;
SIR 10 TDI (026);
RUNTEST 8 TCK;
SDR 64 TDI (FFFFFFFFFFFFFFFF) TDO (57F2FFFBFE5F152B) MASK (FFFFFFFFFFFFFFFF);
SIR 10 TDI (032);
RUNTEST 18 TCK;
SIR 10 TDI (026);
RUNTEST 8 TCK;
SDR 64 TDI (FFFFFFFFFFFFFFFF) TDO (57F2FFFBFE5F152B);
SIR 10 TDI (01E);
RUNTEST 8 TCK;
SDR 273 TDI (000000000000000000000010000000000000000000000000000000000000000080000);
SIR 10 TDI (012);
RUNTEST 8 TCK;
SIR 10 TDI (016);
RUNTEST 8 TCK;
SDR 320 TDI (84210842108421084210842108421084210842108421084210842108421084210842108421084210);
SIR 10 TDI (01A);
RUNTEST 8 TCK;
SDR 320 TDI (84210842108421084210842108421084210842108421084210842108421084210842108421084210);
SIR 10 TDI (036);
RUNTEST 18 TCK;
SIR 10 TDI (022);
RUNTEST 8 TCK;
SDR 64 TDI (FFFFFFFFFFFFFFFF) TDO (FFFFFFFFFFFFFFFF) MASK (FFFFFFFFFFFFFFFF);
SIR 10 TDI (032);
RUNTEST 18 TCK;
SIR 10 TDI (022);
RUNTEST 8 TCK;
SDR 64 TDI (FFFFFFFFFFFFFFFF) TDO (FFFFFFFFFFFFFFFF);
SIR 10 TDI (016);
RUNTEST 8 TCK;
SDR 320 TDI (42108421084210842108421084210842108421084210842108421084210842108421084210842108);
SIR 10 TDI (036);
RUNTEST 18 TCK;
SIR 10 TDI (022);
RUNTEST 8 TCK;
SDR 64 TDI (FFFFFFFFFFFFFFFF) TDO (FFFFFFFFFFFFFFFF) MASK (FFFFFFFFFFFFFFFF);
SIR 10 TDI (032);
RUNTEST 18 TCK;
SIR 10 TDI (022);
RUNTEST 8 TCK;
SDR 64 TDI (FFFFFFFFFFFFFFFF) TDO (FFFFFFFFFFFFFFFF);
SIR 10 TDI (016);
RUNTEST 8 TCK;
SDR 320 TDI (21084210842108421084210842108421084210842108421084210842108421084210842108421084);
SIR 10 TDI (036);
RUNTEST 18 TCK;
SIR 10 TDI (022);
RUNTEST 8 TCK;
SDR 64 TDI (FFFFFFFFFFFFFFFF) TDO (1057DFFEDEFF7BFD) MASK (FFFFFFFFFFFFFFFF);
SIR 10 TDI (032);
RUNTEST 18 TCK;
SIR 10 TDI (022);
RUNTEST 8 TCK;
SDR 64 TDI (FFFFFFFFFFFFFFFF) TDO (1057DFFEDEFF7BFD);
SIR 10 TDI (016);
RUNTEST 8 TCK;
SDR 320 TDI (10842108421084210842108421084210842108421084210842108421084210842108421084210842);
SIR 10 TDI (036);
RUNTEST 18 TCK;
SIR 10 TDI (022);
RUNTEST 8 TCK;
SDR 64 TDI (FFFFFFFFFFFFFFFF) TDO (FFFFFFFFFFFFFFFF) MASK (FFFFFFFFFFFFFFFF);
SIR 10 TDI (032);
RUNTEST 18 TCK;
SIR 10 TDI (022);
RUNTEST 8 TCK;
SDR 64 TDI (FFFFFFFFFFFFFFFF) TDO (FFFFFFFFFFFFFFFF);
SIR 10 TDI (016);
RUNTEST 8 TCK;
SDR 320 TDI (08421084210842108421084210842108421084210842108421084210842108421084210842108421);
SIR 10 TDI (036);
RUNTEST 18 TCK;
SIR 10 TDI (022);
RUNTEST 8 TCK;
SDR 64 TDI (FFFFFFFFFFFFFFFF) TDO (0053DFEE80D11BFD) MASK (FFFFFFFFFFFFFFFF);
SIR 10 TDI (032);
RUNTEST 18 TCK;
SIR 10 TDI (022);
RUNTEST 8 TCK;
SDR 64 TDI (FFFFFFFFFFFFFFFF) TDO (0053DFEE80D11BFD);
SIR 10 TDI (036);
RUNTEST 18 TCK;
SIR 10 TDI (026);
RUNTEST 8 TCK;
SDR 64 TDI (FFFFFFFFFFFFFFFF) TDO (FFFFFFFFFFFFFFFF);
SIR 10 TDI (032);
RUNTEST 18 TCK;
SIR 10 TDI (026);
RUNTEST 8 TCK;
SDR 64 TDI (FFFFFFFFFFFFFFFF) TDO (FFFFFFFFFFFFFFFF);
SIR 10 TDI (01A);
RUNTEST 8 TCK;
SDR 320 TDI (42108421084210842108421084210842108421084210842108421084210842108421084210842108);
SIR 10 TDI (036);
RUNTEST 18 TCK;
SIR 10 TDI (026);
RUNTEST 8 TCK;
SDR 64 TDI (FFFFFFFFFFFFFFFF) TDO (FFFEFFFFFFFFFFFF) MASK (FFFFFFFFFFFFFFFF);
SIR 10 TDI (032);
RUNTEST 18 TCK;
SIR 10 TDI (026);
RUNTEST 8 TCK;
SDR 64 TDI (FFFFFFFFFFFFFFFF) TDO (FFFEFFFFFFFFFFFF);
SIR 10 TDI (01A);
RUNTEST 8 TCK;
SDR 320 TDI (21084210842108421084210842108421084210842108421084210842108421084210842108421084);
SIR 10 TDI (036);
RUNTEST 18 TCK;
SIR 10 TDI (026);
RUNTEST 8 TCK;
SDR 64 TDI (FFFFFFFFFFFFFFFF) TDO (5FFEFFFFFFFF173B) MASK (FFFFFFFFFFFFFFFF);
SIR 10 TDI (032);
RUNTEST 18 TCK;
SIR 10 TDI (026);
RUNTEST 8 TCK;
SDR 64 TDI (FFFFFFFFFFFFFFFF) TDO (5FFEFFFFFFFF173B);
SIR 10 TDI (01A);
RUNTEST 8 TCK;
SDR 320 TDI (10842108421084210842108421084210842108421084210842108421084210842108421084210842);
SIR 10 TDI (036);
RUNTEST 18 TCK;
SIR 10 TDI (026);
RUNTEST 8 TCK;
SDR 64 TDI (FFFFFFFFFFFFFFFF) TDO (FFFFFFFFFFFFFFFF) MASK (FFFFFFFFFFFFFFFF);
SIR 10 TDI (032);
RUNTEST 18 TCK;
SIR 10 TDI (026);
RUNTEST 8 TCK;
SDR 64 TDI (FFFFFFFFFFFFFFFF) TDO (FFFFFFFFFFFFFFFF);
SIR 10 TDI (01A);
RUNTEST 8 TCK;
SDR 320 TDI (08421084210842108421084210842108421084210842108421084210842108421084210842108421);
SIR 10 TDI (036);
RUNTEST 18 TCK;
SIR 10 TDI (026);
RUNTEST 8 TCK;
SDR 64 TDI (FFFFFFFFFFFFFFFF) TDO (57F2FFFBFE5F152B) MASK (FFFFFFFFFFFFFFFF);
SIR 10 TDI (032);
RUNTEST 18 TCK;
SIR 10 TDI (026);
RUNTEST 8 TCK;
SDR 64 TDI (FFFFFFFFFFFFFFFF) TDO (57F2FFFBFE5F152B);
SIR 10 TDI (01E);
RUNTEST 8 TCK;
SDR 273 TDI (000000000000000000000008000000000000000000000000000000000000000040000);
SIR 10 TDI (012);
RUNTEST 8 TCK;
SIR 10 TDI (016);
RUNTEST 8 TCK;
SDR 320 TDI (84210842108421084210842108421084210842108421084210842108421084210842108421084210);
SIR 10 TDI (01A);
RUNTEST 8 TCK;
SDR 320 TDI (84210842108421084210842108421084210842108421084210842108421084210842108421084210);
SIR 10 TDI (036);
RUNTEST 18 TCK;
SIR 10 TDI (022);
RUNTEST 8 TCK;
SDR 64 TDI (FFFFFFFFFFFFFFFF) TDO (FFFFFEFFFF7FFDFA) MASK (FFFFFFFFFFFFFFFF);
SIR 10 TDI (032);
RUNTEST 18 TCK;
SIR 10 TDI (022);
RUNTEST 8 TCK;
SDR 64 TDI (FFFFFFFFFFFFFFFF) TDO (FFFFFEFFFF7FFDFA);
SIR 10 TDI (036);
RUNTEST 18 TCK;
SIR 10 TDI (026);
RUNTEST 8 TCK;
SDR 64 TDI (FFFFFFFFFFFFFFFF) TDO (FFFDF7FFFFFFFAD6);
SIR 10 TDI (032);
RUNTEST 18 TCK;
SIR 10 TDI (026);
RUNTEST 8 TCK;
SDR 64 TDI (FFFFFFFFFFFFFFFF) TDO (FFFDF7FFFFFFFAD6);
SIR 10 TDI (01E);
RUNTEST 8 TCK;
SDR 273 TDI (000000000000000000000004000000000000000000000000000000000000000020000);
SIR 10 TDI (012);
RUNTEST 8 TCK;
SIR 10 TDI (016);
RUNTEST 8 TCK;
SDR 320 TDI (84210842108421084210842108421084210842108421084210842108421084210842108421084210);
SIR 10 TDI (01A);
RUNTEST 8 TCK;
SDR 320 TDI (84210842108421084210842108421084210842108421084210842108421084210842108421084210);
SIR 10 TDI (036);
RUNTEST 18 TCK;
SIR 10 TDI (022);
RUNTEST 8 TCK;
SDR 64 TDI (FFFFFFFFFFFFFFFF) TDO (00000C2E801019F8) MASK (FFFFFFFFFFFFFFFF);
SIR 10 TDI (032);
RUNTEST 18 TCK;
SIR 10 TDI (022);
RUNTEST 8 TCK;
SDR 64 TDI (FFFFFFFFFFFFFFFF) TDO (00000C2E801019F8);
SIR 10 TDI (036);
RUNTEST 18 TCK;
SIR 10 TDI (026);
RUNTEST 8 TCK;
SDR 64 TDI (FFFFFFFFFFFFFFFF) TDO (1650D283565F1002);
SIR 10 TDI (032);
RUNTEST 18 TCK;
SIR 10 TDI (026);
RUNTEST 8 TCK;
SDR 64 TDI (FFFFFFFFFFFFFFFF) TDO (1650D283565F1002);
SIR 10 TDI (01E);
RUNTEST 8 TCK;
SDR 273 TDI (000000000000000000000002000000000000000000000000000000000000000010000);
SIR 10 TDI (012);
RUNTEST 8 TCK;
SIR 10 TDI (016);
RUNTEST 8 TCK;
SDR 320 TDI (84210842108421084210842108421084210842108421084210842108421084210842108421084210);
SIR 10 TDI (01A);
RUNTEST 8 TCK;
SDR 320 TDI (84210842108421084210842108421084210842108421084210842108421084210842108421084210);
SIR 10 TDI (036);
RUNTEST 18 TCK;
SIR 10 TDI (022);
RUNTEST 8 TCK;
SDR 64 TDI (FFFFFFFFFFFFFFFF) TDO (EFFAFDFFF77E9DFA) MASK (FFFFFFFFFFFFFFFF);
SIR 10 TDI (032);
RUNTEST 18 TCK;
SIR 10 TDI (022);
RUNTEST 8 TCK;
SDR 64 TDI (FFFFFFFFFFFFFFFF) TDO (EFFAFDFFF77E9DFA);
SIR 10 TDI (036);
RUNTEST 18 TCK;
SIR 10 TDI (026);
RUNTEST 8 TCK;
SDR 64 TDI (FFFFFFFFFFFFFFFF) TDO (F7F3D7F3FE5FF8D6);
SIR 10 TDI (032);
RUNTEST 18 TCK;
SIR 10 TDI (026);
RUNTEST 8 TCK;
SDR 64 TDI (FFFFFFFFFFFFFFFF) TDO (F7F3D7F3FE5FF8D6);
SIR 10 TDI (01E);
RUNTEST 8 TCK;
SDR 273 TDI (000000000000000000000001000000000000000000000000000000000000000008000);
SIR 10 TDI (012);
RUNTEST 8 TCK;
SIR 10 TDI (016);
RUNTEST 8 TCK;
SDR 320 TDI (84210842108421084210842108421084210842108421084210842108421084210842108421084210);
SIR 10 TDI (01A);
RUNTEST 8 TCK;
SDR 320 TDI (84210842108421084210842108421084210842108421084210842108421084210842108421084210);
SIR 10 TDI (036);
RUNTEST 18 TCK;
SIR 10 TDI (022);
RUNTEST 8 TCK;
SDR 64 TDI (FFFFFFFFFFFFFFFF) TDO (EFA82D3FFF3EFDFA) MASK (FFFFFFFFFFFFFFFF);
SIR 10 TDI (032);
RUNTEST 18 TCK;
SIR 10 TDI (022);
RUNTEST 8 TCK;
SDR 64 TDI (FFFFFFFFFFFFFFFF) TDO (EFA82D3FFF3EFDFA);
SIR 10 TDI (036);
RUNTEST 18 TCK;
SIR 10 TDI (026);
RUNTEST 8 TCK;
SDR 64 TDI (FFFFFFFFFFFFFFFF) TDO (BE55D28757FFFAD6);
SIR 10 TDI (032);
RUNTEST 18 TCK;
SIR 10 TDI (026);
RUNTEST 8 TCK;
SDR 64 TDI (FFFFFFFFFFFFFFFF) TDO (BE55D28757FFFAD6);
SIR 10 TDI (01E);
RUNTEST 8 TCK;
SDR 273 TDI (000000000000000000000000800000000000000000000000000000000000000004000);
SIR 10 TDI (012);
RUNTEST 8 TCK;
SIR 10 TDI (016);
RUNTEST 8 TCK;
SDR 320 TDI (84210842108421084210842108421084210842108421084210842108421084210842108421084210);
SIR 10 TDI (01A);
RUNTEST 8 TCK;
SDR 320 TDI (84210842108421084210842108421084210842108421084210842108421084210842108421084210);
SIR 10 TDI (036);
RUNTEST 18 TCK;
SIR 10 TDI (022);
RUNTEST 8 TCK;
SDR 64 TDI (FFFFFFFFFFFFFFFF) TDO (0000000000000000) MASK (FFFFFFFFFFFFFFFF);
SIR 10 TDI (032);
RUNTEST 18 TCK;
SIR 10 TDI (022);
RUNTEST 8 TCK;
SDR 64 TDI (FFFFFFFFFFFFFFFF) TDO (0000000000000000);
SIR 10 TDI (036);
RUNTEST 18 TCK;
SIR 10 TDI (026);
RUNTEST 8 TCK;
SDR 64 TDI (FFFFFFFFFFFFFFFF) TDO (0000000000000000);
SIR 10 TDI (032);
RUNTEST 18 TCK;
SIR 10 TDI (026);
RUNTEST 8 TCK;
SDR 64 TDI (FFFFFFFFFFFFFFFF) TDO (0000000000000000);
SIR 10 TDI (01E);
RUNTEST 8 TCK;
SDR 273 TDI (000000000000000000000000400000000000000000000000000000000000000002000);
SIR 10 TDI (012);
RUNTEST 8 TCK;
SIR 10 TDI (016);
RUNTEST 8 TCK;
SDR 320 TDI (84210842108421084210842108421084210842108421084210842108421084210842108421084210);
SIR 10 TDI (01A);
RUNTEST 8 TCK;
SDR 320 TDI (84210842108421084210842108421084210842108421084210842108421084210842108421084210);
SIR 10 TDI (036);
RUNTEST 18 TCK;
SIR 10 TDI (022);
RUNTEST 8 TCK;
SDR 64 TDI (FFFFFFFFFFFFFFFF) TDO (A9A80E2EA8917FFF) MASK (FFFFFFFFFFFFFFFF);
SIR 10 TDI (032);
RUNTEST 18 TCK;
SIR 10 TDI (022);
RUNTEST 8 TCK;
SDR 64 TDI (FFFFFFFFFFFFFFFF) TDO (A9A80E2EA8917FFF);
SIR 10 TDI (036);
RUNTEST 18 TCK;
SIR 10 TDI (026);
RUNTEST 8 TCK;
SDR 64 TDI (FFFFFFFFFFFFFFFF) TDO (BE5DD28F57FFFFEF);
SIR 10 TDI (032);
RUNTEST 18 TCK;
SIR 10 TDI (026);
RUNTEST 8 TCK;
SDR 64 TDI (FFFFFFFFFFFFFFFF) TDO (BE5DD28F57FFFFEF);
SIR 10 TDI (01E);
RUNTEST 8 TCK;
SDR 273 TDI (000000000000000000000000200000000000000000000000000000000000000001000);
SIR 10 TDI (012);
RUNTEST 8 TCK;
SIR 10 TDI (016);
RUNTEST 8 TCK;
SDR 320 TDI (84210842108421084210842108421084210842108421084210842108421084210842108421084210);
SIR 10 TDI (01A);
RUNTEST 8 TCK;
SDR 320 TDI (84210842108421084210842108421084210842108421084210842108421084210842108421084210);
SIR 10 TDI (036);
RUNTEST 18 TCK;
SIR 10 TDI (022);
RUNTEST 8 TCK;
SDR 64 TDI (FFFFFFFFFFFFFFFF) TDO (0000000000000000) MASK (FFFFFFFFFFFFFFFF);
SIR 10 TDI (032);
RUNTEST 18 TCK;
SIR 10 TDI (022);
RUNTEST 8 TCK;
SDR 64 TDI (FFFFFFFFFFFFFFFF) TDO (0000000000000000);
SIR 10 TDI (036);
RUNTEST 18 TCK;
SIR 10 TDI (026);
RUNTEST 8 TCK;
SDR 64 TDI (FFFFFFFFFFFFFFFF) TDO (0000000000000000);
SIR 10 TDI (032);
RUNTEST 18 TCK;
SIR 10 TDI (026);
RUNTEST 8 TCK;
SDR 64 TDI (FFFFFFFFFFFFFFFF) TDO (0000000000000000);
SIR 10 TDI (01E);
RUNTEST 8 TCK;
SDR 273 TDI (000000000000000000000000100000000000000000000000000000000000000000800);
SIR 10 TDI (012);
RUNTEST 8 TCK;
SIR 10 TDI (016);
RUNTEST 8 TCK;
SDR 320 TDI (84210842108421084210842108421084210842108421084210842108421084210842108421084210);
SIR 10 TDI (01A);
RUNTEST 8 TCK;
SDR 320 TDI (84210842108421084210842108421084210842108421084210842108421084210842108421084210);
SIR 10 TDI (036);
RUNTEST 18 TCK;
SIR 10 TDI (022);
RUNTEST 8 TCK;
SDR 64 TDI (FFFFFFFFFFFFFFFF) TDO (0000020000000402) MASK (FFFFFFFFFFFFFFFF);
SIR 10 TDI (032);
RUNTEST 18 TCK;
SIR 10 TDI (022);
RUNTEST 8 TCK;
SDR 64 TDI (FFFFFFFFFFFFFFFF) TDO (0000020000000402);
SIR 10 TDI (036);
RUNTEST 18 TCK;
SIR 10 TDI (026);
RUNTEST 8 TCK;
SDR 64 TDI (FFFFFFFFFFFFFFFF) TDO (0004000000000A40);
SIR 10 TDI (032);
RUNTEST 18 TCK;
SIR 10 TDI (026);
RUNTEST 8 TCK;
SDR 64 TDI (FFFFFFFFFFFFFFFF) TDO (0004000000000A40);
SIR 10 TDI (01E);
RUNTEST 8 TCK;
SDR 273 TDI (000000000000000000000000080000000000000000000000000000000000000000400);
SIR 10 TDI (012);
RUNTEST 8 TCK;
SIR 10 TDI (016);
RUNTEST 8 TCK;
SDR 320 TDI (84210842108421084210842108421084210842108421084210842108421084210842108421084210);
SIR 10 TDI (01A);
RUNTEST 8 TCK;
SDR 320 TDI (84210842108421084210842108421084210842108421084210842108421084210842108421084210);
SIR 10 TDI (036);
RUNTEST 18 TCK;
SIR 10 TDI (022);
RUNTEST 8 TCK;
SDR 64 TDI (FFFFFFFFFFFFFFFF) TDO (0052D0C000000000) MASK (FFFFFFFFFFFFFFFF);
SIR 10 TDI (032);
RUNTEST 18 TCK;
SIR 10 TDI (022);
RUNTEST 8 TCK;
SDR 64 TDI (FFFFFFFFFFFFFFFF) TDO (0052D0C000000000);
SIR 10 TDI (036);
RUNTEST 18 TCK;
SIR 10 TDI (026);
RUNTEST 8 TCK;
SDR 64 TDI (FFFFFFFFFFFFFFFF) TDO (41A00570A8000000);
SIR 10 TDI (032);
RUNTEST 18 TCK;
SIR 10 TDI (026);
RUNTEST 8 TCK;
SDR 64 TDI (FFFFFFFFFFFFFFFF) TDO (41A00570A8000000);
SIR 10 TDI (01E);
RUNTEST 8 TCK;
SDR 273 TDI (000000000000000000000000040000000000000000000000000000000000000000200);
SIR 10 TDI (012);
RUNTEST 8 TCK;
SIR 10 TDI (016);
RUNTEST 8 TCK;
SDR 320 TDI (84210842108421084210842108421084210842108421084210842108421084210842108421084210);
SIR 10 TDI (01A);
RUNTEST 8 TCK;
SDR 320 TDI (84210842108421084210842108421084210842108421084210842108421084210842108421084210);
SIR 10 TDI (036);
RUNTEST 18 TCK;
SIR 10 TDI (022);
RUNTEST 8 TCK;
SDR 64 TDI (FFFFFFFFFFFFFFFF) TDO (1004000008000000) MASK (FFFFFFFFFFFFFFFF);
SIR 10 TDI (032);
RUNTEST 18 TCK;
SIR 10 TDI (022);
RUNTEST 8 TCK;
SDR 64 TDI (FFFFFFFFFFFFFFFF) TDO (1004000008000000);
SIR 10 TDI (036);
RUNTEST 18 TCK;
SIR 10 TDI (026);
RUNTEST 8 TCK;
SDR 64 TDI (FFFFFFFFFFFFFFFF) TDO (0001000000000000);
SIR 10 TDI (032);
RUNTEST 18 TCK;
SIR 10 TDI (026);
RUNTEST 8 TCK;
SDR 64 TDI (FFFFFFFFFFFFFFFF) TDO (0001000000000000);
SIR 10 TDI (01E);
RUNTEST 8 TCK;
SDR 273 TDI (000000000000000000000000020000000000000000000000000000000000000000100);
SIR 10 TDI (012);
RUNTEST 8 TCK;
SIR 10 TDI (016);
RUNTEST 8 TCK;
SDR 320 TDI (84210842108421084210842108421084210842108421084210842108421084210842108421084210);
SIR 10 TDI (01A);
RUNTEST 8 TCK;
SDR 320 TDI (84210842108421084210842108421084210842108421084210842108421084210842108421084210);
SIR 10 TDI (036);
RUNTEST 18 TCK;
SIR 10 TDI (022);
RUNTEST 8 TCK;
SDR 64 TDI (FFFFFFFFFFFFFFFF) TDO (A9A8000028816205) MASK (FFFFFFFFFFFFFFFF);
SIR 10 TDI (032);
RUNTEST 18 TCK;
SIR 10 TDI (022);
RUNTEST 8 TCK;
SDR 64 TDI (FFFFFFFFFFFFFFFF) TDO (A9A8000028816205);
SIR 10 TDI (036);
RUNTEST 18 TCK;
SIR 10 TDI (026);
RUNTEST 8 TCK;
SDR 64 TDI (FFFFFFFFFFFFFFFF) TDO (A809000C01A0E5AD);
SIR 10 TDI (032);
RUNTEST 18 TCK;
SIR 10 TDI (026);
RUNTEST 8 TCK;
SDR 64 TDI (FFFFFFFFFFFFFFFF) TDO (A809000C01A0E5AD);
SIR 10 TDI (01E);
RUNTEST 8 TCK;
SDR 273 TDI (000000000000000000000000010000000000000000000000000000000000000000080);
SIR 10 TDI (012);
RUNTEST 8 TCK;
SIR 10 TDI (016);
RUNTEST 8 TCK;
SDR 320 TDI (84210842108421084210842108421084210842108421084210842108421084210842108421084210);
SIR 10 TDI (01A);
RUNTEST 8 TCK;
SDR 320 TDI (84210842108421084210842108421084210842108421084210842108421084210842108421084210);
SIR 10 TDI (036);
RUNTEST 18 TCK;
SIR 10 TDI (022);
RUNTEST 8 TCK;
SDR 64 TDI (FFFFFFFFFFFFFFFF) TDO (FFFFFFFEF77FFFFF) MASK (FFFFFFFFFFFFFFFF);
SIR 10 TDI (032);
RUNTEST 18 TCK;
SIR 10 TDI (022);
RUNTEST 8 TCK;
SDR 64 TDI (FFFFFFFFFFFFFFFF) TDO (FFFFFFFEF77FFFFF);
SIR 10 TDI (036);
RUNTEST 18 TCK;
SIR 10 TDI (026);
RUNTEST 8 TCK;
SDR 64 TDI (FFFFFFFFFFFFFFFF) TDO (DFFFFFFFFFFFBFFF);
SIR 10 TDI (032);
RUNTEST 18 TCK;
SIR 10 TDI (026);
RUNTEST 8 TCK;
SDR 64 TDI (FFFFFFFFFFFFFFFF) TDO (DFFFFFFFFFFFBFFF);
SIR 10 TDI (01E);
RUNTEST 8 TCK;
SDR 273 TDI (000000000000000000000000008000000000000000000000000000000000000000040);
SIR 10 TDI (012);
RUNTEST 8 TCK;
SIR 10 TDI (016);
RUNTEST 8 TCK;
SDR 320 TDI (84210842108421084210842108421084210842108421084210842108421084210842108421084210);
SIR 10 TDI (01A);
RUNTEST 8 TCK;
SDR 320 TDI (84210842108421084210842108421084210842108421084210842108421084210842108421084210);
SIR 10 TDI (036);
RUNTEST 18 TCK;
SIR 10 TDI (022);
RUNTEST 8 TCK;
SDR 64 TDI (FFFFFFFFFFFFFFFF) TDO (BDFFFFFFFEFF7FFF) MASK (FFFFFFFFFFFFFFFF);
SIR 10 TDI (032);
RUNTEST 18 TCK;
SIR 10 TDI (022);
RUNTEST 8 TCK;
SDR 64 TDI (FFFFFFFFFFFFFFFF) TDO (BDFFFFFFFEFF7FFF);
SIR 10 TDI (036);
RUNTEST 18 TCK;
SIR 10 TDI (026);
RUNTEST 8 TCK;
SDR 64 TDI (FFFFFFFFFFFFFFFF) TDO (FFFFFFFFFFFFFFFF);
SIR 10 TDI (032);
RUNTEST 18 TCK;
SIR 10 TDI (026);
RUNTEST 8 TCK;
SDR 64 TDI (FFFFFFFFFFFFFFFF) TDO (FFFFFFFFFFFFFFFF);
SIR 10 TDI (01E);
RUNTEST 8 TCK;
SDR 273 TDI (000000000000000000000000004000000000000000000000000000000000000000020);
SIR 10 TDI (012);
RUNTEST 8 TCK;
SIR 10 TDI (016);
RUNTEST 8 TCK;
SDR 320 TDI (84210842108421084210842108421084210842108421084210842108421084210842108421084210);
SIR 10 TDI (01A);
RUNTEST 8 TCK;
SDR 320 TDI (84210842108421084210842108421084210842108421084210842108421084210842108421084210);
SIR 10 TDI (036);
RUNTEST 18 TCK;
SIR 10 TDI (022);
RUNTEST 8 TCK;
SDR 64 TDI (FFFFFFFFFFFFFFFF) TDO (FFFED2D25ED6F2D7) MASK (FFFFFFFFFFFFFFFF);
SIR 10 TDI (032);
RUNTEST 18 TCK;
SIR 10 TDI (022);
RUNTEST 8 TCK;
SDR 64 TDI (FFFFFFFFFFFFFFFF) TDO (FFFED2D25ED6F2D7);
SIR 10 TDI (036);
RUNTEST 18 TCK;
SIR 10 TDI (026);
RUNTEST 8 TCK;
SDR 64 TDI (FFFFFFFFFFFFFFFF) TDO (FFF7FFFEFFF7D7FF);
SIR 10 TDI (032);
RUNTEST 18 TCK;
SIR 10 TDI (026);
RUNTEST 8 TCK;
SDR 64 TDI (FFFFFFFFFFFFFFFF) TDO (FFF7FFFEFFF7D7FF);
SIR 10 TDI (01E);
RUNTEST 8 TCK;
SDR 273 TDI (000000000000000000000000002000000000000000000000000000000000000000010);
SIR 10 TDI (012);
RUNTEST 8 TCK;
SIR 10 TDI (016);
RUNTEST 8 TCK;
SDR 320 TDI (84210842108421084210842108421084210842108421084210842108421084210842108421084210);
SIR 10 TDI (01A);
RUNTEST 8 TCK;
SDR 320 TDI (84210842108421084210842108421084210842108421084210842108421084210842108421084210);
SIR 10 TDI (036);
RUNTEST 18 TCK;
SIR 10 TDI (022);
RUNTEST 8 TCK;
SDR 64 TDI (FFFFFFFFFFFFFFFF) TDO (5656D2D25ED6F2D2) MASK (FFFFFFFFFFFFFFFF);
SIR 10 TDI (032);
RUNTEST 18 TCK;
SIR 10 TDI (022);
RUNTEST 8 TCK;
SDR 64 TDI (FFFFFFFFFFFFFFFF) TDO (5656D2D25ED6F2D2);
SIR 10 TDI (036);
RUNTEST 18 TCK;
SIR 10 TDI (026);
RUNTEST 8 TCK;
SDR 64 TDI (FFFFFFFFFFFFFFFF) TDO (7FFFFFFEFFF7D2D2);
SIR 10 TDI (032);
RUNTEST 18 TCK;
SIR 10 TDI (026);
RUNTEST 8 TCK;
SDR 64 TDI (FFFFFFFFFFFFFFFF) TDO (7FFFFFFEFFF7D2D2);
SIR 10 TDI (01E);
RUNTEST 8 TCK;
SDR 273 TDI (000000000000000000000000001000000000000000000000000000000000000000008);
SIR 10 TDI (012);
RUNTEST 8 TCK;
SIR 10 TDI (016);
RUNTEST 8 TCK;
SDR 320 TDI (84210842108421084210842108421084210842108421084210842108421084210842108421084210);
SIR 10 TDI (01A);
RUNTEST 8 TCK;
SDR 320 TDI (84210842108421084210842108421084210842108421084210842108421084210842108421084210);
SIR 10 TDI (036);
RUNTEST 18 TCK;
SIR 10 TDI (022);
RUNTEST 8 TCK;
SDR 64 TDI (FFFFFFFFFFFFFFFF) TDO (5657FFFFFFFFFFFF) MASK (FFFFFFFFFFFFFFFF);
SIR 10 TDI (032);
RUNTEST 18 TCK;
SIR 10 TDI (022);
RUNTEST 8 TCK;
SDR 64 TDI (FFFFFFFFFFFFFFFF) TDO (5657FFFFFFFFFFFF);
SIR 10 TDI (036);
RUNTEST 18 TCK;
SIR 10 TDI (026);
RUNTEST 8 TCK;
SDR 64 TDI (FFFFFFFFFFFFFFFF) TDO (7FFFFFFFFFFFFFFF);
SIR 10 TDI (032);
RUNTEST 18 TCK;
SIR 10 TDI (026);
RUNTEST 8 TCK;
SDR 64 TDI (FFFFFFFFFFFFFFFF) TDO (7FFFFFFFFFFFFFFF);
SIR 10 TDI (01E);
RUNTEST 8 TCK;
SDR 273 TDI (000000000000000000000000000800000000000000000000000000000000000000004);
SIR 10 TDI (012);
RUNTEST 8 TCK;
SIR 10 TDI (016);
RUNTEST 8 TCK;
SDR 320 TDI (84210842108421084210842108421084210842108421084210842108421084210842108421084210);
SIR 10 TDI (01A);
RUNTEST 8 TCK;
SDR 320 TDI (84210842108421084210842108421084210842108421084210842108421084210842108421084210);
SIR 10 TDI (036);
RUNTEST 18 TCK;
SIR 10 TDI (022);
RUNTEST 8 TCK;
SDR 64 TDI (FFFFFFFFFFFFFFFF) TDO (FFFFFFFFFFFFFFFF) MASK (FFFFFFFFFFFFFFFF);
SIR 10 TDI (032);
RUNTEST 18 TCK;
SIR 10 TDI (022);
RUNTEST 8 TCK;
SDR 64 TDI (FFFFFFFFFFFFFFFF) TDO (FFFFFFFFFFFFFFFF);
SIR 10 TDI (036);
RUNTEST 18 TCK;
SIR 10 TDI (026);
RUNTEST 8 TCK;
SDR 64 TDI (FFFFFFFFFFFFFFFF) TDO (FFFFFFFFFFFFFFFF);
SIR 10 TDI (032);
RUNTEST 18 TCK;
SIR 10 TDI (026);
RUNTEST 8 TCK;
SDR 64 TDI (FFFFFFFFFFFFFFFF) TDO (FFFFFFFFFFFFFFFF);
SIR 10 TDI (01E);
RUNTEST 8 TCK;
SDR 273 TDI (000000000000000000000000000400000000000000000000000000000000000000002);
SIR 10 TDI (012);
RUNTEST 8 TCK;
SIR 10 TDI (016);
RUNTEST 8 TCK;
SDR 320 TDI (84210842108421084210842108421084210842108421084210842108421084210842108421084210);
SIR 10 TDI (01A);
RUNTEST 8 TCK;
SDR 320 TDI (84210842108421084210842108421084210842108421084210842108421084210842108421084210);
SIR 10 TDI (036);
RUNTEST 18 TCK;
SIR 10 TDI (022);
RUNTEST 8 TCK;
SDR 64 TDI (FFFFFFFFFFFFFFFF) TDO (FFFFFFFFFFFFFFFF) MASK (FFFFFFFFFFFFFFFF);
SIR 10 TDI (032);
RUNTEST 18 TCK;
SIR 10 TDI (022);
RUNTEST 8 TCK;
SDR 64 TDI (FFFFFFFFFFFFFFFF) TDO (FFFFFFFFFFFFFFFF);
SIR 10 TDI (036);
RUNTEST 18 TCK;
SIR 10 TDI (026);
RUNTEST 8 TCK;
SDR 64 TDI (FFFFFFFFFFFFFFFF) TDO (FFFFFFFFFFFFFFFF);
SIR 10 TDI (032);
RUNTEST 18 TCK;
SIR 10 TDI (026);
RUNTEST 8 TCK;
SDR 64 TDI (FFFFFFFFFFFFFFFF) TDO (FFFFFFFFFFFFFFFF);
SIR 10 TDI (01E);
RUNTEST 8 TCK;
SDR 273 TDI (000000000000000000000000000200000000000000000000000000000000000000001);
SIR 10 TDI (012);
RUNTEST 8 TCK;
SIR 10 TDI (016);
RUNTEST 8 TCK;
SDR 320 TDI (84210842108421084210842108421084210842108421084210842108421084210842108421084210);
SIR 10 TDI (01A);
RUNTEST 8 TCK;
SDR 320 TDI (84210842108421084210842108421084210842108421084210842108421084210842108421084210);
SIR 10 TDI (036);
RUNTEST 18 TCK;
SIR 10 TDI (022);
RUNTEST 8 TCK;
SDR 64 TDI (FFFFFFFFFFFFFFFF) TDO (FFFFFFFFFFFFFFFF) MASK (FFFFFFFFFFFFFFFF);
SIR 10 TDI (032);
RUNTEST 18 TCK;
SIR 10 TDI (022);
RUNTEST 8 TCK;
SDR 64 TDI (FFFFFFFFFFFFFFFF) TDO (FFFFFFFFFFFFFFFF);
SIR 10 TDI (036);
RUNTEST 18 TCK;
SIR 10 TDI (026);
RUNTEST 8 TCK;
SDR 64 TDI (FFFFFFFFFFFFFFFF) TDO (FFFEFFFFFFFFFFFF);
SIR 10 TDI (032);
RUNTEST 18 TCK;
SIR 10 TDI (026);
RUNTEST 8 TCK;
SDR 64 TDI (FFFFFFFFFFFFFFFF) TDO (FFFEFFFFFFFFFFFF);
SIR 10 TDI (01E);
RUNTEST 8 TCK;
SDR 273 TDI (000000000000000000000000000080000000000000000000000000000000000000000);
SIR 10 TDI (012);
RUNTEST 8 TCK;
SIR 10 TDI (016);
RUNTEST 8 TCK;
SDR 320 TDI (84210842108421084210842108421084210842108421084210842108421084210842108421084210);
SIR 10 TDI (01A);
RUNTEST 8 TCK;
SDR 320 TDI (84210842108421084210842108421084210842108421084210842108421084210842108421084210);
SIR 10 TDI (036);
RUNTEST 18 TCK;
SIR 10 TDI (022);
RUNTEST 8 TCK;
SDR 64 TDI (FFFFFFFFFFFFFFFF) TDO (FF5FFFDFFF5FFFFF) MASK (FFFFFFFFFFFFFFFF);
SIR 10 TDI (032);
RUNTEST 18 TCK;
SIR 10 TDI (022);
RUNTEST 8 TCK;
SDR 64 TDI (FFFFFFFFFFFFFFFF) TDO (FF5FFFDFFF5FFFFF);
SIR 10 TDI (036);
RUNTEST 18 TCK;
SIR 10 TDI (026);
RUNTEST 8 TCK;
SDR 64 TDI (FFFFFFFFFFFFFFFF) TDO (FFFFFFFFEFFFFFFF) MASK (FFFFFFFFEFFFFFFF);
SIR 10 TDI (032);
RUNTEST 18 TCK;
SIR 10 TDI (026);
RUNTEST 8 TCK;
SDR 64 TDI (FFFFFFFFFFFFFFFF) TDO (FFFFFFFFEFFFFFFF);
SIR 10 TDI (01E);
RUNTEST 8 TCK;
SDR 273 TDI (000000000000000000000000000040000000000000000000000000000000000000000);
SIR 10 TDI (012);
RUNTEST 8 TCK;
SIR 10 TDI (016);
RUNTEST 8 TCK;
SDR 320 TDI (84210842108421084210842108421084210842108421084210842108421084210842108421084210);
SIR 10 TDI (01A);
RUNTEST 8 TCK;
SDR 320 TDI (84210842108421084210842108421084210842108421084210842108421084210842108421084210);
SIR 10 TDI (036);
RUNTEST 18 TCK;
SIR 10 TDI (022);
RUNTEST 8 TCK;
SDR 64 TDI (FFFFFFFFFFFFFFFF) TDO (FFFFFFFFFFFFFFFF) MASK (FFFFFFFFFFFFFFFF);
SIR 10 TDI (032);
RUNTEST 18 TCK;
SIR 10 TDI (022);
RUNTEST 8 TCK;
SDR 64 TDI (FFFFFFFFFFFFFFFF) TDO (FFFFFFFFFFFFFFFF);
SIR 10 TDI (036);
RUNTEST 18 TCK;
SIR 10 TDI (026);
RUNTEST 8 TCK;
SDR 64 TDI (FFFFFFFFFFFFFFFF) TDO (FFFFFFFFEFFFFFFF) MASK (FFFFFFFFEFFFFFFF);
SIR 10 TDI (032);
RUNTEST 18 TCK;
SIR 10 TDI (026);
RUNTEST 8 TCK;
SDR 64 TDI (FFFFFFFFFFFFFFFF) TDO (FFFFFFFFEFFFFFFF);
SIR 10 TDI (01E);
RUNTEST 8 TCK;
SDR 273 TDI (000000000000000000000000000020000000000000000000000000000000000000000);
SIR 10 TDI (012);
RUNTEST 8 TCK;
SIR 10 TDI (016);
RUNTEST 8 TCK;
SDR 320 TDI (84210842108421084210842108421084210842108421084210842108421084210842108421084210);
SIR 10 TDI (01A);
RUNTEST 8 TCK;
SDR 320 TDI (84210842108421084210842108421084210842108421084210842108421084210842108421084210);
SIR 10 TDI (036);
RUNTEST 18 TCK;
SIR 10 TDI (022);
RUNTEST 8 TCK;
SDR 64 TDI (FFFFFFFFFFFFFFFF) TDO (FFFFFFFFFFFFFDFF) MASK (FFFFFFFFFFFFFFFF);
SIR 10 TDI (032);
RUNTEST 18 TCK;
SIR 10 TDI (022);
RUNTEST 8 TCK;
SDR 64 TDI (FFFFFFFFFFFFFFFF) TDO (FFFFFFFFFFFFFDFF);
SIR 10 TDI (036);
RUNTEST 18 TCK;
SIR 10 TDI (026);
RUNTEST 8 TCK;
SDR 64 TDI (FFFFFFFFFFFFFFFF) TDO (FFFFFFFFEFFFFFFF) MASK (FFFFFFFFEFFFFFFF);
SIR 10 TDI (032);
RUNTEST 18 TCK;
SIR 10 TDI (026);
RUNTEST 8 TCK;
SDR 64 TDI (FFFFFFFFFFFFFFFF) TDO (FFFFFFFFEFFFFFFF);
SIR 10 TDI (01E);
RUNTEST 8 TCK;
SDR 273 TDI (000000000000000000000000000010000000000000000000000000000000000000000);
SIR 10 TDI (012);
RUNTEST 8 TCK;
SIR 10 TDI (016);
RUNTEST 8 TCK;
SDR 320 TDI (84210842108421084210842108421084210842108421084210842108421084210842108421084210);
SIR 10 TDI (01A);
RUNTEST 8 TCK;
SDR 320 TDI (84210842108421084210842108421084210842108421084210842108421084210842108421084210);
SIR 10 TDI (036);
RUNTEST 18 TCK;
SIR 10 TDI (022);
RUNTEST 8 TCK;
SDR 64 TDI (FFFFFFFFFFFFFFFF) TDO (FFFFFFFFFFFFFFD5) MASK (FFFFFFFFFFFFFFFF);
SIR 10 TDI (032);
RUNTEST 18 TCK;
SIR 10 TDI (022);
RUNTEST 8 TCK;
SDR 64 TDI (FFFFFFFFFFFFFFFF) TDO (FFFFFFFFFFFFFFD5);
SIR 10 TDI (036);
RUNTEST 18 TCK;
SIR 10 TDI (026);
RUNTEST 8 TCK;
SDR 64 TDI (FFFFFFFFFFFFFFFF) TDO (FFFFFFFFEFFFFFFF) MASK (FFFFFFFFEFFFFFFF);
SIR 10 TDI (032);
RUNTEST 18 TCK;
SIR 10 TDI (026);
RUNTEST 8 TCK;
SDR 64 TDI (FFFFFFFFFFFFFFFF) TDO (FFFFFFFFEFFFFFFF);
SIR 10 TDI (01E);
RUNTEST 8 TCK;
SDR 273 TDI (000000000000000000000000000008000000000000000000000000000000000000000);
SIR 10 TDI (012);
RUNTEST 8 TCK;
SIR 10 TDI (016);
RUNTEST 8 TCK;
SDR 320 TDI (84210842108421084210842108421084210842108421084210842108421084210842108421084210);
SIR 10 TDI (01A);
RUNTEST 8 TCK;
SDR 320 TDI (84210842108421084210842108421084210842108421084210842108421084210842108421084210);
SIR 10 TDI (036);
RUNTEST 18 TCK;
SIR 10 TDI (022);
RUNTEST 8 TCK;
SDR 64 TDI (FFFFFFFFFFFFFFFF) TDO (FFFDFFFFFFFDDFFE) MASK (FFFFFFFFFFFFFFFF);
SIR 10 TDI (032);
RUNTEST 18 TCK;
SIR 10 TDI (022);
RUNTEST 8 TCK;
SDR 64 TDI (FFFFFFFFFFFFFFFF) TDO (FFFDFFFFFFFDDFFE);
SIR 10 TDI (036);
RUNTEST 18 TCK;
SIR 10 TDI (026);
RUNTEST 8 TCK;
SDR 64 TDI (FFFFFFFFFFFFFFFF) TDO (FFFFFFFFEFFFFFD5) MASK (FFFFFFFFEFFFFFFF);
SIR 10 TDI (032);
RUNTEST 18 TCK;
SIR 10 TDI (026);
RUNTEST 8 TCK;
SDR 64 TDI (FFFFFFFFFFFFFFFF) TDO (FFFFFFFFEFFFFFD5);
SIR 10 TDI (01E);
RUNTEST 8 TCK;
SDR 273 TDI (000000000000000000000000000004000000000000000000000000000000000000000);
SIR 10 TDI (012);
RUNTEST 8 TCK;
SIR 10 TDI (016);
RUNTEST 8 TCK;
SDR 320 TDI (84210842108421084210842108421084210842108421084210842108421084210842108421084210);
SIR 10 TDI (01A);
RUNTEST 8 TCK;
SDR 320 TDI (84210842108421084210842108421084210842108421084210842108421084210842108421084210);
SIR 10 TDI (036);
RUNTEST 18 TCK;
SIR 10 TDI (022);
RUNTEST 8 TCK;
SDR 64 TDI (FFFFFFFFFFFFFFFF) TDO (7FFFFFFFFFF77F7F) MASK (FFFFFFFFFFFFFFFF);
SIR 10 TDI (032);
RUNTEST 18 TCK;
SIR 10 TDI (022);
RUNTEST 8 TCK;
SDR 64 TDI (FFFFFFFFFFFFFFFF) TDO (7FFFFFFFFFF77F7F);
SIR 10 TDI (036);
RUNTEST 18 TCK;
SIR 10 TDI (026);
RUNTEST 8 TCK;
SDR 64 TDI (FFFFFFFFFFFFFFFF) TDO (FFFFFFFFBFFDFFFF);
SIR 10 TDI (032);
RUNTEST 18 TCK;
SIR 10 TDI (026);
RUNTEST 8 TCK;
SDR 64 TDI (FFFFFFFFFFFFFFFF) TDO (FFFFFFFFBFFDFFFF);
SIR 10 TDI (01E);
RUNTEST 8 TCK;
SDR 273 TDI (000000000000000000000000000002000000000000000000000000000000000000000);
SIR 10 TDI (012);
RUNTEST 8 TCK;
SIR 10 TDI (016);
RUNTEST 8 TCK;
SDR 320 TDI (84210842108421084210842108421084210842108421084210842108421084210842108421084210);
SIR 10 TDI (01A);
RUNTEST 8 TCK;
SDR 320 TDI (84210842108421084210842108421084210842108421084210842108421084210842108421084210);
SIR 10 TDI (036);
RUNTEST 18 TCK;
SIR 10 TDI (022);
RUNTEST 8 TCK;
SDR 64 TDI (FFFFFFFFFFFFFFFF) TDO (FFFFFFFFFFFFFFFF) MASK (FFFFFFFFFFFFFFFF);
SIR 10 TDI (032);
RUNTEST 18 TCK;
SIR 10 TDI (022);
RUNTEST 8 TCK;
SDR 64 TDI (FFFFFFFFFFFFFFFF) TDO (FFFFFFFFFFFFFFFF);
SIR 10 TDI (036);
RUNTEST 18 TCK;
SIR 10 TDI (026);
RUNTEST 8 TCK;
SDR 64 TDI (FFFFFFFFFFFFFFFF) TDO (FFFFFFFFFFFFFFFF);
SIR 10 TDI (032);
RUNTEST 18 TCK;
SIR 10 TDI (026);
RUNTEST 8 TCK;
SDR 64 TDI (FFFFFFFFFFFFFFFF) TDO (FFFFFFFFFFFFFFFF);
SIR 10 TDI (01E);
RUNTEST 8 TCK;
SDR 273 TDI (000000000000000000000000000001000000000000000000000000000000000000000);
SIR 10 TDI (012);
RUNTEST 8 TCK;
SIR 10 TDI (016);
RUNTEST 8 TCK;
SDR 320 TDI (84210842108421084210842108421084210842108421084210842108421084210842108421084210);
SIR 10 TDI (01A);
RUNTEST 8 TCK;
SDR 320 TDI (84210842108421084210842108421084210842108421084210842108421084210842108421084210);
SIR 10 TDI (036);
RUNTEST 18 TCK;
SIR 10 TDI (022);
RUNTEST 8 TCK;
SDR 64 TDI (FFFFFFFFFFFFFFFF) TDO (FFFFFFFFFFFFFFFF) MASK (FFFFFFFFFFFFFFFF);
SIR 10 TDI (032);
RUNTEST 18 TCK;
SIR 10 TDI (022);
RUNTEST 8 TCK;
SDR 64 TDI (FFFFFFFFFFFFFFFF) TDO (FFFFFFFFFFFFFFFF);
SIR 10 TDI (036);
RUNTEST 18 TCK;
SIR 10 TDI (026);
RUNTEST 8 TCK;
SDR 64 TDI (FFFFFFFFFFFFFFFF) TDO (FFFFFFFFFFFFFFFF);
SIR 10 TDI (032);
RUNTEST 18 TCK;
SIR 10 TDI (026);
RUNTEST 8 TCK;
SDR 64 TDI (FFFFFFFFFFFFFFFF) TDO (FFFFFFFFFFFFFFFF);
SIR 10 TDI (01E);
RUNTEST 8 TCK;
SDR 273 TDI (000000000000000000000000000000800000000000000000000000000000000000000);
SIR 10 TDI (012);
RUNTEST 8 TCK;
SIR 10 TDI (016);
RUNTEST 8 TCK;
SDR 320 TDI (84210842108421084210842108421084210842108421084210842108421084210842108421084210);
SIR 10 TDI (01A);
RUNTEST 8 TCK;
SDR 320 TDI (84210842108421084210842108421084210842108421084210842108421084210842108421084210);
SIR 10 TDI (036);
RUNTEST 18 TCK;
SIR 10 TDI (022);
RUNTEST 8 TCK;
SDR 64 TDI (FFFFFFFFFFFFFFFF) TDO (FFF7FFF7FFFFFFFF) MASK (FFFFFFFFFFFFFFFF);
SIR 10 TDI (032);
RUNTEST 18 TCK;
SIR 10 TDI (022);
RUNTEST 8 TCK;
SDR 64 TDI (FFFFFFFFFFFFFFFF) TDO (FFF7FFF7FFFFFFFF);
SIR 10 TDI (036);
RUNTEST 18 TCK;
SIR 10 TDI (026);
RUNTEST 8 TCK;
SDR 64 TDI (FFFFFFFFFFFFFFFF) TDO (FFFFFFFFFFFFDFFF);
SIR 10 TDI (032);
RUNTEST 18 TCK;
SIR 10 TDI (026);
RUNTEST 8 TCK;
SDR 64 TDI (FFFFFFFFFFFFFFFF) TDO (FFFFFFFFFFFFDFFF);
SIR 10 TDI (01E);
RUNTEST 8 TCK;
SDR 273 TDI (000000000000000000000000000000400000000000000000000000000000000000000);
SIR 10 TDI (012);
RUNTEST 8 TCK;
SIR 10 TDI (016);
RUNTEST 8 TCK;
SDR 320 TDI (84210842108421084210842108421084210842108421084210842108421084210842108421084210);
SIR 10 TDI (01A);
RUNTEST 8 TCK;
SDR 320 TDI (84210842108421084210842108421084210842108421084210842108421084210842108421084210);
SIR 10 TDI (036);
RUNTEST 18 TCK;
SIR 10 TDI (022);
RUNTEST 8 TCK;
SDR 64 TDI (FFFFFFFFFFFFFFFF) TDO (F7FFFFFFFDFFF7FF) MASK (FFFFFFFFFFFFFFFF);
SIR 10 TDI (032);
RUNTEST 18 TCK;
SIR 10 TDI (022);
RUNTEST 8 TCK;
SDR 64 TDI (FFFFFFFFFFFFFFFF) TDO (F7FFFFFFFDFFF7FF);
SIR 10 TDI (036);
RUNTEST 18 TCK;
SIR 10 TDI (026);
RUNTEST 8 TCK;
SDR 64 TDI (FFFFFFFFFFFFFFFF) TDO (FF5FFFFFFFFFFD7F);
SIR 10 TDI (032);
RUNTEST 18 TCK;
SIR 10 TDI (026);
RUNTEST 8 TCK;
SDR 64 TDI (FFFFFFFFFFFFFFFF) TDO (FF5FFFFFFFFFFD7F);
SIR 10 TDI (01E);
RUNTEST 8 TCK;
SDR 273 TDI (000000000000000000000000000000200000000000000000000000000000000000000);
SIR 10 TDI (012);
RUNTEST 8 TCK;
SIR 10 TDI (016);
RUNTEST 8 TCK;
SDR 320 TDI (84210842108421084210842108421084210842108421084210842108421084210842108421084210);
SIR 10 TDI (01A);
RUNTEST 8 TCK;
SDR 320 TDI (84210842108421084210842108421084210842108421084210842108421084210842108421084210);
SIR 10 TDI (036);
RUNTEST 18 TCK;
SIR 10 TDI (022);
RUNTEST 8 TCK;
SDR 64 TDI (FFFFFFFFFFFFFFFF) TDO (FFFFFFFF5FFFFFFF) MASK (FFFFFFFFFFFFFFFF);
SIR 10 TDI (032);
RUNTEST 18 TCK;
SIR 10 TDI (022);
RUNTEST 8 TCK;
SDR 64 TDI (FFFFFFFFFFFFFFFF) TDO (FFFFFFFF5FFFFFFF);
SIR 10 TDI (036);
RUNTEST 18 TCK;
SIR 10 TDI (026);
RUNTEST 8 TCK;
SDR 64 TDI (FFFFFFFFFFFFFFFF) TDO (DFFFFFFFFFFF7FFF);
SIR 10 TDI (032);
RUNTEST 18 TCK;
SIR 10 TDI (026);
RUNTEST 8 TCK;
SDR 64 TDI (FFFFFFFFFFFFFFFF) TDO (DFFFFFFFFFFF7FFF);
SIR 10 TDI (01E);
RUNTEST 8 TCK;
SDR 273 TDI (000000000000000000000000000000100000000000000000000000000000000000000);
SIR 10 TDI (012);
RUNTEST 8 TCK;
SIR 10 TDI (016);
RUNTEST 8 TCK;
SDR 320 TDI (84210842108421084210842108421084210842108421084210842108421084210842108421084210);
SIR 10 TDI (01A);
RUNTEST 8 TCK;
SDR 320 TDI (84210842108421084210842108421084210842108421084210842108421084210842108421084210);
SIR 10 TDI (036);
RUNTEST 18 TCK;
SIR 10 TDI (022);
RUNTEST 8 TCK;
SDR 64 TDI (FFFFFFFFFFFFFFFF) TDO (DFFFDFFFF7FFFFFF) MASK (FFFFFFFFFFFFFFFF);
SIR 10 TDI (032);
RUNTEST 18 TCK;
SIR 10 TDI (022);
RUNTEST 8 TCK;
SDR 64 TDI (FFFFFFFFFFFFFFFF) TDO (DFFFDFFFF7FFFFFF);
SIR 10 TDI (036);
RUNTEST 18 TCK;
SIR 10 TDI (026);
RUNTEST 8 TCK;
SDR 64 TDI (FFFFFFFFFFFFFFFF) TDO (FFFFFFFFFFDFFFFF);
SIR 10 TDI (032);
RUNTEST 18 TCK;
SIR 10 TDI (026);
RUNTEST 8 TCK;
SDR 64 TDI (FFFFFFFFFFFFFFFF) TDO (FFFFFFFFFFDFFFFF);
SIR 10 TDI (01E);
RUNTEST 8 TCK;
SDR 273 TDI (000000000000000000000000000000080000000000000000000000000000000000000);
SIR 10 TDI (012);
RUNTEST 8 TCK;
SIR 10 TDI (016);
RUNTEST 8 TCK;
SDR 320 TDI (84210842108421084210842108421084210842108421084210842108421084210842108421084210);
SIR 10 TDI (01A);
RUNTEST 8 TCK;
SDR 320 TDI (84210842108421084210842108421084210842108421084210842108421084210842108421084210);
SIR 10 TDI (036);
RUNTEST 18 TCK;
SIR 10 TDI (022);
RUNTEST 8 TCK;
SDR 64 TDI (FFFFFFFFFFFFFFFF) TDO (FFFFFFFFFFFFFFFF) MASK (FFFFFFFFFFFFFFFF);
SIR 10 TDI (032);
RUNTEST 18 TCK;
SIR 10 TDI (022);
RUNTEST 8 TCK;
SDR 64 TDI (FFFFFFFFFFFFFFFF) TDO (FFFFFFFFFFFFFFFF);
SIR 10 TDI (036);
RUNTEST 18 TCK;
SIR 10 TDI (026);
RUNTEST 8 TCK;
SDR 64 TDI (FFFFFFFFFFFFFFFF) TDO (FFFFFFFFFFFFFFFF);
SIR 10 TDI (032);
RUNTEST 18 TCK;
SIR 10 TDI (026);
RUNTEST 8 TCK;
SDR 64 TDI (FFFFFFFFFFFFFFFF) TDO (FFFFFFFFFFFFFFFF);
SIR 10 TDI (01E);
RUNTEST 8 TCK;
SDR 273 TDI (000000000000000000000000000000040000000000000000000000000000000000000);
SIR 10 TDI (012);
RUNTEST 8 TCK;
SIR 10 TDI (016);
RUNTEST 8 TCK;
SDR 320 TDI (84210842108421084210842108421084210842108421084210842108421084210842108421084210);
SIR 10 TDI (01A);
RUNTEST 8 TCK;
SDR 320 TDI (84210842108421084210842108421084210842108421084210842108421084210842108421084210);
SIR 10 TDI (036);
RUNTEST 18 TCK;
SIR 10 TDI (022);
RUNTEST 8 TCK;
SDR 64 TDI (FFFFFFFFFFFFFFFF) TDO (FFFFFF7D7FFFFF7D) MASK (FFFFFFFFFFFFFFFF);
SIR 10 TDI (032);
RUNTEST 18 TCK;
SIR 10 TDI (022);
RUNTEST 8 TCK;
SDR 64 TDI (FFFFFFFFFFFFFFFF) TDO (FFFFFF7D7FFFFF7D);
SIR 10 TDI (036);
RUNTEST 18 TCK;
SIR 10 TDI (026);
RUNTEST 8 TCK;
SDR 64 TDI (FFFFFFFFFFFFFFFF) TDO (7556D5547D74F5D6);
SIR 10 TDI (032);
RUNTEST 18 TCK;
SIR 10 TDI (026);
RUNTEST 8 TCK;
SDR 64 TDI (FFFFFFFFFFFFFFFF) TDO (7556D5547D74F5D6);
SIR 10 TDI (01E);
RUNTEST 8 TCK;
SDR 273 TDI (000000000000000000000000000000020000000000000000000000000000000000000);
SIR 10 TDI (012);
RUNTEST 8 TCK;
SIR 10 TDI (016);
RUNTEST 8 TCK;
SDR 320 TDI (84210842108421084210842108421084210842108421084210842108421084210842108421084210);
SIR 10 TDI (01A);
RUNTEST 8 TCK;
SDR 320 TDI (84210842108421084210842108421084210842108421084210842108421084210842108421084210);
SIR 10 TDI (036);
RUNTEST 18 TCK;
SIR 10 TDI (022);
RUNTEST 8 TCK;
SDR 64 TDI (FFFFFFFFFFFFFFFF) TDO (FDF7FFFFBFF6FF57) MASK (FFFFFFFFFFFFFFFF);
SIR 10 TDI (032);
RUNTEST 18 TCK;
SIR 10 TDI (022);
RUNTEST 8 TCK;
SDR 64 TDI (FFFFFFFFFFFFFFFF) TDO (FDF7FFFFBFF6FF57);
SIR 10 TDI (036);
RUNTEST 18 TCK;
SIR 10 TDI (026);
RUNTEST 8 TCK;
SDR 64 TDI (FFFFFFFFFFFFFFFF) TDO (5DD57F7DD5FFDFD5);
SIR 10 TDI (032);
RUNTEST 18 TCK;
SIR 10 TDI (026);
RUNTEST 8 TCK;
SDR 64 TDI (FFFFFFFFFFFFFFFF) TDO (5DD57F7DD5FFDFD5);
SIR 10 TDI (01E);
RUNTEST 8 TCK;
SDR 273 TDI (000000000000000000000000000000010000000000000000000000000000000000000);
SIR 10 TDI (012);
RUNTEST 8 TCK;
SIR 10 TDI (016);
RUNTEST 8 TCK;
SDR 320 TDI (84210842108421084210842108421084210842108421084210842108421084210842108421084210);
SIR 10 TDI (01A);
RUNTEST 8 TCK;
SDR 320 TDI (84210842108421084210842108421084210842108421084210842108421084210842108421084210);
SIR 10 TDI (036);
RUNTEST 18 TCK;
SIR 10 TDI (022);
RUNTEST 8 TCK;
SDR 64 TDI (FFFFFFFFFFFFFFFF) TDO (FFFFFFFFFFFFFFFF) MASK (FFFFFFFFFFFFFFFF);
SIR 10 TDI (032);
RUNTEST 18 TCK;
SIR 10 TDI (022);
RUNTEST 8 TCK;
SDR 64 TDI (FFFFFFFFFFFFFFFF) TDO (FFFFFFFFFFFFFFFF);
SIR 10 TDI (036);
RUNTEST 18 TCK;
SIR 10 TDI (026);
RUNTEST 8 TCK;
SDR 64 TDI (FFFFFFFFFFFFFFFF) TDO (FFFFFFFFFFFFFFDF);
SIR 10 TDI (032);
RUNTEST 18 TCK;
SIR 10 TDI (026);
RUNTEST 8 TCK;
SDR 64 TDI (FFFFFFFFFFFFFFFF) TDO (FFFFFFFFFFFFFFDF);
SIR 10 TDI (01E);
RUNTEST 8 TCK;
SDR 273 TDI (000000000000000000000000000000008000000000000000000000000000000000000);
SIR 10 TDI (012);
RUNTEST 8 TCK;
SIR 10 TDI (016);
RUNTEST 8 TCK;
SDR 320 TDI (84210842108421084210842108421084210842108421084210842108421084210842108421084210);
SIR 10 TDI (01A);
RUNTEST 8 TCK;
SDR 320 TDI (84210842108421084210842108421084210842108421084210842108421084210842108421084210);
SIR 10 TDI (036);
RUNTEST 18 TCK;
SIR 10 TDI (022);
RUNTEST 8 TCK;
SDR 64 TDI (FFFFFFFFFFFFFFFF) TDO (FFFFFFFFFFFFFFFF) MASK (FFFFFFFFFFFFFFFF);
SIR 10 TDI (032);
RUNTEST 18 TCK;
SIR 10 TDI (022);
RUNTEST 8 TCK;
SDR 64 TDI (FFFFFFFFFFFFFFFF) TDO (FFFFFFFFFFFFFFFF);
SIR 10 TDI (036);
RUNTEST 18 TCK;
SIR 10 TDI (026);
RUNTEST 8 TCK;
SDR 64 TDI (FFFFFFFFFFFFFFFF) TDO (FFFFFFFFFFFFFFFF);
SIR 10 TDI (032);
RUNTEST 18 TCK;
SIR 10 TDI (026);
RUNTEST 8 TCK;
SDR 64 TDI (FFFFFFFFFFFFFFFF) TDO (FFFFFFFFFFFFFFFF);
SIR 10 TDI (01E);
RUNTEST 8 TCK;
SDR 273 TDI (000000000000000000000000000000004000000000000000000000000000000000000);
SIR 10 TDI (012);
RUNTEST 8 TCK;
SIR 10 TDI (016);
RUNTEST 8 TCK;
SDR 320 TDI (84210842108421084210842108421084210842108421084210842108421084210842108421084210);
SIR 10 TDI (01A);
RUNTEST 8 TCK;
SDR 320 TDI (84210842108421084210842108421084210842108421084210842108421084210842108421084210);
SIR 10 TDI (036);
RUNTEST 18 TCK;
SIR 10 TDI (022);
RUNTEST 8 TCK;
SDR 64 TDI (FFFFFFFFFFFFFFFF) TDO (FFFFFFFFFFFFFFFF) MASK (FFFFFFFFFFFFFFFF);
SIR 10 TDI (032);
RUNTEST 18 TCK;
SIR 10 TDI (022);
RUNTEST 8 TCK;
SDR 64 TDI (FFFFFFFFFFFFFFFF) TDO (FFFFFFFFFFFFFFFF);
SIR 10 TDI (036);
RUNTEST 18 TCK;
SIR 10 TDI (026);
RUNTEST 8 TCK;
SDR 64 TDI (FFFFFFFFFFFFFFFF) TDO (FFFFFFFFFFFFFFFF);
SIR 10 TDI (032);
RUNTEST 18 TCK;
SIR 10 TDI (026);
RUNTEST 8 TCK;
SDR 64 TDI (FFFFFFFFFFFFFFFF) TDO (FFFFFFFFFFFFFFFF);
SIR 10 TDI (01E);
RUNTEST 8 TCK;
SDR 273 TDI (000000000000000000000000000000002000000000000000000000000000000000000);
SIR 10 TDI (012);
RUNTEST 8 TCK;
SIR 10 TDI (016);
RUNTEST 8 TCK;
SDR 320 TDI (84210842108421084210842108421084210842108421084210842108421084210842108421084210);
SIR 10 TDI (01A);
RUNTEST 8 TCK;
SDR 320 TDI (84210842108421084210842108421084210842108421084210842108421084210842108421084210);
SIR 10 TDI (036);
RUNTEST 18 TCK;
SIR 10 TDI (022);
RUNTEST 8 TCK;
SDR 64 TDI (FFFFFFFFFFFFFFFF) TDO (FFFFFFFFFFFFFFFD) MASK (FFFFFFFFFFFFFFFF);
SIR 10 TDI (032);
RUNTEST 18 TCK;
SIR 10 TDI (022);
RUNTEST 8 TCK;
SDR 64 TDI (FFFFFFFFFFFFFFFF) TDO (FFFFFFFFFFFFFFFD);
SIR 10 TDI (036);
RUNTEST 18 TCK;
SIR 10 TDI (026);
RUNTEST 8 TCK;
SDR 64 TDI (FFFFFFFFFFFFFFFF) TDO (FFFFFFFFFFFFFFFE);
SIR 10 TDI (032);
RUNTEST 18 TCK;
SIR 10 TDI (026);
RUNTEST 8 TCK;
SDR 64 TDI (FFFFFFFFFFFFFFFF) TDO (FFFFFFFFFFFFFFFE);
SIR 10 TDI (01E);
RUNTEST 8 TCK;
SDR 273 TDI (000000000000000000000000000000001000000000000000000000000000000000000);
SIR 10 TDI (012);
RUNTEST 8 TCK;
SIR 10 TDI (016);
RUNTEST 8 TCK;
SDR 320 TDI (84210842108421084210842108421084210842108421084210842108421084210842108421084210);
SIR 10 TDI (01A);
RUNTEST 8 TCK;
SDR 320 TDI (84210842108421084210842108421084210842108421084210842108421084210842108421084210);
SIR 10 TDI (036);
RUNTEST 18 TCK;
SIR 10 TDI (022);
RUNTEST 8 TCK;
SDR 64 TDI (FFFFFFFFFFFFFFFF) TDO (FDFFFDFFFDFFFDFE) MASK (FFFFFFFFFFFFFFFF);
SIR 10 TDI (032);
RUNTEST 18 TCK;
SIR 10 TDI (022);
RUNTEST 8 TCK;
SDR 64 TDI (FFFFFFFFFFFFFFFF) TDO (FDFFFDFFFDFFFDFE);
SIR 10 TDI (036);
RUNTEST 18 TCK;
SIR 10 TDI (026);
RUNTEST 8 TCK;
SDR 64 TDI (FFFFFFFFFFFFFFFF) TDO (FFFFFFFFFFFFFFFF);
SIR 10 TDI (032);
RUNTEST 18 TCK;
SIR 10 TDI (026);
RUNTEST 8 TCK;
SDR 64 TDI (FFFFFFFFFFFFFFFF) TDO (FFFFFFFFFFFFFFFF);
SIR 10 TDI (01E);
RUNTEST 8 TCK;
SDR 273 TDI (000000000000000000000000000000000800000000000000000000000000000000000);
SIR 10 TDI (012);
RUNTEST 8 TCK;
SIR 10 TDI (016);
RUNTEST 8 TCK;
SDR 320 TDI (84210842108421084210842108421084210842108421084210842108421084210842108421084210);
SIR 10 TDI (01A);
RUNTEST 8 TCK;
SDR 320 TDI (84210842108421084210842108421084210842108421084210842108421084210842108421084210);
SIR 10 TDI (036);
RUNTEST 18 TCK;
SIR 10 TDI (022);
RUNTEST 8 TCK;
SDR 64 TDI (FFFFFFFFFFFFFFFF) TDO (FFFFFFFFFFFFFFFF) MASK (FFFFFFFFFFFFFFFF);
SIR 10 TDI (032);
RUNTEST 18 TCK;
SIR 10 TDI (022);
RUNTEST 8 TCK;
SDR 64 TDI (FFFFFFFFFFFFFFFF) TDO (FFFFFFFFFFFFFFFF);
SIR 10 TDI (036);
RUNTEST 18 TCK;
SIR 10 TDI (026);
RUNTEST 8 TCK;
SDR 64 TDI (FFFFFFFFFFFFFFFF) TDO (FFFFFFFFFFFFFFFF);
SIR 10 TDI (032);
RUNTEST 18 TCK;
SIR 10 TDI (026);
RUNTEST 8 TCK;
SDR 64 TDI (FFFFFFFFFFFFFFFF) TDO (FFFFFFFFFFFFFFFF);
SIR 10 TDI (01E);
RUNTEST 8 TCK;
SDR 273 TDI (000000000000000000000000000000000400000000000000000000000000000000000);
SIR 10 TDI (012);
RUNTEST 8 TCK;
SIR 10 TDI (016);
RUNTEST 8 TCK;
SDR 320 TDI (84210842108421084210842108421084210842108421084210842108421084210842108421084210);
SIR 10 TDI (01A);
RUNTEST 8 TCK;
SDR 320 TDI (84210842108421084210842108421084210842108421084210842108421084210842108421084210);
SIR 10 TDI (036);
RUNTEST 18 TCK;
SIR 10 TDI (022);
RUNTEST 8 TCK;
SDR 64 TDI (FFFFFFFFFFFFFFFF) TDO (DFFFDFFFFFFFFFFF) MASK (FFFFFFFFFFFFFFFF);
SIR 10 TDI (032);
RUNTEST 18 TCK;
SIR 10 TDI (022);
RUNTEST 8 TCK;
SDR 64 TDI (FFFFFFFFFFFFFFFF) TDO (DFFFDFFFFFFFFFFF);
SIR 10 TDI (036);
RUNTEST 18 TCK;
SIR 10 TDI (026);
RUNTEST 8 TCK;
SDR 64 TDI (FFFFFFFFFFFFFFFF) TDO (FFFFF7FFFFFFFFFF);
SIR 10 TDI (032);
RUNTEST 18 TCK;
SIR 10 TDI (026);
RUNTEST 8 TCK;
SDR 64 TDI (FFFFFFFFFFFFFFFF) TDO (FFFFF7FFFFFFFFFF);
SIR 10 TDI (01E);
RUNTEST 8 TCK;
SDR 273 TDI (000000000000000000000000000000000200000000000000000000000000000000000);
SIR 10 TDI (012);
RUNTEST 8 TCK;
SIR 10 TDI (016);
RUNTEST 8 TCK;
SDR 320 TDI (84210842108421084210842108421084210842108421084210842108421084210842108421084210);
SIR 10 TDI (01A);
RUNTEST 8 TCK;
SDR 320 TDI (84210842108421084210842108421084210842108421084210842108421084210842108421084210);
SIR 10 TDI (036);
RUNTEST 18 TCK;
SIR 10 TDI (022);
RUNTEST 8 TCK;
SDR 64 TDI (FFFFFFFFFFFFFFFF) TDO (FFDFFFDFFFFFFFF7) MASK (FFFFFFFFFFFFFFFF);
SIR 10 TDI (032);
RUNTEST 18 TCK;
SIR 10 TDI (022);
RUNTEST 8 TCK;
SDR 64 TDI (FFFFFFFFFFFFFFFF) TDO (FFDFFFDFFFFFFFF7);
SIR 10 TDI (036);
RUNTEST 18 TCK;
SIR 10 TDI (026);
RUNTEST 8 TCK;
SDR 64 TDI (FFFFFFFFFFFFFFFF) TDO (FFFFFFFFFFFFFDFF) MASK (FFFFFFFFEFFFFFFF);
SIR 10 TDI (032);
RUNTEST 18 TCK;
SIR 10 TDI (026);
RUNTEST 8 TCK;
SDR 64 TDI (FFFFFFFFFFFFFFFF) TDO (FFFFFFFFFFFFFDFF);
SIR 10 TDI (01E);
RUNTEST 8 TCK;
SDR 273 TDI (000000000000000000000000000000000100000000000000000000000000000000000);
SIR 10 TDI (012);
RUNTEST 8 TCK;
SIR 10 TDI (016);
RUNTEST 8 TCK;
SDR 320 TDI (84210842108421084210842108421084210842108421084210842108421084210842108421084210);
SIR 10 TDI (01A);
RUNTEST 8 TCK;
SDR 320 TDI (84210842108421084210842108421084210842108421084210842108421084210842108421084210);
SIR 10 TDI (036);
RUNTEST 18 TCK;
SIR 10 TDI (022);
RUNTEST 8 TCK;
SDR 64 TDI (FFFFFFFFFFFFFFFF) TDO (FFF5FFF5FFFDF7FF) MASK (FFFFFFFFFFFFFFFF);
SIR 10 TDI (032);
RUNTEST 18 TCK;
SIR 10 TDI (022);
RUNTEST 8 TCK;
SDR 64 TDI (FFFFFFFFFFFFFFFF) TDO (FFF5FFF5FFFDF7FF);
SIR 10 TDI (036);
RUNTEST 18 TCK;
SIR 10 TDI (026);
RUNTEST 8 TCK;
SDR 64 TDI (FFFFFFFFFFFFFFFF) TDO (FFFEFFFEFFFEFFFF);
SIR 10 TDI (032);
RUNTEST 18 TCK;
SIR 10 TDI (026);
RUNTEST 8 TCK;
SDR 64 TDI (FFFFFFFFFFFFFFFF) TDO (FFFEFFFEFFFEFFFF);
SIR 10 TDI (01E);
RUNTEST 8 TCK;
SDR 273 TDI (000000000000000000000000000000000080000000000000000000000000000000000);
SIR 10 TDI (012);
RUNTEST 8 TCK;
SIR 10 TDI (016);
RUNTEST 8 TCK;
SDR 320 TDI (84210842108421084210842108421084210842108421084210842108421084210842108421084210);
SIR 10 TDI (01A);
RUNTEST 8 TCK;
SDR 320 TDI (84210842108421084210842108421084210842108421084210842108421084210842108421084210);
SIR 10 TDI (036);
RUNTEST 18 TCK;
SIR 10 TDI (022);
RUNTEST 8 TCK;
SDR 64 TDI (FFFFFFFFFFFFFFFF) TDO (FF7FFF7FFF5FDF5F) MASK (FFFFFFFFFFFFFFFF);
SIR 10 TDI (032);
RUNTEST 18 TCK;
SIR 10 TDI (022);
RUNTEST 8 TCK;
SDR 64 TDI (FFFFFFFFFFFFFFFF) TDO (FF7FFF7FFF5FDF5F);
SIR 10 TDI (036);
RUNTEST 18 TCK;
SIR 10 TDI (026);
RUNTEST 8 TCK;
SDR 64 TDI (FFFFFFFFFFFFFFFF) TDO (FFFFFFDFFFFFFFFF);
SIR 10 TDI (032);
RUNTEST 18 TCK;
SIR 10 TDI (026);
RUNTEST 8 TCK;
SDR 64 TDI (FFFFFFFFFFFFFFFF) TDO (FFFFFFDFFFFFFFFF);
SIR 10 TDI (01E);
RUNTEST 8 TCK;
SDR 273 TDI (000000000000000000000000000000000040000000000000000000000000000000000);
SIR 10 TDI (012);
RUNTEST 8 TCK;
SIR 10 TDI (016);
RUNTEST 8 TCK;
SDR 320 TDI (84210842108421084210842108421084210842108421084210842108421084210842108421084210);
SIR 10 TDI (01A);
RUNTEST 8 TCK;
SDR 320 TDI (84210842108421084210842108421084210842108421084210842108421084210842108421084210);
SIR 10 TDI (036);
RUNTEST 18 TCK;
SIR 10 TDI (022);
RUNTEST 8 TCK;
SDR 64 TDI (FFFFFFFFFFFFFFFF) TDO (7FFEFFFEDFFEFFFF) MASK (FFFFFFFFFFFFFFFF);
SIR 10 TDI (032);
RUNTEST 18 TCK;
SIR 10 TDI (022);
RUNTEST 8 TCK;
SDR 64 TDI (FFFFFFFFFFFFFFFF) TDO (7FFEFFFEDFFEFFFF);
SIR 10 TDI (036);
RUNTEST 18 TCK;
SIR 10 TDI (026);
RUNTEST 8 TCK;
SDR 64 TDI (FFFFFFFFFFFFFFFF) TDO (FF7FFFF7FFF7FF77);
SIR 10 TDI (032);
RUNTEST 18 TCK;
SIR 10 TDI (026);
RUNTEST 8 TCK;
SDR 64 TDI (FFFFFFFFFFFFFFFF) TDO (FF7FFFF7FFF7FF77);
SIR 10 TDI (01E);
RUNTEST 8 TCK;
SDR 273 TDI (000000000000000000000000000000000020000000000000000000000000000000000);
SIR 10 TDI (012);
RUNTEST 8 TCK;
SIR 10 TDI (016);
RUNTEST 8 TCK;
SDR 320 TDI (84210842108421084210842108421084210842108421084210842108421084210842108421084210);
SIR 10 TDI (01A);
RUNTEST 8 TCK;
SDR 320 TDI (84210842108421084210842108421084210842108421084210842108421084210842108421084210);
SIR 10 TDI (036);
RUNTEST 18 TCK;
SIR 10 TDI (022);
RUNTEST 8 TCK;
SDR 64 TDI (FFFFFFFFFFFFFFFF) TDO (FFFF77FF3FFFFFFF) MASK (FFFFFFFFFFFFFFFF);
SIR 10 TDI (032);
RUNTEST 18 TCK;
SIR 10 TDI (022);
RUNTEST 8 TCK;
SDR 64 TDI (FFFFFFFFFFFFFFFF) TDO (FFFF77FF3FFFFFFF);
SIR 10 TDI (036);
RUNTEST 18 TCK;
SIR 10 TDI (026);
RUNTEST 8 TCK;
SDR 64 TDI (FFFFFFFFFFFFFFFF) TDO (F7FFFDFFDFFF7FFF);
SIR 10 TDI (032);
RUNTEST 18 TCK;
SIR 10 TDI (026);
RUNTEST 8 TCK;
SDR 64 TDI (FFFFFFFFFFFFFFFF) TDO (F7FFFDFFDFFF7FFF);
SIR 10 TDI (01E);
RUNTEST 8 TCK;
SDR 273 TDI (000000000000000000000000000000000010000000000000000000000000000000000);
SIR 10 TDI (012);
RUNTEST 8 TCK;
SIR 10 TDI (016);
RUNTEST 8 TCK;
SDR 320 TDI (84210842108421084210842108421084210842108421084210842108421084210842108421084210);
SIR 10 TDI (01A);
RUNTEST 8 TCK;
SDR 320 TDI (84210842108421084210842108421084210842108421084210842108421084210842108421084210);
SIR 10 TDI (036);
RUNTEST 18 TCK;
SIR 10 TDI (022);
RUNTEST 8 TCK;
SDR 64 TDI (FFFFFFFFFFFFFFFF) TDO (FFFFFFFFFFFFFFFF) MASK (FFFFFFFFFFFFFFFF);
SIR 10 TDI (032);
RUNTEST 18 TCK;
SIR 10 TDI (022);
RUNTEST 8 TCK;
SDR 64 TDI (FFFFFFFFFFFFFFFF) TDO (FFFFFFFFFFFFFFFF);
SIR 10 TDI (036);
RUNTEST 18 TCK;
SIR 10 TDI (026);
RUNTEST 8 TCK;
SDR 64 TDI (FFFFFFFFFFFFFFFF) TDO (FFFFFFFFFFFFFFFF);
SIR 10 TDI (032);
RUNTEST 18 TCK;
SIR 10 TDI (026);
RUNTEST 8 TCK;
SDR 64 TDI (FFFFFFFFFFFFFFFF) TDO (FFFFFFFFFFFFFFFF);
SIR 10 TDI (01E);
RUNTEST 8 TCK;
SDR 273 TDI (000000000000000000000000000000000008000000000000000000000000000000000);
SIR 10 TDI (012);
RUNTEST 8 TCK;
SIR 10 TDI (016);
RUNTEST 8 TCK;
SDR 320 TDI (84210842108421084210842108421084210842108421084210842108421084210842108421084210);
SIR 10 TDI (01A);
RUNTEST 8 TCK;
SDR 320 TDI (84210842108421084210842108421084210842108421084210842108421084210842108421084210);
SIR 10 TDI (036);
RUNTEST 18 TCK;
SIR 10 TDI (022);
RUNTEST 8 TCK;
SDR 64 TDI (FFFFFFFFFFFFFFFF) TDO (FFFFFFFFFFFFFFFF) MASK (FFFFFFFFFFFFFFFF);
SIR 10 TDI (032);
RUNTEST 18 TCK;
SIR 10 TDI (022);
RUNTEST 8 TCK;
SDR 64 TDI (FFFFFFFFFFFFFFFF) TDO (FFFFFFFFFFFFFFFF);
SIR 10 TDI (036);
RUNTEST 18 TCK;
SIR 10 TDI (026);
RUNTEST 8 TCK;
SDR 64 TDI (FFFFFFFFFFFFFFFF) TDO (FFFFFFFFFFFFFFFF);
SIR 10 TDI (032);
RUNTEST 18 TCK;
SIR 10 TDI (026);
RUNTEST 8 TCK;
SDR 64 TDI (FFFFFFFFFFFFFFFF) TDO (FFFFFFFFFFFFFFFF);
SIR 10 TDI (01E);
RUNTEST 8 TCK;
SDR 273 TDI (000000000000000000000000000000000004000000000000000000000000000000000);
SIR 10 TDI (012);
RUNTEST 8 TCK;
SIR 10 TDI (016);
RUNTEST 8 TCK;
SDR 320 TDI (84210842108421084210842108421084210842108421084210842108421084210842108421084210);
SIR 10 TDI (01A);
RUNTEST 8 TCK;
SDR 320 TDI (84210842108421084210842108421084210842108421084210842108421084210842108421084210);
SIR 10 TDI (036);
RUNTEST 18 TCK;
SIR 10 TDI (022);
RUNTEST 8 TCK;
SDR 64 TDI (FFFFFFFFFFFFFFFF) TDO (FFDEFFD6FFD7FFD7) MASK (FFFFFFFFFFFFFFFF);
SIR 10 TDI (032);
RUNTEST 18 TCK;
SIR 10 TDI (022);
RUNTEST 8 TCK;
SDR 64 TDI (FFFFFFFFFFFFFFFF) TDO (FFDEFFD6FFD7FFD7);
SIR 10 TDI (036);
RUNTEST 18 TCK;
SIR 10 TDI (026);
RUNTEST 8 TCK;
SDR 64 TDI (FFFFFFFFFFFFFFFF) TDO (FF7FFFFFFFFFFFFE);
SIR 10 TDI (032);
RUNTEST 18 TCK;
SIR 10 TDI (026);
RUNTEST 8 TCK;
SDR 64 TDI (FFFFFFFFFFFFFFFF) TDO (FF7FFFFFFFFFFFFE);
SIR 10 TDI (01E);
RUNTEST 8 TCK;
SDR 273 TDI (000000000000000000000000000000000002000000000000000000000000000000000);
SIR 10 TDI (012);
RUNTEST 8 TCK;
SIR 10 TDI (016);
RUNTEST 8 TCK;
SDR 320 TDI (84210842108421084210842108421084210842108421084210842108421084210842108421084210);
SIR 10 TDI (01A);
RUNTEST 8 TCK;
SDR 320 TDI (84210842108421084210842108421084210842108421084210842108421084210842108421084210);
SIR 10 TDI (036);
RUNTEST 18 TCK;
SIR 10 TDI (022);
RUNTEST 8 TCK;
SDR 64 TDI (FFFFFFFFFFFFFFFF) TDO (FFFFFF7DFFFEFFFD) MASK (FFFFFFFFFFFFFFFF);
SIR 10 TDI (032);
RUNTEST 18 TCK;
SIR 10 TDI (022);
RUNTEST 8 TCK;
SDR 64 TDI (FFFFFFFFFFFFFFFF) TDO (FFFFFF7DFFFEFFFD);
SIR 10 TDI (036);
RUNTEST 18 TCK;
SIR 10 TDI (026);
RUNTEST 8 TCK;
SDR 64 TDI (FFFFFFFFFFFFFFFF) TDO (FFFFFFFEFFFFFFFF);
SIR 10 TDI (032);
RUNTEST 18 TCK;
SIR 10 TDI (026);
RUNTEST 8 TCK;
SDR 64 TDI (FFFFFFFFFFFFFFFF) TDO (FFFFFFFEFFFFFFFF);
SIR 10 TDI (01E);
RUNTEST 8 TCK;
SDR 273 TDI (000000000000000000000000000000000001000000000000000000000000000000000);
SIR 10 TDI (012);
RUNTEST 8 TCK;
SIR 10 TDI (016);
RUNTEST 8 TCK;
SDR 320 TDI (84210842108421084210842108421084210842108421084210842108421084210842108421084210);
SIR 10 TDI (01A);
RUNTEST 8 TCK;
SDR 320 TDI (84210842108421084210842108421084210842108421084210842108421084210842108421084210);
SIR 10 TDI (036);
RUNTEST 18 TCK;
SIR 10 TDI (022);
RUNTEST 8 TCK;
SDR 64 TDI (FFFFFFFFFFFFFFFF) TDO (FFFF7FFFFFFFFFFF) MASK (FFFFFFFFFFFFFFFF);
SIR 10 TDI (032);
RUNTEST 18 TCK;
SIR 10 TDI (022);
RUNTEST 8 TCK;
SDR 64 TDI (FFFFFFFFFFFFFFFF) TDO (FFFF7FFFFFFFFFFF);
SIR 10 TDI (036);
RUNTEST 18 TCK;
SIR 10 TDI (026);
RUNTEST 8 TCK;
SDR 64 TDI (FFFFFFFFFFFFFFFF) TDO (D7FFF7FFF7FFD7FF);
SIR 10 TDI (032);
RUNTEST 18 TCK;
SIR 10 TDI (026);
RUNTEST 8 TCK;
SDR 64 TDI (FFFFFFFFFFFFFFFF) TDO (D7FFF7FFF7FFD7FF);
SIR 10 TDI (01E);
RUNTEST 8 TCK;
SDR 273 TDI (000000000000000000000000000000000000800000000000000000000000000000000);
SIR 10 TDI (012);
RUNTEST 8 TCK;
SIR 10 TDI (016);
RUNTEST 8 TCK;
SDR 320 TDI (84210842108421084210842108421084210842108421084210842108421084210842108421084210);
SIR 10 TDI (01A);
RUNTEST 8 TCK;
SDR 320 TDI (84210842108421084210842108421084210842108421084210842108421084210842108421084210);
SIR 10 TDI (036);
RUNTEST 18 TCK;
SIR 10 TDI (022);
RUNTEST 8 TCK;
SDR 64 TDI (FFFFFFFFFFFFFFFF) TDO (FF77FFFFFF7FFFFF) MASK (FFFFFFFFFFFFFFFF);
SIR 10 TDI (032);
RUNTEST 18 TCK;
SIR 10 TDI (022);
RUNTEST 8 TCK;
SDR 64 TDI (FFFFFFFFFFFFFFFF) TDO (FF77FFFFFF7FFFFF);
SIR 10 TDI (036);
RUNTEST 18 TCK;
SIR 10 TDI (026);
RUNTEST 8 TCK;
SDR 64 TDI (FFFFFFFFFFFFFFFF) TDO (FFFFFF7FFFFFFFFF);
SIR 10 TDI (032);
RUNTEST 18 TCK;
SIR 10 TDI (026);
RUNTEST 8 TCK;
SDR 64 TDI (FFFFFFFFFFFFFFFF) TDO (FFFFFF7FFFFFFFFF);
SIR 10 TDI (01E);
RUNTEST 8 TCK;
SDR 273 TDI (000000000000000000000000000000000000400000000000000000000000000000000);
SIR 10 TDI (012);
RUNTEST 8 TCK;
SIR 10 TDI (016);
RUNTEST 8 TCK;
SDR 320 TDI (84210842108421084210842108421084210842108421084210842108421084210842108421084210);
SIR 10 TDI (01A);
RUNTEST 8 TCK;
SDR 320 TDI (84210842108421084210842108421084210842108421084210842108421084210842108421084210);
SIR 10 TDI (036);
RUNTEST 18 TCK;
SIR 10 TDI (022);
RUNTEST 8 TCK;
SDR 64 TDI (FFFFFFFFFFFFFFFF) TDO (FFFFFFFFDFFFFFFF) MASK (FFFFFFFFFFFFFFFF);
SIR 10 TDI (032);
RUNTEST 18 TCK;
SIR 10 TDI (022);
RUNTEST 8 TCK;
SDR 64 TDI (FFFFFFFFFFFFFFFF) TDO (FFFFFFFFDFFFFFFF);
SIR 10 TDI (036);
RUNTEST 18 TCK;
SIR 10 TDI (026);
RUNTEST 8 TCK;
SDR 64 TDI (FFFFFFFFFFFFFFFF) TDO (FFFFFFFFFF7FFFFF);
SIR 10 TDI (032);
RUNTEST 18 TCK;
SIR 10 TDI (026);
RUNTEST 8 TCK;
SDR 64 TDI (FFFFFFFFFFFFFFFF) TDO (FFFFFFFFFF7FFFFF);
SIR 10 TDI (01E);
RUNTEST 8 TCK;
SDR 273 TDI (000000000000000000000000000000000000200000000000000000000000000000000);
SIR 10 TDI (012);
RUNTEST 8 TCK;
SIR 10 TDI (016);
RUNTEST 8 TCK;
SDR 320 TDI (84210842108421084210842108421084210842108421084210842108421084210842108421084210);
SIR 10 TDI (01A);
RUNTEST 8 TCK;
SDR 320 TDI (84210842108421084210842108421084210842108421084210842108421084210842108421084210);
SIR 10 TDI (036);
RUNTEST 18 TCK;
SIR 10 TDI (022);
RUNTEST 8 TCK;
SDR 64 TDI (FFFFFFFFFFFFFFFF) TDO (FFFFFFFFBFFFFDFF) MASK (FFFFFFFFFFFFFFFF);
SIR 10 TDI (032);
RUNTEST 18 TCK;
SIR 10 TDI (022);
RUNTEST 8 TCK;
SDR 64 TDI (FFFFFFFFFFFFFFFF) TDO (FFFFFFFFBFFFFDFF);
SIR 10 TDI (036);
RUNTEST 18 TCK;
SIR 10 TDI (026);
RUNTEST 8 TCK;
SDR 64 TDI (FFFFFFFFFFFFFFFF) TDO (FFFFFFFFFFFFFFFF);
SIR 10 TDI (032);
RUNTEST 18 TCK;
SIR 10 TDI (026);
RUNTEST 8 TCK;
SDR 64 TDI (FFFFFFFFFFFFFFFF) TDO (FFFFFFFFFFFFFFFF);
SIR 10 TDI (01E);
RUNTEST 8 TCK;
SDR 273 TDI (000000000000000000000000000000000000100000000000000000000000000000000);
SIR 10 TDI (012);
RUNTEST 8 TCK;
SIR 10 TDI (016);
RUNTEST 8 TCK;
SDR 320 TDI (84210842108421084210842108421084210842108421084210842108421084210842108421084210);
SIR 10 TDI (01A);
RUNTEST 8 TCK;
SDR 320 TDI (84210842108421084210842108421084210842108421084210842108421084210842108421084210);
SIR 10 TDI (036);
RUNTEST 18 TCK;
SIR 10 TDI (022);
RUNTEST 8 TCK;
SDR 64 TDI (FFFFFFFFFFFFFFFF) TDO (FDFDFDFFFDFDFFFE) MASK (FFFFFFFFFFFFFFFF);
SIR 10 TDI (032);
RUNTEST 18 TCK;
SIR 10 TDI (022);
RUNTEST 8 TCK;
SDR 64 TDI (FFFFFFFFFFFFFFFF) TDO (FDFDFDFFFDFDFFFE);
SIR 10 TDI (036);
RUNTEST 18 TCK;
SIR 10 TDI (026);
RUNTEST 8 TCK;
SDR 64 TDI (FFFFFFFFFFFFFFFF) TDO (7FF7FFF5FFFFFFF7);
SIR 10 TDI (032);
RUNTEST 18 TCK;
SIR 10 TDI (026);
RUNTEST 8 TCK;
SDR 64 TDI (FFFFFFFFFFFFFFFF) TDO (7FF7FFF5FFFFFFF7);
SIR 10 TDI (01E);
RUNTEST 8 TCK;
SDR 273 TDI (000000000000000000000000000000000000080000000000000000000000000000000);
SIR 10 TDI (012);
RUNTEST 8 TCK;
SIR 10 TDI (016);
RUNTEST 8 TCK;
SDR 320 TDI (84210842108421084210842108421084210842108421084210842108421084210842108421084210);
SIR 10 TDI (01A);
RUNTEST 8 TCK;
SDR 320 TDI (84210842108421084210842108421084210842108421084210842108421084210842108421084210);
SIR 10 TDI (036);
RUNTEST 18 TCK;
SIR 10 TDI (022);
RUNTEST 8 TCK;
SDR 64 TDI (FFFFFFFFFFFFFFFF) TDO (FFFFFFFFFFFFFFFF) MASK (FFFFFFFFFFFFFFFF);
SIR 10 TDI (032);
RUNTEST 18 TCK;
SIR 10 TDI (022);
RUNTEST 8 TCK;
SDR 64 TDI (FFFFFFFFFFFFFFFF) TDO (FFFFFFFFFFFFFFFF);
SIR 10 TDI (036);
RUNTEST 18 TCK;
SIR 10 TDI (026);
RUNTEST 8 TCK;
SDR 64 TDI (FFFFFFFFFFFFFFFF) TDO (FFFFFFFFFFFFFFFF);
SIR 10 TDI (032);
RUNTEST 18 TCK;
SIR 10 TDI (026);
RUNTEST 8 TCK;
SDR 64 TDI (FFFFFFFFFFFFFFFF) TDO (FFFFFFFFFFFFFFFF);
SIR 10 TDI (01E);
RUNTEST 8 TCK;
SDR 273 TDI (000000000000000000000000000000000000040000000000000000000000000000000);
SIR 10 TDI (012);
RUNTEST 8 TCK;
SIR 10 TDI (016);
RUNTEST 8 TCK;
SDR 320 TDI (84210842108421084210842108421084210842108421084210842108421084210842108421084210);
SIR 10 TDI (01A);
RUNTEST 8 TCK;
SDR 320 TDI (84210842108421084210842108421084210842108421084210842108421084210842108421084210);
SIR 10 TDI (036);
RUNTEST 18 TCK;
SIR 10 TDI (022);
RUNTEST 8 TCK;
SDR 64 TDI (FFFFFFFFFFFFFFFF) TDO (FFFFFFFFFFFFFFFF) MASK (FFFFFFFFFFFFFFFF);
SIR 10 TDI (032);
RUNTEST 18 TCK;
SIR 10 TDI (022);
RUNTEST 8 TCK;
SDR 64 TDI (FFFFFFFFFFFFFFFF) TDO (FFFFFFFFFFFFFFFF);
SIR 10 TDI (036);
RUNTEST 18 TCK;
SIR 10 TDI (026);
RUNTEST 8 TCK;
SDR 64 TDI (FFFFFFFFFFFFFFFF) TDO (FFFFFFFFFFFFFFFF);
SIR 10 TDI (032);
RUNTEST 18 TCK;
SIR 10 TDI (026);
RUNTEST 8 TCK;
SDR 64 TDI (FFFFFFFFFFFFFFFF) TDO (FFFFFFFFFFFFFFFF);
SIR 10 TDI (01E);
RUNTEST 8 TCK;
SDR 273 TDI (000000000000000000000000000000000000020000000000000000000000000000000);
SIR 10 TDI (012);
RUNTEST 8 TCK;
SIR 10 TDI (016);
RUNTEST 8 TCK;
SDR 320 TDI (84210842108421084210842108421084210842108421084210842108421084210842108421084210);
SIR 10 TDI (01A);
RUNTEST 8 TCK;
SDR 320 TDI (84210842108421084210842108421084210842108421084210842108421084210842108421084210);
SIR 10 TDI (036);
RUNTEST 18 TCK;
SIR 10 TDI (022);
RUNTEST 8 TCK;
SDR 64 TDI (FFFFFFFFFFFFFFFF) TDO (7FFFFFFF7FFF7F7F) MASK (FFFFFFFFFFFFFFFF);
SIR 10 TDI (032);
RUNTEST 18 TCK;
SIR 10 TDI (022);
RUNTEST 8 TCK;
SDR 64 TDI (FFFFFFFFFFFFFFFF) TDO (7FFFFFFF7FFF7F7F);
SIR 10 TDI (036);
RUNTEST 18 TCK;
SIR 10 TDI (026);
RUNTEST 8 TCK;
SDR 64 TDI (FFFFFFFFFFFFFFFF) TDO (FFFEFFFFFFFEFFDF);
SIR 10 TDI (032);
RUNTEST 18 TCK;
SIR 10 TDI (026);
RUNTEST 8 TCK;
SDR 64 TDI (FFFFFFFFFFFFFFFF) TDO (FFFEFFFFFFFEFFDF);
SIR 10 TDI (01E);
RUNTEST 8 TCK;
SDR 273 TDI (000000000000000000000000000000000000010000000000000000000000000000000);
SIR 10 TDI (012);
RUNTEST 8 TCK;
SIR 10 TDI (016);
RUNTEST 8 TCK;
SDR 320 TDI (84210842108421084210842108421084210842108421084210842108421084210842108421084210);
SIR 10 TDI (01A);
RUNTEST 8 TCK;
SDR 320 TDI (84210842108421084210842108421084210842108421084210842108421084210842108421084210);
SIR 10 TDI (036);
RUNTEST 18 TCK;
SIR 10 TDI (022);
RUNTEST 8 TCK;
SDR 64 TDI (FFFFFFFFFFFFFFFF) TDO (F7FFF7FFF7FFD7FF) MASK (FFFFFFFFFFFFFFFF);
SIR 10 TDI (032);
RUNTEST 18 TCK;
SIR 10 TDI (022);
RUNTEST 8 TCK;
SDR 64 TDI (FFFFFFFFFFFFFFFF) TDO (F7FFF7FFF7FFD7FF);
SIR 10 TDI (036);
RUNTEST 18 TCK;
SIR 10 TDI (026);
RUNTEST 8 TCK;
SDR 64 TDI (FFFFFFFFFFFFFFFF) TDO (FFFFFFFFFFFFFFFF);
SIR 10 TDI (032);
RUNTEST 18 TCK;
SIR 10 TDI (026);
RUNTEST 8 TCK;
SDR 64 TDI (FFFFFFFFFFFFFFFF) TDO (FFFFFFFFFFFFFFFF);
SIR 10 TDI (01E);
RUNTEST 8 TCK;
SDR 273 TDI (000000000000000000000000000000000000008000000000000000000000000000000);
SIR 10 TDI (012);
RUNTEST 8 TCK;
SIR 10 TDI (016);
RUNTEST 8 TCK;
SDR 320 TDI (84210842108421084210842108421084210842108421084210842108421084210842108421084210);
SIR 10 TDI (01A);
RUNTEST 8 TCK;
SDR 320 TDI (84210842108421084210842108421084210842108421084210842108421084210842108421084210);
SIR 10 TDI (036);
RUNTEST 18 TCK;
SIR 10 TDI (022);
RUNTEST 8 TCK;
SDR 64 TDI (FFFFFFFFFFFFFFFF) TDO (DFFFDFFFFFFFFFFF) MASK (FFFFFFFFFFFFFFFF);
SIR 10 TDI (032);
RUNTEST 18 TCK;
SIR 10 TDI (022);
RUNTEST 8 TCK;
SDR 64 TDI (FFFFFFFFFFFFFFFF) TDO (DFFFDFFFFFFFFFFF);
SIR 10 TDI (036);
RUNTEST 18 TCK;
SIR 10 TDI (026);
RUNTEST 8 TCK;
SDR 64 TDI (FFFFFFFFFFFFFFFF) TDO (FFDFFFDFFFD7FFFF);
SIR 10 TDI (032);
RUNTEST 18 TCK;
SIR 10 TDI (026);
RUNTEST 8 TCK;
SDR 64 TDI (FFFFFFFFFFFFFFFF) TDO (FFDFFFDFFFD7FFFF);
SIR 10 TDI (01E);
RUNTEST 8 TCK;
SDR 273 TDI (000000000000000000000000000000000000004000000000000000000000000000000);
SIR 10 TDI (012);
RUNTEST 8 TCK;
SIR 10 TDI (016);
RUNTEST 8 TCK;
SDR 320 TDI (84210842108421084210842108421084210842108421084210842108421084210842108421084210);
SIR 10 TDI (01A);
RUNTEST 8 TCK;
SDR 320 TDI (84210842108421084210842108421084210842108421084210842108421084210842108421084210);
SIR 10 TDI (036);
RUNTEST 18 TCK;
SIR 10 TDI (022);
RUNTEST 8 TCK;
SDR 64 TDI (FFFFFFFFFFFFFFFF) TDO (F7DEFF779F56FDF7) MASK (FFFFFFFFFFFFFFFF);
SIR 10 TDI (032);
RUNTEST 18 TCK;
SIR 10 TDI (022);
RUNTEST 8 TCK;
SDR 64 TDI (FFFFFFFFFFFFFFFF) TDO (F7DEFF779F56FDF7);
SIR 10 TDI (036);
RUNTEST 18 TCK;
SIR 10 TDI (026);
RUNTEST 8 TCK;
SDR 64 TDI (FFFFFFFFFFFFFFFF) TDO (7DFD55755DDDFD7D);
SIR 10 TDI (032);
RUNTEST 18 TCK;
SIR 10 TDI (026);
RUNTEST 8 TCK;
SDR 64 TDI (FFFFFFFFFFFFFFFF) TDO (7DFD55755DDDFD7D);
SIR 10 TDI (01E);
RUNTEST 8 TCK;
SDR 273 TDI (000000000000000000000000000000000000002000000000000000000000000000000);
SIR 10 TDI (012);
RUNTEST 8 TCK;
SIR 10 TDI (016);
RUNTEST 8 TCK;
SDR 320 TDI (84210842108421084210842108421084210842108421084210842108421084210842108421084210);
SIR 10 TDI (01A);
RUNTEST 8 TCK;
SDR 320 TDI (84210842108421084210842108421084210842108421084210842108421084210842108421084210);
SIR 10 TDI (036);
RUNTEST 18 TCK;
SIR 10 TDI (022);
RUNTEST 8 TCK;
SDR 64 TDI (FFFFFFFFFFFFFFFF) TDO (DDFFFD55BD7CFFFF) MASK (FFFFFFFFFFFFFFFF);
SIR 10 TDI (032);
RUNTEST 18 TCK;
SIR 10 TDI (022);
RUNTEST 8 TCK;
SDR 64 TDI (FFFFFFFFFFFFFFFF) TDO (DDFFFD55BD7CFFFF);
SIR 10 TDI (036);
RUNTEST 18 TCK;
SIR 10 TDI (026);
RUNTEST 8 TCK;
SDR 64 TDI (FFFFFFFFFFFFFFFF) TDO (5FF555D4D554775E);
SIR 10 TDI (032);
RUNTEST 18 TCK;
SIR 10 TDI (026);
RUNTEST 8 TCK;
SDR 64 TDI (FFFFFFFFFFFFFFFF) TDO (5FF555D4D554775E);
SIR 10 TDI (01E);
RUNTEST 8 TCK;
SDR 273 TDI (000000000000000000000000000000000000001000000000000000000000000000000);
SIR 10 TDI (012);
RUNTEST 8 TCK;
SIR 10 TDI (016);
RUNTEST 8 TCK;
SDR 320 TDI (84210842108421084210842108421084210842108421084210842108421084210842108421084210);
SIR 10 TDI (01A);
RUNTEST 8 TCK;
SDR 320 TDI (84210842108421084210842108421084210842108421084210842108421084210842108421084210);
SIR 10 TDI (036);
RUNTEST 18 TCK;
SIR 10 TDI (022);
RUNTEST 8 TCK;
SDR 64 TDI (FFFFFFFFFFFFFFFF) TDO (FFFFFFDF7F7FFFFF) MASK (FFFFFFFFFFFFFFFF);
SIR 10 TDI (032);
RUNTEST 18 TCK;
SIR 10 TDI (022);
RUNTEST 8 TCK;
SDR 64 TDI (FFFFFFFFFFFFFFFF) TDO (FFFFFFDF7F7FFFFF);
SIR 10 TDI (036);
RUNTEST 18 TCK;
SIR 10 TDI (026);
RUNTEST 8 TCK;
SDR 64 TDI (FFFFFFFFFFFFFFFF) TDO (DF7FFFFFFDFFFFFF);
SIR 10 TDI (032);
RUNTEST 18 TCK;
SIR 10 TDI (026);
RUNTEST 8 TCK;
SDR 64 TDI (FFFFFFFFFFFFFFFF) TDO (DF7FFFFFFDFFFFFF);
SIR 10 TDI (01E);
RUNTEST 8 TCK;
SDR 273 TDI (000000000000000000000000000000000000000800000000000000000000000000000);
SIR 10 TDI (012);
RUNTEST 8 TCK;
SIR 10 TDI (016);
RUNTEST 8 TCK;
SDR 320 TDI (84210842108421084210842108421084210842108421084210842108421084210842108421084210);
SIR 10 TDI (01A);
RUNTEST 8 TCK;
SDR 320 TDI (84210842108421084210842108421084210842108421084210842108421084210842108421084210);
SIR 10 TDI (036);
RUNTEST 18 TCK;
SIR 10 TDI (022);
RUNTEST 8 TCK;
SDR 64 TDI (FFFFFFFFFFFFFFFF) TDO (FFFFFFFFFFF7FFF7) MASK (FFFFFFFFFFFFFFFF);
SIR 10 TDI (032);
RUNTEST 18 TCK;
SIR 10 TDI (022);
RUNTEST 8 TCK;
SDR 64 TDI (FFFFFFFFFFFFFFFF) TDO (FFFFFFFFFFF7FFF7);
SIR 10 TDI (036);
RUNTEST 18 TCK;
SIR 10 TDI (026);
RUNTEST 8 TCK;
SDR 64 TDI (FFFFFFFFFFFFFFFF) TDO (FFFFFFFFFFFFFFFF);
SIR 10 TDI (032);
RUNTEST 18 TCK;
SIR 10 TDI (026);
RUNTEST 8 TCK;
SDR 64 TDI (FFFFFFFFFFFFFFFF) TDO (FFFFFFFFFFFFFFFF);
SIR 10 TDI (01E);
RUNTEST 8 TCK;
SDR 273 TDI (000000000000000000000000000000000000000400000000000000000000000000000);
SIR 10 TDI (012);
RUNTEST 8 TCK;
SIR 10 TDI (016);
RUNTEST 8 TCK;
SDR 320 TDI (84210842108421084210842108421084210842108421084210842108421084210842108421084210);
SIR 10 TDI (01A);
RUNTEST 8 TCK;
SDR 320 TDI (84210842108421084210842108421084210842108421084210842108421084210842108421084210);
SIR 10 TDI (036);
RUNTEST 18 TCK;
SIR 10 TDI (022);
RUNTEST 8 TCK;
SDR 64 TDI (FFFFFFFFFFFFFFFF) TDO (FFFFFDFFFFFFFFFF) MASK (FFFFFFFFFFFFFFFF);
SIR 10 TDI (032);
RUNTEST 18 TCK;
SIR 10 TDI (022);
RUNTEST 8 TCK;
SDR 64 TDI (FFFFFFFFFFFFFFFF) TDO (FFFFFDFFFFFFFFFF);
SIR 10 TDI (036);
RUNTEST 18 TCK;
SIR 10 TDI (026);
RUNTEST 8 TCK;
SDR 64 TDI (FFFFFFFFFFFFFFFF) TDO (FFFFFFFFFFFFFFFF);
SIR 10 TDI (032);
RUNTEST 18 TCK;
SIR 10 TDI (026);
RUNTEST 8 TCK;
SDR 64 TDI (FFFFFFFFFFFFFFFF) TDO (FFFFFFFFFFFFFFFF);
SIR 10 TDI (01E);
RUNTEST 8 TCK;
SDR 273 TDI (000000000000000000000000000000000000000200000000000000000000000000000);
SIR 10 TDI (012);
RUNTEST 8 TCK;
SIR 10 TDI (016);
RUNTEST 8 TCK;
SDR 320 TDI (84210842108421084210842108421084210842108421084210842108421084210842108421084210);
SIR 10 TDI (01A);
RUNTEST 8 TCK;
SDR 320 TDI (84210842108421084210842108421084210842108421084210842108421084210842108421084210);
SIR 10 TDI (036);
RUNTEST 18 TCK;
SIR 10 TDI (022);
RUNTEST 8 TCK;
SDR 64 TDI (FFFFFFFFFFFFFFFF) TDO (FFF5FFF7FFFFFFFF) MASK (FFFFFFFFFFFFFFFF);
SIR 10 TDI (032);
RUNTEST 18 TCK;
SIR 10 TDI (022);
RUNTEST 8 TCK;
SDR 64 TDI (FFFFFFFFFFFFFFFF) TDO (FFF5FFF7FFFFFFFF);
SIR 10 TDI (036);
RUNTEST 18 TCK;
SIR 10 TDI (026);
RUNTEST 8 TCK;
SDR 64 TDI (FFFFFFFFFFFFFFFF) TDO (FFFFFFFFFFFFFFF7);
SIR 10 TDI (032);
RUNTEST 18 TCK;
SIR 10 TDI (026);
RUNTEST 8 TCK;
SDR 64 TDI (FFFFFFFFFFFFFFFF) TDO (FFFFFFFFFFFFFFF7);
SIR 10 TDI (01E);
RUNTEST 8 TCK;
SDR 273 TDI (000000000000000000000000000000000000000100000000000000000000000000000);
SIR 10 TDI (012);
RUNTEST 8 TCK;
SIR 10 TDI (016);
RUNTEST 8 TCK;
SDR 320 TDI (84210842108421084210842108421084210842108421084210842108421084210842108421084210);
SIR 10 TDI (01A);
RUNTEST 8 TCK;
SDR 320 TDI (84210842108421084210842108421084210842108421084210842108421084210842108421084210);
SIR 10 TDI (036);
RUNTEST 18 TCK;
SIR 10 TDI (022);
RUNTEST 8 TCK;
SDR 64 TDI (FFFFFFFFFFFFFFFF) TDO (DFFF5FFFDFFFDFFF) MASK (FFFFFFFFFFFFFFFF);
SIR 10 TDI (032);
RUNTEST 18 TCK;
SIR 10 TDI (022);
RUNTEST 8 TCK;
SDR 64 TDI (FFFFFFFFFFFFFFFF) TDO (DFFF5FFFDFFFDFFF);
SIR 10 TDI (036);
RUNTEST 18 TCK;
SIR 10 TDI (026);
RUNTEST 8 TCK;
SDR 64 TDI (FFFFFFFFFFFFFFFF) TDO (F7FFFFFFFFFFFF7D);
SIR 10 TDI (032);
RUNTEST 18 TCK;
SIR 10 TDI (026);
RUNTEST 8 TCK;
SDR 64 TDI (FFFFFFFFFFFFFFFF) TDO (F7FFFFFFFFFFFF7D);
SIR 10 TDI (01E);
RUNTEST 8 TCK;
SDR 273 TDI (000000000000000000000000000000000000000080000000000000000000000000000);
SIR 10 TDI (012);
RUNTEST 8 TCK;
SIR 10 TDI (016);
RUNTEST 8 TCK;
SDR 320 TDI (84210842108421084210842108421084210842108421084210842108421084210842108421084210);
SIR 10 TDI (01A);
RUNTEST 8 TCK;
SDR 320 TDI (84210842108421084210842108421084210842108421084210842108421084210842108421084210);
SIR 10 TDI (036);
RUNTEST 18 TCK;
SIR 10 TDI (022);
RUNTEST 8 TCK;
SDR 64 TDI (FFFFFFFFFFFFFFFF) TDO (F7FFF7FFB7FFF7FD) MASK (FFFFFFFFFFFFFFFF);
SIR 10 TDI (032);
RUNTEST 18 TCK;
SIR 10 TDI (022);
RUNTEST 8 TCK;
SDR 64 TDI (FFFFFFFFFFFFFFFF) TDO (F7FFF7FFB7FFF7FD);
SIR 10 TDI (036);
RUNTEST 18 TCK;
SIR 10 TDI (026);
RUNTEST 8 TCK;
SDR 64 TDI (FFFFFFFFFFFFFFFF) TDO (FDF6FDDFFFFFFFDF);
SIR 10 TDI (032);
RUNTEST 18 TCK;
SIR 10 TDI (026);
RUNTEST 8 TCK;
SDR 64 TDI (FFFFFFFFFFFFFFFF) TDO (FDF6FDDFFFFFFFDF);
SIR 10 TDI (01E);
RUNTEST 8 TCK;
SDR 273 TDI (000000000000000000000000000000000000000040000000000000000000000000000);
SIR 10 TDI (012);
RUNTEST 8 TCK;
SIR 10 TDI (016);
RUNTEST 8 TCK;
SDR 320 TDI (84210842108421084210842108421084210842108421084210842108421084210842108421084210);
SIR 10 TDI (01A);
RUNTEST 8 TCK;
SDR 320 TDI (84210842108421084210842108421084210842108421084210842108421084210842108421084210);
SIR 10 TDI (036);
RUNTEST 18 TCK;
SIR 10 TDI (022);
RUNTEST 8 TCK;
SDR 64 TDI (FFFFFFFFFFFFFFFF) TDO (FFFFFFFFFFFFFFFF) MASK (FFFFFFFFFFFFFFFF);
SIR 10 TDI (032);
RUNTEST 18 TCK;
SIR 10 TDI (022);
RUNTEST 8 TCK;
SDR 64 TDI (FFFFFFFFFFFFFFFF) TDO (FFFFFFFFFFFFFFFF);
SIR 10 TDI (036);
RUNTEST 18 TCK;
SIR 10 TDI (026);
RUNTEST 8 TCK;
SDR 64 TDI (FFFFFFFFFFFFFFFF) TDO (FFFFFFFFF7FFFFFF);
SIR 10 TDI (032);
RUNTEST 18 TCK;
SIR 10 TDI (026);
RUNTEST 8 TCK;
SDR 64 TDI (FFFFFFFFFFFFFFFF) TDO (FFFFFFFFF7FFFFFF);
SIR 10 TDI (01E);
RUNTEST 8 TCK;
SDR 273 TDI (000000000000000000000000000000000000000020000000000000000000000000000);
SIR 10 TDI (012);
RUNTEST 8 TCK;
SIR 10 TDI (016);
RUNTEST 8 TCK;
SDR 320 TDI (84210842108421084210842108421084210842108421084210842108421084210842108421084210);
SIR 10 TDI (01A);
RUNTEST 8 TCK;
SDR 320 TDI (84210842108421084210842108421084210842108421084210842108421084210842108421084210);
SIR 10 TDI (036);
RUNTEST 18 TCK;
SIR 10 TDI (022);
RUNTEST 8 TCK;
SDR 64 TDI (FFFFFFFFFFFFFFFF) TDO (FFFEFFFDFFFFFFFF) MASK (FFFFFFFFFFFFFFFF);
SIR 10 TDI (032);
RUNTEST 18 TCK;
SIR 10 TDI (022);
RUNTEST 8 TCK;
SDR 64 TDI (FFFFFFFFFFFFFFFF) TDO (FFFEFFFDFFFFFFFF);
SIR 10 TDI (036);
RUNTEST 18 TCK;
SIR 10 TDI (026);
RUNTEST 8 TCK;
SDR 64 TDI (FFFFFFFFFFFFFFFF) TDO (FFFDFFFFFFDDFFFF);
SIR 10 TDI (032);
RUNTEST 18 TCK;
SIR 10 TDI (026);
RUNTEST 8 TCK;
SDR 64 TDI (FFFFFFFFFFFFFFFF) TDO (FFFDFFFFFFDDFFFF);
SIR 10 TDI (01E);
RUNTEST 8 TCK;
SDR 273 TDI (000000000000000000000000000000000000000010000000000000000000000000000);
SIR 10 TDI (012);
RUNTEST 8 TCK;
SIR 10 TDI (016);
RUNTEST 8 TCK;
SDR 320 TDI (84210842108421084210842108421084210842108421084210842108421084210842108421084210);
SIR 10 TDI (01A);
RUNTEST 8 TCK;
SDR 320 TDI (84210842108421084210842108421084210842108421084210842108421084210842108421084210);
SIR 10 TDI (036);
RUNTEST 18 TCK;
SIR 10 TDI (022);
RUNTEST 8 TCK;
SDR 64 TDI (FFFFFFFFFFFFFFFF) TDO (FFFFFFFFFFFFFDFF) MASK (FFFFFFFFFFFFFFFF);
SIR 10 TDI (032);
RUNTEST 18 TCK;
SIR 10 TDI (022);
RUNTEST 8 TCK;
SDR 64 TDI (FFFFFFFFFFFFFFFF) TDO (FFFFFFFFFFFFFDFF);
SIR 10 TDI (036);
RUNTEST 18 TCK;
SIR 10 TDI (026);
RUNTEST 8 TCK;
SDR 64 TDI (FFFFFFFFFFFFFFFF) TDO (FFFFFFFFFFFFFFFF);
SIR 10 TDI (032);
RUNTEST 18 TCK;
SIR 10 TDI (026);
RUNTEST 8 TCK;
SDR 64 TDI (FFFFFFFFFFFFFFFF) TDO (FFFFFFFFFFFFFFFF);
SIR 10 TDI (01E);
RUNTEST 8 TCK;
SDR 273 TDI (000000000000000000000000000000000000000008000000000000000000000000000);
SIR 10 TDI (012);
RUNTEST 8 TCK;
SIR 10 TDI (016);
RUNTEST 8 TCK;
SDR 320 TDI (84210842108421084210842108421084210842108421084210842108421084210842108421084210);
SIR 10 TDI (01A);
RUNTEST 8 TCK;
SDR 320 TDI (84210842108421084210842108421084210842108421084210842108421084210842108421084210);
SIR 10 TDI (036);
RUNTEST 18 TCK;
SIR 10 TDI (022);
RUNTEST 8 TCK;
SDR 64 TDI (FFFFFFFFFFFFFFFF) TDO (7FFFFFFFFFFFFFFF) MASK (FFFFFFFFFFFFFFFF);
SIR 10 TDI (032);
RUNTEST 18 TCK;
SIR 10 TDI (022);
RUNTEST 8 TCK;
SDR 64 TDI (FFFFFFFFFFFFFFFF) TDO (7FFFFFFFFFFFFFFF);
SIR 10 TDI (036);
RUNTEST 18 TCK;
SIR 10 TDI (026);
RUNTEST 8 TCK;
SDR 64 TDI (FFFFFFFFFFFFFFFF) TDO (FFFFFFFFFFFFFFFF);
SIR 10 TDI (032);
RUNTEST 18 TCK;
SIR 10 TDI (026);
RUNTEST 8 TCK;
SDR 64 TDI (FFFFFFFFFFFFFFFF) TDO (FFFFFFFFFFFFFFFF);
SIR 10 TDI (01E);
RUNTEST 8 TCK;
SDR 273 TDI (000000000000000000000000000000000000000004000000000000000000000000000);
SIR 10 TDI (012);
RUNTEST 8 TCK;
SIR 10 TDI (016);
RUNTEST 8 TCK;
SDR 320 TDI (84210842108421084210842108421084210842108421084210842108421084210842108421084210);
SIR 10 TDI (01A);
RUNTEST 8 TCK;
SDR 320 TDI (84210842108421084210842108421084210842108421084210842108421084210842108421084210);
SIR 10 TDI (036);
RUNTEST 18 TCK;
SIR 10 TDI (022);
RUNTEST 8 TCK;
SDR 64 TDI (FFFFFFFFFFFFFFFF) TDO (FFFFFFFFFFFFFF7F) MASK (FFFFFFFFFFFFFFFF);
SIR 10 TDI (032);
RUNTEST 18 TCK;
SIR 10 TDI (022);
RUNTEST 8 TCK;
SDR 64 TDI (FFFFFFFFFFFFFFFF) TDO (FFFFFFFFFFFFFF7F);
SIR 10 TDI (036);
RUNTEST 18 TCK;
SIR 10 TDI (026);
RUNTEST 8 TCK;
SDR 64 TDI (FFFFFFFFFFFFFFFF) TDO (FFFFFFFFFFF7FFFF);
SIR 10 TDI (032);
RUNTEST 18 TCK;
SIR 10 TDI (026);
RUNTEST 8 TCK;
SDR 64 TDI (FFFFFFFFFFFFFFFF) TDO (FFFFFFFFFFF7FFFF);
SIR 10 TDI (01E);
RUNTEST 8 TCK;
SDR 273 TDI (000000000000000000000000000000000000000002000000000000000000000000000);
SIR 10 TDI (012);
RUNTEST 8 TCK;
SIR 10 TDI (016);
RUNTEST 8 TCK;
SDR 320 TDI (84210842108421084210842108421084210842108421084210842108421084210842108421084210);
SIR 10 TDI (01A);
RUNTEST 8 TCK;
SDR 320 TDI (84210842108421084210842108421084210842108421084210842108421084210842108421084210);
SIR 10 TDI (036);
RUNTEST 18 TCK;
SIR 10 TDI (022);
RUNTEST 8 TCK;
SDR 64 TDI (FFFFFFFFFFFFFFFF) TDO (FFFFFFFFFFDFFFDF) MASK (FFFFFFFFFFFFFFFF);
SIR 10 TDI (032);
RUNTEST 18 TCK;
SIR 10 TDI (022);
RUNTEST 8 TCK;
SDR 64 TDI (FFFFFFFFFFFFFFFF) TDO (FFFFFFFFFFDFFFDF);
SIR 10 TDI (036);
RUNTEST 18 TCK;
SIR 10 TDI (026);
RUNTEST 8 TCK;
SDR 64 TDI (FFFFFFFFFFFFFFFF) TDO (FFDFFFFFFFFFFFFF);
SIR 10 TDI (032);
RUNTEST 18 TCK;
SIR 10 TDI (026);
RUNTEST 8 TCK;
SDR 64 TDI (FFFFFFFFFFFFFFFF) TDO (FFDFFFFFFFFFFFFF);
SIR 10 TDI (01E);
RUNTEST 8 TCK;
SDR 273 TDI (000000000000000000000000000000000000000001000000000000000000000000000);
SIR 10 TDI (012);
RUNTEST 8 TCK;
SIR 10 TDI (016);
RUNTEST 8 TCK;
SDR 320 TDI (84210842108421084210842108421084210842108421084210842108421084210842108421084210);
SIR 10 TDI (01A);
RUNTEST 8 TCK;
SDR 320 TDI (84210842108421084210842108421084210842108421084210842108421084210842108421084210);
SIR 10 TDI (036);
RUNTEST 18 TCK;
SIR 10 TDI (022);
RUNTEST 8 TCK;
SDR 64 TDI (FFFFFFFFFFFFFFFF) TDO (FFFFFFFFFFFFFFFF) MASK (FFFFFFFFFFFFFFFF);
SIR 10 TDI (032);
RUNTEST 18 TCK;
SIR 10 TDI (022);
RUNTEST 8 TCK;
SDR 64 TDI (FFFFFFFFFFFFFFFF) TDO (FFFFFFFFFFFFFFFF);
SIR 10 TDI (036);
RUNTEST 18 TCK;
SIR 10 TDI (026);
RUNTEST 8 TCK;
SDR 64 TDI (FFFFFFFFFFFFFFFF) TDO (FFFFFFFFFFFFFFFF);
SIR 10 TDI (032);
RUNTEST 18 TCK;
SIR 10 TDI (026);
RUNTEST 8 TCK;
SDR 64 TDI (FFFFFFFFFFFFFFFF) TDO (FFFFFFFFFFFFFFFF);
SIR 10 TDI (079);
RUNTEST 1003 TCK;
SIR 10 TDI (03E);
RUNTEST 1000 TCK;
STATE IDLE;
